2025-10-21 12:22:16.713 INFO  [background-preinit] [] o.h.validator.internal.util.Version - HV000001: Hibernate Validator 8.0.3.Final
2025-10-21 12:22:16.744 INFO  [restartedMain] [] c.b.i.Ict05FinalAdminApplication - Starting Ict05FinalAdminApplication using Java 17.0.12 with PID 4788 (D:\DEV05\workspace_IntelliJ\ict05_final_project\ict05_final_admin\build\classes\java\main started by ict1 in D:\DEV05\workspace_IntelliJ\ict05_final_project\ict05_final_admin)
2025-10-21 12:22:16.744 DEBUG [restartedMain] [] c.b.i.Ict05FinalAdminApplication - Running with Spring Boot v3.5.6, Spring v6.2.11
2025-10-21 12:22:16.744 INFO  [restartedMain] [] c.b.i.Ict05FinalAdminApplication - The following 1 profile is active: "dev"
2025-10-21 12:22:16.782 INFO  [restartedMain] [] o.s.b.d.e.DevToolsPropertyDefaultsPostProcessor - Devtools property defaults active! Set 'spring.devtools.add-properties' to 'false' to disable
2025-10-21 12:22:16.782 INFO  [restartedMain] [] o.s.b.d.e.DevToolsPropertyDefaultsPostProcessor - For additional web related logging consider setting the 'logging.level.web' property to 'DEBUG'
2025-10-21 12:22:17.394 INFO  [restartedMain] [] o.s.d.r.c.RepositoryConfigurationDelegate - Bootstrapping Spring Data JPA repositories in DEFAULT mode.
2025-10-21 12:22:17.476 INFO  [restartedMain] [] o.s.d.r.c.RepositoryConfigurationDelegate - Finished Spring Data repository scanning in 57 ms. Found 7 JPA repository interfaces.
2025-10-21 12:22:18.078 INFO  [restartedMain] [] o.s.b.w.e.tomcat.TomcatWebServer - Tomcat initialized with port 8081 (http)
2025-10-21 12:22:18.087 INFO  [restartedMain] [] o.a.coyote.http11.Http11NioProtocol - Initializing ProtocolHandler ["http-nio-8081"]
2025-10-21 12:22:18.087 INFO  [restartedMain] [] o.a.catalina.core.StandardService - Starting service [Tomcat]
2025-10-21 12:22:18.087 INFO  [restartedMain] [] o.a.catalina.core.StandardEngine - Starting Servlet engine: [Apache Tomcat/10.1.46]
2025-10-21 12:22:18.175 INFO  [restartedMain] [] o.a.c.c.C.[.[localhost].[/admin] - Initializing Spring embedded WebApplicationContext
2025-10-21 12:22:18.175 INFO  [restartedMain] [] o.s.b.w.s.c.ServletWebServerApplicationContext - Root WebApplicationContext: initialization completed in 1393 ms
2025-10-21 12:22:18.426 INFO  [restartedMain] [] o.h.jpa.internal.util.LogHelper - HHH000204: Processing PersistenceUnitInfo [name: default]
2025-10-21 12:22:18.489 INFO  [restartedMain] [] org.hibernate.Version - HHH000412: Hibernate ORM core version 6.6.29.Final
2025-10-21 12:22:18.529 INFO  [restartedMain] [] o.h.c.i.RegionFactoryInitiator - HHH000026: Second-level cache disabled
2025-10-21 12:22:18.816 INFO  [restartedMain] [] o.s.o.j.p.SpringPersistenceUnitInfo - No LoadTimeWeaver setup: ignoring JPA class transformer
2025-10-21 12:22:18.848 INFO  [restartedMain] [] com.zaxxer.hikari.HikariDataSource - HikariPool-1 - Starting...
2025-10-21 12:22:19.015 INFO  [restartedMain] [] com.zaxxer.hikari.pool.HikariPool - HikariPool-1 - Added connection com.p6spy.engine.wrapper.ConnectionWrapper@2a9913b7
2025-10-21 12:22:19.016 INFO  [restartedMain] [] com.zaxxer.hikari.HikariDataSource - HikariPool-1 - Start completed.
2025-10-21 12:22:19.026 WARN  [restartedMain] [] org.hibernate.orm.deprecation - HHH90000025: MariaDBDialect does not need to be specified explicitly using 'hibernate.dialect' (remove the property setting and it will be selected by default)
2025-10-21 12:22:19.050 INFO  [restartedMain] [] o.hibernate.orm.connections.pooling - HHH10001005: Database info:
	Database JDBC URL [Connecting through datasource 'HikariDataSource (HikariPool-1)']
	Database driver: undefined/unknown
	Database version: 10.5.12
	Autocommit mode: undefined/unknown
	Isolation level: undefined/unknown
	Minimum pool size: undefined/unknown
	Maximum pool size: undefined/unknown
2025-10-21 12:22:19.645 INFO  [restartedMain] [] o.h.e.t.j.p.i.JtaPlatformInitiator - HHH000489: No JTA platform available (set 'hibernate.transaction.jta.platform' to enable JTA platform integration)
2025-10-21 12:22:19.860 INFO  [restartedMain] [] o.s.o.j.LocalContainerEntityManagerFactoryBean - Initialized JPA EntityManagerFactory for persistence unit 'default'
2025-10-21 12:22:20.441 WARN  [restartedMain] [] o.s.b.a.o.j.JpaBaseConfiguration$JpaWebConfiguration - spring.jpa.open-in-view is enabled by default. Therefore, database queries may be performed during view rendering. Explicitly configure spring.jpa.open-in-view to disable this warning
2025-10-21 12:22:20.490 INFO  [restartedMain] [] o.s.b.a.w.s.WelcomePageHandlerMapping - Adding welcome page template: index
2025-10-21 12:22:21.269 INFO  [restartedMain] [] o.s.b.d.a.OptionalLiveReloadServer - LiveReload server is running on port 35729
2025-10-21 12:22:21.288 INFO  [restartedMain] [] o.a.coyote.http11.Http11NioProtocol - Starting ProtocolHandler ["http-nio-8081"]
2025-10-21 12:22:21.307 INFO  [restartedMain] [] o.s.b.w.e.tomcat.TomcatWebServer - Tomcat started on port 8081 (http) with context path '/admin'
2025-10-21 12:22:21.317 INFO  [restartedMain] [] c.b.i.Ict05FinalAdminApplication - Started Ict05FinalAdminApplication in 4.977 seconds (process running for 5.247)
2025-10-21 12:22:56.555 INFO  [http-nio-8081-exec-3] [] o.a.c.c.C.[.[localhost].[/admin] - Initializing Spring DispatcherServlet 'dispatcherServlet'
2025-10-21 12:22:56.555 INFO  [http-nio-8081-exec-3] [] o.s.web.servlet.DispatcherServlet - Initializing Servlet 'dispatcherServlet'
2025-10-21 12:22:56.556 INFO  [http-nio-8081-exec-3] [] o.s.web.servlet.DispatcherServlet - Completed initialization in 1 ms
2025-10-21 12:23:03.053 INFO  [http-nio-8081-exec-5] [b1b80eec] p6spy - #1761016983053 | took 0ms | resultset | connection -1| url 
select n1_0.notice_id,n1_0.member_id_fk,n1_0.notice_category,n1_0.notice_priority,n1_0.notice_status,n1_0.is_show,n1_0.notice_title,n1_0.notice_content,n1_0.writer,n1_0.notice_count,n1_0.notice_reg_date from notice n1_0 order by n1_0.notice_id desc limit ?,?
1 = 100, 2 = 100, 3 = 'EVENT', 4 = 'IMPORTANT', 5 = 'DELETED', 6 = false, 7 = '공지 제목 100', 8 = '공지 내용 100', 9 = '작성자01', 10 = 500, 11 = '2025-10-19T12:30:47.079+0900';
2025-10-21 12:23:03.066 INFO  [http-nio-8081-exec-5] [b1b80eec] p6spy - #1761016983066 | took 0ms | resultset | connection -1| url 
select n1_0.notice_id,n1_0.member_id_fk,n1_0.notice_category,n1_0.notice_priority,n1_0.notice_status,n1_0.is_show,n1_0.notice_title,n1_0.notice_content,n1_0.writer,n1_0.notice_count,n1_0.notice_reg_date from notice n1_0 order by n1_0.notice_id desc limit ?,?
1 = 99, 2 = 99, 3 = 'SYSTEM', 4 = 'EMERGENCY', 5 = 'ACTIVE', 6 = true, 7 = '공지 제목 99', 8 = '공지 내용 99', 9 = '작성자10', 10 = 495, 11 = '2025-10-18T12:30:47.079+0900';
2025-10-21 12:23:03.069 INFO  [http-nio-8081-exec-5] [b1b80eec] p6spy - #1761016983066 | took 0ms | resultset | connection -1| url 
select n1_0.notice_id,n1_0.member_id_fk,n1_0.notice_category,n1_0.notice_priority,n1_0.notice_status,n1_0.is_show,n1_0.notice_title,n1_0.notice_content,n1_0.writer,n1_0.notice_count,n1_0.notice_reg_date from notice n1_0 order by n1_0.notice_id desc limit ?,?
1 = 98, 2 = 98, 3 = 'POLICY', 4 = 'NORMAL', 5 = 'INACTIVE', 6 = false, 7 = '공지 제목 98', 8 = '공지 내용 98', 9 = '작성자09', 10 = 490, 11 = '2025-10-17T12:30:47.079+0900';
2025-10-21 12:23:03.069 INFO  [http-nio-8081-exec-5] [b1b80eec] p6spy - #1761016983069 | took 0ms | resultset | connection -1| url 
select n1_0.notice_id,n1_0.member_id_fk,n1_0.notice_category,n1_0.notice_priority,n1_0.notice_status,n1_0.is_show,n1_0.notice_title,n1_0.notice_content,n1_0.writer,n1_0.notice_count,n1_0.notice_reg_date from notice n1_0 order by n1_0.notice_id desc limit ?,?
1 = 97, 2 = 97, 3 = 'NORMAL', 4 = 'IMPORTANT', 5 = 'DELETED', 6 = true, 7 = '공지 제목 97', 8 = '공지 내용 97', 9 = '작성자08', 10 = 485, 11 = '2025-10-16T12:30:47.079+0900';
2025-10-21 12:23:03.073 INFO  [http-nio-8081-exec-5] [b1b80eec] p6spy - #1761016983073 | took 0ms | resultset | connection -1| url 
select n1_0.notice_id,n1_0.member_id_fk,n1_0.notice_category,n1_0.notice_priority,n1_0.notice_status,n1_0.is_show,n1_0.notice_title,n1_0.notice_content,n1_0.writer,n1_0.notice_count,n1_0.notice_reg_date from notice n1_0 order by n1_0.notice_id desc limit ?,?
1 = 96, 2 = 96, 3 = 'EVENT', 4 = 'EMERGENCY', 5 = 'ACTIVE', 6 = false, 7 = '공지 제목 96', 8 = '공지 내용 96', 9 = '작성자07', 10 = 480, 11 = '2025-10-15T12:30:47.079+0900';
2025-10-21 12:23:03.077 INFO  [http-nio-8081-exec-5] [b1b80eec] p6spy - #1761016983077 | took 0ms | resultset | connection -1| url 
select n1_0.notice_id,n1_0.member_id_fk,n1_0.notice_category,n1_0.notice_priority,n1_0.notice_status,n1_0.is_show,n1_0.notice_title,n1_0.notice_content,n1_0.writer,n1_0.notice_count,n1_0.notice_reg_date from notice n1_0 order by n1_0.notice_id desc limit ?,?
1 = 95, 2 = 95, 3 = 'SYSTEM', 4 = 'NORMAL', 5 = 'INACTIVE', 6 = true, 7 = '공지 제목 95', 8 = '공지 내용 95', 9 = '작성자06', 10 = 475, 11 = '2025-10-14T12:30:47.079+0900';
2025-10-21 12:23:03.083 INFO  [http-nio-8081-exec-5] [b1b80eec] p6spy - #1761016983082 | took 0ms | resultset | connection -1| url 
select n1_0.notice_id,n1_0.member_id_fk,n1_0.notice_category,n1_0.notice_priority,n1_0.notice_status,n1_0.is_show,n1_0.notice_title,n1_0.notice_content,n1_0.writer,n1_0.notice_count,n1_0.notice_reg_date from notice n1_0 order by n1_0.notice_id desc limit ?,?
1 = 94, 2 = 94, 3 = 'POLICY', 4 = 'IMPORTANT', 5 = 'DELETED', 6 = false, 7 = '공지 제목 94', 8 = '공지 내용 94', 9 = '작성자05', 10 = 470, 11 = '2025-10-13T12:30:47.079+0900';
2025-10-21 12:23:03.083 INFO  [http-nio-8081-exec-5] [b1b80eec] p6spy - #1761016983083 | took 0ms | resultset | connection -1| url 
select n1_0.notice_id,n1_0.member_id_fk,n1_0.notice_category,n1_0.notice_priority,n1_0.notice_status,n1_0.is_show,n1_0.notice_title,n1_0.notice_content,n1_0.writer,n1_0.notice_count,n1_0.notice_reg_date from notice n1_0 order by n1_0.notice_id desc limit ?,?
1 = 93, 2 = 93, 3 = 'NORMAL', 4 = 'EMERGENCY', 5 = 'ACTIVE', 6 = true, 7 = '공지 제목 93', 8 = '공지 내용 93', 9 = '작성자04', 10 = 465, 11 = '2025-10-12T12:30:47.079+0900';
2025-10-21 12:23:03.084 INFO  [http-nio-8081-exec-5] [b1b80eec] p6spy - #1761016983084 | took 0ms | resultset | connection -1| url 
select n1_0.notice_id,n1_0.member_id_fk,n1_0.notice_category,n1_0.notice_priority,n1_0.notice_status,n1_0.is_show,n1_0.notice_title,n1_0.notice_content,n1_0.writer,n1_0.notice_count,n1_0.notice_reg_date from notice n1_0 order by n1_0.notice_id desc limit ?,?
1 = 92, 2 = 92, 3 = 'EVENT', 4 = 'NORMAL', 5 = 'INACTIVE', 6 = false, 7 = '공지 제목 92', 8 = '공지 내용 92', 9 = '작성자03', 10 = 460, 11 = '2025-10-11T12:30:47.079+0900';
2025-10-21 12:23:03.086 INFO  [http-nio-8081-exec-5] [b1b80eec] p6spy - #1761016983086 | took 0ms | resultset | connection -1| url 
select n1_0.notice_id,n1_0.member_id_fk,n1_0.notice_category,n1_0.notice_priority,n1_0.notice_status,n1_0.is_show,n1_0.notice_title,n1_0.notice_content,n1_0.writer,n1_0.notice_count,n1_0.notice_reg_date from notice n1_0 order by n1_0.notice_id desc limit ?,?
1 = 91, 2 = 91, 3 = 'SYSTEM', 4 = 'IMPORTANT', 5 = 'DELETED', 6 = true, 7 = '공지 제목 91', 8 = '공지 내용 91', 9 = '작성자02', 10 = 455, 11 = '2025-10-10T12:30:47.079+0900';
2025-10-21 12:23:03.240 INFO  [http-nio-8081-exec-5] [b1b80eec] p6spy - #1761016983240 | took 0ms | resultset | connection -1| url 
select count(n1_0.notice_id) from notice n1_0
1 = 100;
2025-10-21 12:23:16.553 INFO  [http-nio-8081-exec-9] [42a0d9df] p6spy - #1761016996553 | took 0ms | resultset | connection -1| url 
select m1_0.menu_id,m1_0.menu_code,m1_0.menu_show,m1_0.menu_name,m1_0.menu_price,m1_0.menu_kcal,mc1_0.menu_category_name from menu m1_0 join menu_category mc1_0 on mc1_0.menu_category_id=m1_0.menu_category_id_fk order by m1_0.menu_id desc limit ?,?
1 = 3, 2 = 'SI0001', 3 = true, 4 = '포테이토 팝 - 칠리 시즈닝', 5 = 2400.00, 6 = 0, 7 = '사이드';
2025-10-21 12:23:16.553 INFO  [http-nio-8081-exec-9] [42a0d9df] p6spy - #1761016996553 | took 0ms | resultset | connection -1| url 
select m1_0.menu_id,m1_0.menu_code,m1_0.menu_show,m1_0.menu_name,m1_0.menu_price,m1_0.menu_kcal,mc1_0.menu_category_name from menu m1_0 join menu_category mc1_0 on mc1_0.menu_category_id=m1_0.menu_category_id_fk order by m1_0.menu_id desc limit ?,?
1 = 1, 2 = 'TO0001', 3 = true, 4 = '햄치즈 토스트', 5 = 3300.00, 6 = 0, 7 = '토스트';
2025-10-21 12:23:16.582 INFO  [http-nio-8081-exec-9] [42a0d9df] p6spy - #1761016996582 | took 0ms | resultset | connection -1| url 
select count(distinct m1_0.menu_id) from menu m1_0
1 = 2;
2025-10-21 12:23:18.025 INFO  [http-nio-8081-exec-9] [d7c0b76b] p6spy - #1761016998025 | took 0ms | resultset | connection -1| url 
select s1_0.store_id,s1_0.store_name,s1_0.store_status,s1_0.store_phone,s1_0.store_monthly_sales from store s1_0 order by s1_0.store_id desc limit ?,?
1 = 20, 2 = '대전 둔산점', 3 = 'CLOSED', 4 = '042-678-9012', 5 = 0.00;
2025-10-21 12:23:18.025 INFO  [http-nio-8081-exec-9] [d7c0b76b] p6spy - #1761016998025 | took 0ms | resultset | connection -1| url 
select s1_0.store_id,s1_0.store_name,s1_0.store_status,s1_0.store_phone,s1_0.store_monthly_sales from store s1_0 order by s1_0.store_id desc limit ?,?
1 = 19, 2 = '울산 삼산점', 3 = 'OPERATING', 4 = '052-567-8901', 5 = 3500000.00;
2025-10-21 12:23:18.025 INFO  [http-nio-8081-exec-9] [d7c0b76b] p6spy - #1761016998025 | took 0ms | resultset | connection -1| url 
select s1_0.store_id,s1_0.store_name,s1_0.store_status,s1_0.store_phone,s1_0.store_monthly_sales from store s1_0 order by s1_0.store_id desc limit ?,?
1 = 18, 2 = '인천 부평점', 3 = 'OPERATING', 4 = '032-456-7890', 5 = 3000000.00;
2025-10-21 12:23:18.025 INFO  [http-nio-8081-exec-9] [d7c0b76b] p6spy - #1761016998025 | took 0ms | resultset | connection -1| url 
select s1_0.store_id,s1_0.store_name,s1_0.store_status,s1_0.store_phone,s1_0.store_monthly_sales from store s1_0 order by s1_0.store_id desc limit ?,?
1 = 17, 2 = '광주 충장로점', 3 = 'PREPARING', 4 = '062-345-6789', 5 = 2200000.00;
2025-10-21 12:23:18.026 INFO  [http-nio-8081-exec-9] [d7c0b76b] p6spy - #1761016998026 | took 0ms | resultset | connection -1| url 
select s1_0.store_id,s1_0.store_name,s1_0.store_status,s1_0.store_phone,s1_0.store_monthly_sales from store s1_0 order by s1_0.store_id desc limit ?,?
1 = 16, 2 = '대구 동성로점', 3 = 'OPERATING', 4 = '053-234-5678', 5 = 2500000.00;
2025-10-21 12:23:18.026 INFO  [http-nio-8081-exec-9] [d7c0b76b] p6spy - #1761016998026 | took 0ms | resultset | connection -1| url 
select s1_0.store_id,s1_0.store_name,s1_0.store_status,s1_0.store_phone,s1_0.store_monthly_sales from store s1_0 order by s1_0.store_id desc limit ?,?
1 = 15, 2 = '부산 해운대점', 3 = 'OPERATING', 4 = '051-123-4567', 5 = 5500000.00;
2025-10-21 12:23:18.026 INFO  [http-nio-8081-exec-9] [d7c0b76b] p6spy - #1761016998026 | took 0ms | resultset | connection -1| url 
select s1_0.store_id,s1_0.store_name,s1_0.store_status,s1_0.store_phone,s1_0.store_monthly_sales from store s1_0 order by s1_0.store_id desc limit ?,?
1 = 14, 2 = '잠실점', 3 = 'OPERATING', 4 = '02-4567-8901', 5 = 4000000.00;
2025-10-21 12:23:18.026 INFO  [http-nio-8081-exec-9] [d7c0b76b] p6spy - #1761016998026 | took 0ms | resultset | connection -1| url 
select s1_0.store_id,s1_0.store_name,s1_0.store_status,s1_0.store_phone,s1_0.store_monthly_sales from store s1_0 order by s1_0.store_id desc limit ?,?
1 = 13, 2 = '신촌점', 3 = 'PREPARING', 4 = '02-3456-7890', 5 = 2000000.00;
2025-10-21 12:23:18.027 INFO  [http-nio-8081-exec-9] [d7c0b76b] p6spy - #1761016998027 | took 0ms | resultset | connection -1| url 
select s1_0.store_id,s1_0.store_name,s1_0.store_status,s1_0.store_phone,s1_0.store_monthly_sales from store s1_0 order by s1_0.store_id desc limit ?,?
1 = 12, 2 = '홍대점', 3 = 'OPERATING', 4 = '02-2345-6789', 5 = 3000000.00;
2025-10-21 12:23:18.027 INFO  [http-nio-8081-exec-9] [d7c0b76b] p6spy - #1761016998027 | took 0ms | resultset | connection -1| url 
select s1_0.store_id,s1_0.store_name,s1_0.store_status,s1_0.store_phone,s1_0.store_monthly_sales from store s1_0 order by s1_0.store_id desc limit ?,?
1 = 11, 2 = '강남점', 3 = 'OPERATING', 4 = '02-1234-5678', 5 = 5000000.00;
2025-10-21 12:23:18.030 INFO  [http-nio-8081-exec-9] [d7c0b76b] p6spy - #1761016998030 | took 0ms | resultset | connection -1| url 
select count(s1_0.store_id) from store s1_0
1 = 20;
2025-10-21 12:23:24.213 INFO  [http-nio-8081-exec-2] [cf82746c] p6spy - #1761017004213 | took 0ms | resultset | connection -1| url 
select n1_0.notice_id,n1_0.member_id_fk,n1_0.notice_category,n1_0.notice_priority,n1_0.notice_status,n1_0.is_show,n1_0.notice_title,n1_0.notice_content,n1_0.writer,n1_0.notice_count,n1_0.notice_reg_date from notice n1_0 order by n1_0.notice_id desc limit ?,?
1 = 100, 2 = 100, 3 = 'EVENT', 4 = 'IMPORTANT', 5 = 'DELETED', 6 = false, 7 = '공지 제목 100', 8 = '공지 내용 100', 9 = '작성자01', 10 = 500, 11 = '2025-10-19T12:30:47.079+0900';
2025-10-21 12:23:24.213 INFO  [http-nio-8081-exec-2] [cf82746c] p6spy - #1761017004213 | took 0ms | resultset | connection -1| url 
select n1_0.notice_id,n1_0.member_id_fk,n1_0.notice_category,n1_0.notice_priority,n1_0.notice_status,n1_0.is_show,n1_0.notice_title,n1_0.notice_content,n1_0.writer,n1_0.notice_count,n1_0.notice_reg_date from notice n1_0 order by n1_0.notice_id desc limit ?,?
1 = 99, 2 = 99, 3 = 'SYSTEM', 4 = 'EMERGENCY', 5 = 'ACTIVE', 6 = true, 7 = '공지 제목 99', 8 = '공지 내용 99', 9 = '작성자10', 10 = 495, 11 = '2025-10-18T12:30:47.079+0900';
2025-10-21 12:23:24.213 INFO  [http-nio-8081-exec-2] [cf82746c] p6spy - #1761017004213 | took 0ms | resultset | connection -1| url 
select n1_0.notice_id,n1_0.member_id_fk,n1_0.notice_category,n1_0.notice_priority,n1_0.notice_status,n1_0.is_show,n1_0.notice_title,n1_0.notice_content,n1_0.writer,n1_0.notice_count,n1_0.notice_reg_date from notice n1_0 order by n1_0.notice_id desc limit ?,?
1 = 98, 2 = 98, 3 = 'POLICY', 4 = 'NORMAL', 5 = 'INACTIVE', 6 = false, 7 = '공지 제목 98', 8 = '공지 내용 98', 9 = '작성자09', 10 = 490, 11 = '2025-10-17T12:30:47.079+0900';
2025-10-21 12:23:24.214 INFO  [http-nio-8081-exec-2] [cf82746c] p6spy - #1761017004214 | took 0ms | resultset | connection -1| url 
select n1_0.notice_id,n1_0.member_id_fk,n1_0.notice_category,n1_0.notice_priority,n1_0.notice_status,n1_0.is_show,n1_0.notice_title,n1_0.notice_content,n1_0.writer,n1_0.notice_count,n1_0.notice_reg_date from notice n1_0 order by n1_0.notice_id desc limit ?,?
1 = 97, 2 = 97, 3 = 'NORMAL', 4 = 'IMPORTANT', 5 = 'DELETED', 6 = true, 7 = '공지 제목 97', 8 = '공지 내용 97', 9 = '작성자08', 10 = 485, 11 = '2025-10-16T12:30:47.079+0900';
2025-10-21 12:23:24.214 INFO  [http-nio-8081-exec-2] [cf82746c] p6spy - #1761017004214 | took 0ms | resultset | connection -1| url 
select n1_0.notice_id,n1_0.member_id_fk,n1_0.notice_category,n1_0.notice_priority,n1_0.notice_status,n1_0.is_show,n1_0.notice_title,n1_0.notice_content,n1_0.writer,n1_0.notice_count,n1_0.notice_reg_date from notice n1_0 order by n1_0.notice_id desc limit ?,?
1 = 96, 2 = 96, 3 = 'EVENT', 4 = 'EMERGENCY', 5 = 'ACTIVE', 6 = false, 7 = '공지 제목 96', 8 = '공지 내용 96', 9 = '작성자07', 10 = 480, 11 = '2025-10-15T12:30:47.079+0900';
2025-10-21 12:23:24.214 INFO  [http-nio-8081-exec-2] [cf82746c] p6spy - #1761017004214 | took 0ms | resultset | connection -1| url 
select n1_0.notice_id,n1_0.member_id_fk,n1_0.notice_category,n1_0.notice_priority,n1_0.notice_status,n1_0.is_show,n1_0.notice_title,n1_0.notice_content,n1_0.writer,n1_0.notice_count,n1_0.notice_reg_date from notice n1_0 order by n1_0.notice_id desc limit ?,?
1 = 95, 2 = 95, 3 = 'SYSTEM', 4 = 'NORMAL', 5 = 'INACTIVE', 6 = true, 7 = '공지 제목 95', 8 = '공지 내용 95', 9 = '작성자06', 10 = 475, 11 = '2025-10-14T12:30:47.079+0900';
2025-10-21 12:23:24.215 INFO  [http-nio-8081-exec-2] [cf82746c] p6spy - #1761017004215 | took 0ms | resultset | connection -1| url 
select n1_0.notice_id,n1_0.member_id_fk,n1_0.notice_category,n1_0.notice_priority,n1_0.notice_status,n1_0.is_show,n1_0.notice_title,n1_0.notice_content,n1_0.writer,n1_0.notice_count,n1_0.notice_reg_date from notice n1_0 order by n1_0.notice_id desc limit ?,?
1 = 94, 2 = 94, 3 = 'POLICY', 4 = 'IMPORTANT', 5 = 'DELETED', 6 = false, 7 = '공지 제목 94', 8 = '공지 내용 94', 9 = '작성자05', 10 = 470, 11 = '2025-10-13T12:30:47.079+0900';
2025-10-21 12:23:24.215 INFO  [http-nio-8081-exec-2] [cf82746c] p6spy - #1761017004215 | took 0ms | resultset | connection -1| url 
select n1_0.notice_id,n1_0.member_id_fk,n1_0.notice_category,n1_0.notice_priority,n1_0.notice_status,n1_0.is_show,n1_0.notice_title,n1_0.notice_content,n1_0.writer,n1_0.notice_count,n1_0.notice_reg_date from notice n1_0 order by n1_0.notice_id desc limit ?,?
1 = 93, 2 = 93, 3 = 'NORMAL', 4 = 'EMERGENCY', 5 = 'ACTIVE', 6 = true, 7 = '공지 제목 93', 8 = '공지 내용 93', 9 = '작성자04', 10 = 465, 11 = '2025-10-12T12:30:47.079+0900';
2025-10-21 12:23:24.216 INFO  [http-nio-8081-exec-2] [cf82746c] p6spy - #1761017004216 | took 0ms | resultset | connection -1| url 
select n1_0.notice_id,n1_0.member_id_fk,n1_0.notice_category,n1_0.notice_priority,n1_0.notice_status,n1_0.is_show,n1_0.notice_title,n1_0.notice_content,n1_0.writer,n1_0.notice_count,n1_0.notice_reg_date from notice n1_0 order by n1_0.notice_id desc limit ?,?
1 = 92, 2 = 92, 3 = 'EVENT', 4 = 'NORMAL', 5 = 'INACTIVE', 6 = false, 7 = '공지 제목 92', 8 = '공지 내용 92', 9 = '작성자03', 10 = 460, 11 = '2025-10-11T12:30:47.079+0900';
2025-10-21 12:23:24.216 INFO  [http-nio-8081-exec-2] [cf82746c] p6spy - #1761017004216 | took 0ms | resultset | connection -1| url 
select n1_0.notice_id,n1_0.member_id_fk,n1_0.notice_category,n1_0.notice_priority,n1_0.notice_status,n1_0.is_show,n1_0.notice_title,n1_0.notice_content,n1_0.writer,n1_0.notice_count,n1_0.notice_reg_date from notice n1_0 order by n1_0.notice_id desc limit ?,?
1 = 91, 2 = 91, 3 = 'SYSTEM', 4 = 'IMPORTANT', 5 = 'DELETED', 6 = true, 7 = '공지 제목 91', 8 = '공지 내용 91', 9 = '작성자02', 10 = 455, 11 = '2025-10-10T12:30:47.079+0900';
2025-10-21 12:23:24.219 INFO  [http-nio-8081-exec-2] [cf82746c] p6spy - #1761017004219 | took 0ms | resultset | connection -1| url 
select count(n1_0.notice_id) from notice n1_0
1 = 100;
2025-10-21 12:25:31.902 INFO  [background-preinit] [] o.h.validator.internal.util.Version - HV000001: Hibernate Validator 8.0.3.Final
2025-10-21 12:25:31.935 INFO  [restartedMain] [] c.b.i.Ict05FinalAdminApplication - Starting Ict05FinalAdminApplication using Java 17.0.12 with PID 12040 (D:\DEV05\workspace_IntelliJ\ict05_final_project\ict05_final_admin\build\classes\java\main started by ict1 in D:\DEV05\workspace_IntelliJ\ict05_final_project\ict05_final_admin)
2025-10-21 12:25:31.935 DEBUG [restartedMain] [] c.b.i.Ict05FinalAdminApplication - Running with Spring Boot v3.5.6, Spring v6.2.11
2025-10-21 12:25:31.935 INFO  [restartedMain] [] c.b.i.Ict05FinalAdminApplication - The following 1 profile is active: "dev"
2025-10-21 12:25:31.976 INFO  [restartedMain] [] o.s.b.d.e.DevToolsPropertyDefaultsPostProcessor - Devtools property defaults active! Set 'spring.devtools.add-properties' to 'false' to disable
2025-10-21 12:25:31.976 INFO  [restartedMain] [] o.s.b.d.e.DevToolsPropertyDefaultsPostProcessor - For additional web related logging consider setting the 'logging.level.web' property to 'DEBUG'
2025-10-21 12:25:32.599 INFO  [restartedMain] [] o.s.d.r.c.RepositoryConfigurationDelegate - Bootstrapping Spring Data JPA repositories in DEFAULT mode.
2025-10-21 12:25:32.669 INFO  [restartedMain] [] o.s.d.r.c.RepositoryConfigurationDelegate - Finished Spring Data repository scanning in 55 ms. Found 7 JPA repository interfaces.
2025-10-21 12:25:33.193 INFO  [restartedMain] [] o.s.b.w.e.tomcat.TomcatWebServer - Tomcat initialized with port 8081 (http)
2025-10-21 12:25:33.211 INFO  [restartedMain] [] o.a.coyote.http11.Http11NioProtocol - Initializing ProtocolHandler ["http-nio-8081"]
2025-10-21 12:25:33.211 INFO  [restartedMain] [] o.a.catalina.core.StandardService - Starting service [Tomcat]
2025-10-21 12:25:33.211 INFO  [restartedMain] [] o.a.catalina.core.StandardEngine - Starting Servlet engine: [Apache Tomcat/10.1.46]
2025-10-21 12:25:33.298 INFO  [restartedMain] [] o.a.c.c.C.[.[localhost].[/admin] - Initializing Spring embedded WebApplicationContext
2025-10-21 12:25:33.298 INFO  [restartedMain] [] o.s.b.w.s.c.ServletWebServerApplicationContext - Root WebApplicationContext: initialization completed in 1322 ms
2025-10-21 12:25:33.513 INFO  [restartedMain] [] o.h.jpa.internal.util.LogHelper - HHH000204: Processing PersistenceUnitInfo [name: default]
2025-10-21 12:25:33.599 INFO  [restartedMain] [] org.hibernate.Version - HHH000412: Hibernate ORM core version 6.6.29.Final
2025-10-21 12:25:33.636 INFO  [restartedMain] [] o.h.c.i.RegionFactoryInitiator - HHH000026: Second-level cache disabled
2025-10-21 12:25:33.958 INFO  [restartedMain] [] o.s.o.j.p.SpringPersistenceUnitInfo - No LoadTimeWeaver setup: ignoring JPA class transformer
2025-10-21 12:25:33.973 INFO  [restartedMain] [] com.zaxxer.hikari.HikariDataSource - HikariPool-1 - Starting...
2025-10-21 12:25:34.114 INFO  [restartedMain] [] com.zaxxer.hikari.pool.HikariPool - HikariPool-1 - Added connection com.p6spy.engine.wrapper.ConnectionWrapper@3eb7dc9
2025-10-21 12:25:34.120 INFO  [restartedMain] [] com.zaxxer.hikari.HikariDataSource - HikariPool-1 - Start completed.
2025-10-21 12:25:34.138 WARN  [restartedMain] [] org.hibernate.orm.deprecation - HHH90000025: MariaDBDialect does not need to be specified explicitly using 'hibernate.dialect' (remove the property setting and it will be selected by default)
2025-10-21 12:25:34.153 INFO  [restartedMain] [] o.hibernate.orm.connections.pooling - HHH10001005: Database info:
	Database JDBC URL [Connecting through datasource 'HikariDataSource (HikariPool-1)']
	Database driver: undefined/unknown
	Database version: 10.5.12
	Autocommit mode: undefined/unknown
	Isolation level: undefined/unknown
	Minimum pool size: undefined/unknown
	Maximum pool size: undefined/unknown
2025-10-21 12:25:34.712 INFO  [restartedMain] [] o.h.e.t.j.p.i.JtaPlatformInitiator - HHH000489: No JTA platform available (set 'hibernate.transaction.jta.platform' to enable JTA platform integration)
2025-10-21 12:25:34.846 INFO  [restartedMain] [] o.s.o.j.LocalContainerEntityManagerFactoryBean - Initialized JPA EntityManagerFactory for persistence unit 'default'
2025-10-21 12:25:35.520 WARN  [restartedMain] [] o.s.b.a.o.j.JpaBaseConfiguration$JpaWebConfiguration - spring.jpa.open-in-view is enabled by default. Therefore, database queries may be performed during view rendering. Explicitly configure spring.jpa.open-in-view to disable this warning
2025-10-21 12:25:35.551 INFO  [restartedMain] [] o.s.b.a.w.s.WelcomePageHandlerMapping - Adding welcome page template: index
2025-10-21 12:25:36.365 INFO  [restartedMain] [] o.s.b.d.a.OptionalLiveReloadServer - LiveReload server is running on port 35729
2025-10-21 12:25:36.416 INFO  [restartedMain] [] o.a.coyote.http11.Http11NioProtocol - Starting ProtocolHandler ["http-nio-8081"]
2025-10-21 12:25:36.482 INFO  [restartedMain] [] o.s.b.w.e.tomcat.TomcatWebServer - Tomcat started on port 8081 (http) with context path '/admin'
2025-10-21 12:25:36.504 INFO  [restartedMain] [] c.b.i.Ict05FinalAdminApplication - Started Ict05FinalAdminApplication in 4.965 seconds (process running for 5.28)
2025-10-21 12:25:37.018 INFO  [http-nio-8081-exec-1] [] o.a.c.c.C.[.[localhost].[/admin] - Initializing Spring DispatcherServlet 'dispatcherServlet'
2025-10-21 12:25:37.018 INFO  [http-nio-8081-exec-1] [] o.s.web.servlet.DispatcherServlet - Initializing Servlet 'dispatcherServlet'
2025-10-21 12:25:37.018 INFO  [http-nio-8081-exec-1] [] o.s.web.servlet.DispatcherServlet - Completed initialization in 0 ms
2025-10-21 12:25:37.378 INFO  [http-nio-8081-exec-1] [09aaaa4d] p6spy - #1761017137378 | took 0ms | resultset | connection -1| url 
select n1_0.notice_id,n1_0.member_id_fk,n1_0.notice_category,n1_0.notice_priority,n1_0.notice_status,n1_0.is_show,n1_0.notice_title,n1_0.notice_content,n1_0.writer,n1_0.notice_count,n1_0.notice_reg_date from notice n1_0 order by n1_0.notice_id desc limit ?,?
1 = 100, 2 = 100, 3 = 'EVENT', 4 = 'IMPORTANT', 5 = 'DELETED', 6 = false, 7 = '공지 제목 100', 8 = '공지 내용 100', 9 = '작성자01', 10 = 500, 11 = '2025-10-19T12:30:47.079+0900';
2025-10-21 12:25:37.378 INFO  [http-nio-8081-exec-1] [09aaaa4d] p6spy - #1761017137378 | took 0ms | resultset | connection -1| url 
select n1_0.notice_id,n1_0.member_id_fk,n1_0.notice_category,n1_0.notice_priority,n1_0.notice_status,n1_0.is_show,n1_0.notice_title,n1_0.notice_content,n1_0.writer,n1_0.notice_count,n1_0.notice_reg_date from notice n1_0 order by n1_0.notice_id desc limit ?,?
1 = 99, 2 = 99, 3 = 'SYSTEM', 4 = 'EMERGENCY', 5 = 'ACTIVE', 6 = true, 7 = '공지 제목 99', 8 = '공지 내용 99', 9 = '작성자10', 10 = 495, 11 = '2025-10-18T12:30:47.079+0900';
2025-10-21 12:25:37.379 INFO  [http-nio-8081-exec-1] [09aaaa4d] p6spy - #1761017137379 | took 0ms | resultset | connection -1| url 
select n1_0.notice_id,n1_0.member_id_fk,n1_0.notice_category,n1_0.notice_priority,n1_0.notice_status,n1_0.is_show,n1_0.notice_title,n1_0.notice_content,n1_0.writer,n1_0.notice_count,n1_0.notice_reg_date from notice n1_0 order by n1_0.notice_id desc limit ?,?
1 = 98, 2 = 98, 3 = 'POLICY', 4 = 'NORMAL', 5 = 'INACTIVE', 6 = false, 7 = '공지 제목 98', 8 = '공지 내용 98', 9 = '작성자09', 10 = 490, 11 = '2025-10-17T12:30:47.079+0900';
2025-10-21 12:25:37.379 INFO  [http-nio-8081-exec-1] [09aaaa4d] p6spy - #1761017137379 | took 0ms | resultset | connection -1| url 
select n1_0.notice_id,n1_0.member_id_fk,n1_0.notice_category,n1_0.notice_priority,n1_0.notice_status,n1_0.is_show,n1_0.notice_title,n1_0.notice_content,n1_0.writer,n1_0.notice_count,n1_0.notice_reg_date from notice n1_0 order by n1_0.notice_id desc limit ?,?
1 = 97, 2 = 97, 3 = 'NORMAL', 4 = 'IMPORTANT', 5 = 'DELETED', 6 = true, 7 = '공지 제목 97', 8 = '공지 내용 97', 9 = '작성자08', 10 = 485, 11 = '2025-10-16T12:30:47.079+0900';
2025-10-21 12:25:37.380 INFO  [http-nio-8081-exec-1] [09aaaa4d] p6spy - #1761017137380 | took 0ms | resultset | connection -1| url 
select n1_0.notice_id,n1_0.member_id_fk,n1_0.notice_category,n1_0.notice_priority,n1_0.notice_status,n1_0.is_show,n1_0.notice_title,n1_0.notice_content,n1_0.writer,n1_0.notice_count,n1_0.notice_reg_date from notice n1_0 order by n1_0.notice_id desc limit ?,?
1 = 96, 2 = 96, 3 = 'EVENT', 4 = 'EMERGENCY', 5 = 'ACTIVE', 6 = false, 7 = '공지 제목 96', 8 = '공지 내용 96', 9 = '작성자07', 10 = 480, 11 = '2025-10-15T12:30:47.079+0900';
2025-10-21 12:25:37.380 INFO  [http-nio-8081-exec-1] [09aaaa4d] p6spy - #1761017137380 | took 0ms | resultset | connection -1| url 
select n1_0.notice_id,n1_0.member_id_fk,n1_0.notice_category,n1_0.notice_priority,n1_0.notice_status,n1_0.is_show,n1_0.notice_title,n1_0.notice_content,n1_0.writer,n1_0.notice_count,n1_0.notice_reg_date from notice n1_0 order by n1_0.notice_id desc limit ?,?
1 = 95, 2 = 95, 3 = 'SYSTEM', 4 = 'NORMAL', 5 = 'INACTIVE', 6 = true, 7 = '공지 제목 95', 8 = '공지 내용 95', 9 = '작성자06', 10 = 475, 11 = '2025-10-14T12:30:47.079+0900';
2025-10-21 12:25:37.381 INFO  [http-nio-8081-exec-1] [09aaaa4d] p6spy - #1761017137381 | took 0ms | resultset | connection -1| url 
select n1_0.notice_id,n1_0.member_id_fk,n1_0.notice_category,n1_0.notice_priority,n1_0.notice_status,n1_0.is_show,n1_0.notice_title,n1_0.notice_content,n1_0.writer,n1_0.notice_count,n1_0.notice_reg_date from notice n1_0 order by n1_0.notice_id desc limit ?,?
1 = 94, 2 = 94, 3 = 'POLICY', 4 = 'IMPORTANT', 5 = 'DELETED', 6 = false, 7 = '공지 제목 94', 8 = '공지 내용 94', 9 = '작성자05', 10 = 470, 11 = '2025-10-13T12:30:47.079+0900';
2025-10-21 12:25:37.381 INFO  [http-nio-8081-exec-1] [09aaaa4d] p6spy - #1761017137381 | took 0ms | resultset | connection -1| url 
select n1_0.notice_id,n1_0.member_id_fk,n1_0.notice_category,n1_0.notice_priority,n1_0.notice_status,n1_0.is_show,n1_0.notice_title,n1_0.notice_content,n1_0.writer,n1_0.notice_count,n1_0.notice_reg_date from notice n1_0 order by n1_0.notice_id desc limit ?,?
1 = 93, 2 = 93, 3 = 'NORMAL', 4 = 'EMERGENCY', 5 = 'ACTIVE', 6 = true, 7 = '공지 제목 93', 8 = '공지 내용 93', 9 = '작성자04', 10 = 465, 11 = '2025-10-12T12:30:47.079+0900';
2025-10-21 12:25:37.381 INFO  [http-nio-8081-exec-1] [09aaaa4d] p6spy - #1761017137381 | took 0ms | resultset | connection -1| url 
select n1_0.notice_id,n1_0.member_id_fk,n1_0.notice_category,n1_0.notice_priority,n1_0.notice_status,n1_0.is_show,n1_0.notice_title,n1_0.notice_content,n1_0.writer,n1_0.notice_count,n1_0.notice_reg_date from notice n1_0 order by n1_0.notice_id desc limit ?,?
1 = 92, 2 = 92, 3 = 'EVENT', 4 = 'NORMAL', 5 = 'INACTIVE', 6 = false, 7 = '공지 제목 92', 8 = '공지 내용 92', 9 = '작성자03', 10 = 460, 11 = '2025-10-11T12:30:47.079+0900';
2025-10-21 12:25:37.382 INFO  [http-nio-8081-exec-1] [09aaaa4d] p6spy - #1761017137382 | took 0ms | resultset | connection -1| url 
select n1_0.notice_id,n1_0.member_id_fk,n1_0.notice_category,n1_0.notice_priority,n1_0.notice_status,n1_0.is_show,n1_0.notice_title,n1_0.notice_content,n1_0.writer,n1_0.notice_count,n1_0.notice_reg_date from notice n1_0 order by n1_0.notice_id desc limit ?,?
1 = 91, 2 = 91, 3 = 'SYSTEM', 4 = 'IMPORTANT', 5 = 'DELETED', 6 = true, 7 = '공지 제목 91', 8 = '공지 내용 91', 9 = '작성자02', 10 = 455, 11 = '2025-10-10T12:30:47.079+0900';
2025-10-21 12:25:37.424 INFO  [http-nio-8081-exec-1] [09aaaa4d] p6spy - #1761017137424 | took 0ms | resultset | connection -1| url 
select count(n1_0.notice_id) from notice n1_0
1 = 100;
2025-10-21 12:25:56.170 INFO  [http-nio-8081-exec-8] [7b29272b] p6spy - #1761017156170 | took 0ms | resultset | connection -1| url 
select n1_0.notice_id,n1_0.member_id_fk,n1_0.notice_category,n1_0.notice_priority,n1_0.notice_status,n1_0.is_show,n1_0.notice_title,n1_0.notice_content,n1_0.writer,n1_0.notice_count,n1_0.notice_reg_date from notice n1_0 order by n1_0.notice_id desc limit ?,?
1 = 100, 2 = 100, 3 = 'EVENT', 4 = 'IMPORTANT', 5 = 'DELETED', 6 = false, 7 = '공지 제목 100', 8 = '공지 내용 100', 9 = '작성자01', 10 = 500, 11 = '2025-10-19T12:30:47.079+0900';
2025-10-21 12:25:56.171 INFO  [http-nio-8081-exec-8] [7b29272b] p6spy - #1761017156171 | took 0ms | resultset | connection -1| url 
select n1_0.notice_id,n1_0.member_id_fk,n1_0.notice_category,n1_0.notice_priority,n1_0.notice_status,n1_0.is_show,n1_0.notice_title,n1_0.notice_content,n1_0.writer,n1_0.notice_count,n1_0.notice_reg_date from notice n1_0 order by n1_0.notice_id desc limit ?,?
1 = 99, 2 = 99, 3 = 'SYSTEM', 4 = 'EMERGENCY', 5 = 'ACTIVE', 6 = true, 7 = '공지 제목 99', 8 = '공지 내용 99', 9 = '작성자10', 10 = 495, 11 = '2025-10-18T12:30:47.079+0900';
2025-10-21 12:25:56.171 INFO  [http-nio-8081-exec-8] [7b29272b] p6spy - #1761017156171 | took 0ms | resultset | connection -1| url 
select n1_0.notice_id,n1_0.member_id_fk,n1_0.notice_category,n1_0.notice_priority,n1_0.notice_status,n1_0.is_show,n1_0.notice_title,n1_0.notice_content,n1_0.writer,n1_0.notice_count,n1_0.notice_reg_date from notice n1_0 order by n1_0.notice_id desc limit ?,?
1 = 98, 2 = 98, 3 = 'POLICY', 4 = 'NORMAL', 5 = 'INACTIVE', 6 = false, 7 = '공지 제목 98', 8 = '공지 내용 98', 9 = '작성자09', 10 = 490, 11 = '2025-10-17T12:30:47.079+0900';
2025-10-21 12:25:56.172 INFO  [http-nio-8081-exec-8] [7b29272b] p6spy - #1761017156172 | took 0ms | resultset | connection -1| url 
select n1_0.notice_id,n1_0.member_id_fk,n1_0.notice_category,n1_0.notice_priority,n1_0.notice_status,n1_0.is_show,n1_0.notice_title,n1_0.notice_content,n1_0.writer,n1_0.notice_count,n1_0.notice_reg_date from notice n1_0 order by n1_0.notice_id desc limit ?,?
1 = 97, 2 = 97, 3 = 'NORMAL', 4 = 'IMPORTANT', 5 = 'DELETED', 6 = true, 7 = '공지 제목 97', 8 = '공지 내용 97', 9 = '작성자08', 10 = 485, 11 = '2025-10-16T12:30:47.079+0900';
2025-10-21 12:25:56.172 INFO  [http-nio-8081-exec-8] [7b29272b] p6spy - #1761017156172 | took 0ms | resultset | connection -1| url 
select n1_0.notice_id,n1_0.member_id_fk,n1_0.notice_category,n1_0.notice_priority,n1_0.notice_status,n1_0.is_show,n1_0.notice_title,n1_0.notice_content,n1_0.writer,n1_0.notice_count,n1_0.notice_reg_date from notice n1_0 order by n1_0.notice_id desc limit ?,?
1 = 96, 2 = 96, 3 = 'EVENT', 4 = 'EMERGENCY', 5 = 'ACTIVE', 6 = false, 7 = '공지 제목 96', 8 = '공지 내용 96', 9 = '작성자07', 10 = 480, 11 = '2025-10-15T12:30:47.079+0900';
2025-10-21 12:25:56.173 INFO  [http-nio-8081-exec-8] [7b29272b] p6spy - #1761017156173 | took 0ms | resultset | connection -1| url 
select n1_0.notice_id,n1_0.member_id_fk,n1_0.notice_category,n1_0.notice_priority,n1_0.notice_status,n1_0.is_show,n1_0.notice_title,n1_0.notice_content,n1_0.writer,n1_0.notice_count,n1_0.notice_reg_date from notice n1_0 order by n1_0.notice_id desc limit ?,?
1 = 95, 2 = 95, 3 = 'SYSTEM', 4 = 'NORMAL', 5 = 'INACTIVE', 6 = true, 7 = '공지 제목 95', 8 = '공지 내용 95', 9 = '작성자06', 10 = 475, 11 = '2025-10-14T12:30:47.079+0900';
2025-10-21 12:25:56.173 INFO  [http-nio-8081-exec-8] [7b29272b] p6spy - #1761017156173 | took 0ms | resultset | connection -1| url 
select n1_0.notice_id,n1_0.member_id_fk,n1_0.notice_category,n1_0.notice_priority,n1_0.notice_status,n1_0.is_show,n1_0.notice_title,n1_0.notice_content,n1_0.writer,n1_0.notice_count,n1_0.notice_reg_date from notice n1_0 order by n1_0.notice_id desc limit ?,?
1 = 94, 2 = 94, 3 = 'POLICY', 4 = 'IMPORTANT', 5 = 'DELETED', 6 = false, 7 = '공지 제목 94', 8 = '공지 내용 94', 9 = '작성자05', 10 = 470, 11 = '2025-10-13T12:30:47.079+0900';
2025-10-21 12:25:56.174 INFO  [http-nio-8081-exec-8] [7b29272b] p6spy - #1761017156174 | took 0ms | resultset | connection -1| url 
select n1_0.notice_id,n1_0.member_id_fk,n1_0.notice_category,n1_0.notice_priority,n1_0.notice_status,n1_0.is_show,n1_0.notice_title,n1_0.notice_content,n1_0.writer,n1_0.notice_count,n1_0.notice_reg_date from notice n1_0 order by n1_0.notice_id desc limit ?,?
1 = 93, 2 = 93, 3 = 'NORMAL', 4 = 'EMERGENCY', 5 = 'ACTIVE', 6 = true, 7 = '공지 제목 93', 8 = '공지 내용 93', 9 = '작성자04', 10 = 465, 11 = '2025-10-12T12:30:47.079+0900';
2025-10-21 12:25:56.174 INFO  [http-nio-8081-exec-8] [7b29272b] p6spy - #1761017156174 | took 0ms | resultset | connection -1| url 
select n1_0.notice_id,n1_0.member_id_fk,n1_0.notice_category,n1_0.notice_priority,n1_0.notice_status,n1_0.is_show,n1_0.notice_title,n1_0.notice_content,n1_0.writer,n1_0.notice_count,n1_0.notice_reg_date from notice n1_0 order by n1_0.notice_id desc limit ?,?
1 = 92, 2 = 92, 3 = 'EVENT', 4 = 'NORMAL', 5 = 'INACTIVE', 6 = false, 7 = '공지 제목 92', 8 = '공지 내용 92', 9 = '작성자03', 10 = 460, 11 = '2025-10-11T12:30:47.079+0900';
2025-10-21 12:25:56.175 INFO  [http-nio-8081-exec-8] [7b29272b] p6spy - #1761017156175 | took 0ms | resultset | connection -1| url 
select n1_0.notice_id,n1_0.member_id_fk,n1_0.notice_category,n1_0.notice_priority,n1_0.notice_status,n1_0.is_show,n1_0.notice_title,n1_0.notice_content,n1_0.writer,n1_0.notice_count,n1_0.notice_reg_date from notice n1_0 order by n1_0.notice_id desc limit ?,?
1 = 91, 2 = 91, 3 = 'SYSTEM', 4 = 'IMPORTANT', 5 = 'DELETED', 6 = true, 7 = '공지 제목 91', 8 = '공지 내용 91', 9 = '작성자02', 10 = 455, 11 = '2025-10-10T12:30:47.079+0900';
2025-10-21 12:25:56.178 INFO  [http-nio-8081-exec-8] [7b29272b] p6spy - #1761017156178 | took 0ms | resultset | connection -1| url 
select count(n1_0.notice_id) from notice n1_0
1 = 100;
2025-10-21 12:27:09.671 INFO  [background-preinit] [] o.h.validator.internal.util.Version - HV000001: Hibernate Validator 8.0.3.Final
2025-10-21 12:27:09.710 INFO  [restartedMain] [] c.b.i.Ict05FinalAdminApplication - Starting Ict05FinalAdminApplication using Java 17.0.12 with PID 568 (D:\DEV05\workspace_IntelliJ\ict05_final_project\ict05_final_admin\build\classes\java\main started by ict1 in D:\DEV05\workspace_IntelliJ\ict05_final_project\ict05_final_admin)
2025-10-21 12:27:09.710 DEBUG [restartedMain] [] c.b.i.Ict05FinalAdminApplication - Running with Spring Boot v3.5.6, Spring v6.2.11
2025-10-21 12:27:09.710 INFO  [restartedMain] [] c.b.i.Ict05FinalAdminApplication - The following 1 profile is active: "dev"
2025-10-21 12:27:09.730 INFO  [restartedMain] [] o.s.b.d.e.DevToolsPropertyDefaultsPostProcessor - Devtools property defaults active! Set 'spring.devtools.add-properties' to 'false' to disable
2025-10-21 12:27:09.730 INFO  [restartedMain] [] o.s.b.d.e.DevToolsPropertyDefaultsPostProcessor - For additional web related logging consider setting the 'logging.level.web' property to 'DEBUG'
2025-10-21 12:27:10.450 INFO  [restartedMain] [] o.s.d.r.c.RepositoryConfigurationDelegate - Bootstrapping Spring Data JPA repositories in DEFAULT mode.
2025-10-21 12:27:10.521 INFO  [restartedMain] [] o.s.d.r.c.RepositoryConfigurationDelegate - Finished Spring Data repository scanning in 55 ms. Found 7 JPA repository interfaces.
2025-10-21 12:27:11.105 INFO  [restartedMain] [] o.s.b.w.e.tomcat.TomcatWebServer - Tomcat initialized with port 8081 (http)
2025-10-21 12:27:11.125 INFO  [restartedMain] [] o.a.coyote.http11.Http11NioProtocol - Initializing ProtocolHandler ["http-nio-8081"]
2025-10-21 12:27:11.125 INFO  [restartedMain] [] o.a.catalina.core.StandardService - Starting service [Tomcat]
2025-10-21 12:27:11.125 INFO  [restartedMain] [] o.a.catalina.core.StandardEngine - Starting Servlet engine: [Apache Tomcat/10.1.46]
2025-10-21 12:27:11.186 INFO  [restartedMain] [] o.a.c.c.C.[.[localhost].[/admin] - Initializing Spring embedded WebApplicationContext
2025-10-21 12:27:11.186 INFO  [restartedMain] [] o.s.b.w.s.c.ServletWebServerApplicationContext - Root WebApplicationContext: initialization completed in 1456 ms
2025-10-21 12:27:11.445 INFO  [restartedMain] [] o.h.jpa.internal.util.LogHelper - HHH000204: Processing PersistenceUnitInfo [name: default]
2025-10-21 12:27:11.528 INFO  [restartedMain] [] org.hibernate.Version - HHH000412: Hibernate ORM core version 6.6.29.Final
2025-10-21 12:27:11.586 INFO  [restartedMain] [] o.h.c.i.RegionFactoryInitiator - HHH000026: Second-level cache disabled
2025-10-21 12:27:11.974 INFO  [restartedMain] [] o.s.o.j.p.SpringPersistenceUnitInfo - No LoadTimeWeaver setup: ignoring JPA class transformer
2025-10-21 12:27:12.006 INFO  [restartedMain] [] com.zaxxer.hikari.HikariDataSource - HikariPool-1 - Starting...
2025-10-21 12:27:12.145 INFO  [restartedMain] [] com.zaxxer.hikari.pool.HikariPool - HikariPool-1 - Added connection com.p6spy.engine.wrapper.ConnectionWrapper@3eb7dc9
2025-10-21 12:27:12.145 INFO  [restartedMain] [] com.zaxxer.hikari.HikariDataSource - HikariPool-1 - Start completed.
2025-10-21 12:27:12.176 WARN  [restartedMain] [] org.hibernate.orm.deprecation - HHH90000025: MariaDBDialect does not need to be specified explicitly using 'hibernate.dialect' (remove the property setting and it will be selected by default)
2025-10-21 12:27:12.192 INFO  [restartedMain] [] o.hibernate.orm.connections.pooling - HHH10001005: Database info:
	Database JDBC URL [Connecting through datasource 'HikariDataSource (HikariPool-1)']
	Database driver: undefined/unknown
	Database version: 10.5.12
	Autocommit mode: undefined/unknown
	Isolation level: undefined/unknown
	Minimum pool size: undefined/unknown
	Maximum pool size: undefined/unknown
2025-10-21 12:27:12.723 INFO  [restartedMain] [] o.h.e.t.j.p.i.JtaPlatformInitiator - HHH000489: No JTA platform available (set 'hibernate.transaction.jta.platform' to enable JTA platform integration)
2025-10-21 12:27:12.881 INFO  [restartedMain] [] o.s.o.j.LocalContainerEntityManagerFactoryBean - Initialized JPA EntityManagerFactory for persistence unit 'default'
2025-10-21 12:27:13.429 WARN  [restartedMain] [] o.s.b.a.o.j.JpaBaseConfiguration$JpaWebConfiguration - spring.jpa.open-in-view is enabled by default. Therefore, database queries may be performed during view rendering. Explicitly configure spring.jpa.open-in-view to disable this warning
2025-10-21 12:27:13.463 INFO  [restartedMain] [] o.s.b.a.w.s.WelcomePageHandlerMapping - Adding welcome page template: index
2025-10-21 12:27:14.067 INFO  [restartedMain] [] o.s.b.d.a.OptionalLiveReloadServer - LiveReload server is running on port 35729
2025-10-21 12:27:14.086 INFO  [restartedMain] [] o.a.coyote.http11.Http11NioProtocol - Starting ProtocolHandler ["http-nio-8081"]
2025-10-21 12:27:14.096 INFO  [restartedMain] [] o.s.b.w.e.tomcat.TomcatWebServer - Tomcat started on port 8081 (http) with context path '/admin'
2025-10-21 12:27:14.097 INFO  [restartedMain] [] c.b.i.Ict05FinalAdminApplication - Started Ict05FinalAdminApplication in 4.763 seconds (process running for 5.051)
2025-10-21 12:27:14.311 INFO  [http-nio-8081-exec-1] [] o.a.c.c.C.[.[localhost].[/admin] - Initializing Spring DispatcherServlet 'dispatcherServlet'
2025-10-21 12:27:14.312 INFO  [http-nio-8081-exec-1] [] o.s.web.servlet.DispatcherServlet - Initializing Servlet 'dispatcherServlet'
2025-10-21 12:27:14.315 INFO  [http-nio-8081-exec-1] [] o.s.web.servlet.DispatcherServlet - Completed initialization in 3 ms
2025-10-21 12:27:18.041 INFO  [http-nio-8081-exec-2] [e824ae28] p6spy - #1761017238041 | took 0ms | resultset | connection -1| url 
select n1_0.notice_id,n1_0.member_id_fk,n1_0.notice_category,n1_0.notice_priority,n1_0.notice_status,n1_0.is_show,n1_0.notice_title,n1_0.notice_content,n1_0.writer,n1_0.notice_count,n1_0.notice_reg_date from notice n1_0 order by n1_0.notice_id desc limit ?,?
1 = 100, 2 = 100, 3 = 'EVENT', 4 = 'IMPORTANT', 5 = 'DELETED', 6 = false, 7 = '공지 제목 100', 8 = '공지 내용 100', 9 = '작성자01', 10 = 500, 11 = '2025-10-19T12:30:47.079+0900';
2025-10-21 12:27:18.042 INFO  [http-nio-8081-exec-2] [e824ae28] p6spy - #1761017238042 | took 0ms | resultset | connection -1| url 
select n1_0.notice_id,n1_0.member_id_fk,n1_0.notice_category,n1_0.notice_priority,n1_0.notice_status,n1_0.is_show,n1_0.notice_title,n1_0.notice_content,n1_0.writer,n1_0.notice_count,n1_0.notice_reg_date from notice n1_0 order by n1_0.notice_id desc limit ?,?
1 = 99, 2 = 99, 3 = 'SYSTEM', 4 = 'EMERGENCY', 5 = 'ACTIVE', 6 = true, 7 = '공지 제목 99', 8 = '공지 내용 99', 9 = '작성자10', 10 = 495, 11 = '2025-10-18T12:30:47.079+0900';
2025-10-21 12:27:18.042 INFO  [http-nio-8081-exec-2] [e824ae28] p6spy - #1761017238042 | took 0ms | resultset | connection -1| url 
select n1_0.notice_id,n1_0.member_id_fk,n1_0.notice_category,n1_0.notice_priority,n1_0.notice_status,n1_0.is_show,n1_0.notice_title,n1_0.notice_content,n1_0.writer,n1_0.notice_count,n1_0.notice_reg_date from notice n1_0 order by n1_0.notice_id desc limit ?,?
1 = 98, 2 = 98, 3 = 'POLICY', 4 = 'NORMAL', 5 = 'INACTIVE', 6 = false, 7 = '공지 제목 98', 8 = '공지 내용 98', 9 = '작성자09', 10 = 490, 11 = '2025-10-17T12:30:47.079+0900';
2025-10-21 12:27:18.042 INFO  [http-nio-8081-exec-2] [e824ae28] p6spy - #1761017238042 | took 0ms | resultset | connection -1| url 
select n1_0.notice_id,n1_0.member_id_fk,n1_0.notice_category,n1_0.notice_priority,n1_0.notice_status,n1_0.is_show,n1_0.notice_title,n1_0.notice_content,n1_0.writer,n1_0.notice_count,n1_0.notice_reg_date from notice n1_0 order by n1_0.notice_id desc limit ?,?
1 = 97, 2 = 97, 3 = 'NORMAL', 4 = 'IMPORTANT', 5 = 'DELETED', 6 = true, 7 = '공지 제목 97', 8 = '공지 내용 97', 9 = '작성자08', 10 = 485, 11 = '2025-10-16T12:30:47.079+0900';
2025-10-21 12:27:18.043 INFO  [http-nio-8081-exec-2] [e824ae28] p6spy - #1761017238043 | took 0ms | resultset | connection -1| url 
select n1_0.notice_id,n1_0.member_id_fk,n1_0.notice_category,n1_0.notice_priority,n1_0.notice_status,n1_0.is_show,n1_0.notice_title,n1_0.notice_content,n1_0.writer,n1_0.notice_count,n1_0.notice_reg_date from notice n1_0 order by n1_0.notice_id desc limit ?,?
1 = 96, 2 = 96, 3 = 'EVENT', 4 = 'EMERGENCY', 5 = 'ACTIVE', 6 = false, 7 = '공지 제목 96', 8 = '공지 내용 96', 9 = '작성자07', 10 = 480, 11 = '2025-10-15T12:30:47.079+0900';
2025-10-21 12:27:18.043 INFO  [http-nio-8081-exec-2] [e824ae28] p6spy - #1761017238043 | took 0ms | resultset | connection -1| url 
select n1_0.notice_id,n1_0.member_id_fk,n1_0.notice_category,n1_0.notice_priority,n1_0.notice_status,n1_0.is_show,n1_0.notice_title,n1_0.notice_content,n1_0.writer,n1_0.notice_count,n1_0.notice_reg_date from notice n1_0 order by n1_0.notice_id desc limit ?,?
1 = 95, 2 = 95, 3 = 'SYSTEM', 4 = 'NORMAL', 5 = 'INACTIVE', 6 = true, 7 = '공지 제목 95', 8 = '공지 내용 95', 9 = '작성자06', 10 = 475, 11 = '2025-10-14T12:30:47.079+0900';
2025-10-21 12:27:18.044 INFO  [http-nio-8081-exec-2] [e824ae28] p6spy - #1761017238044 | took 0ms | resultset | connection -1| url 
select n1_0.notice_id,n1_0.member_id_fk,n1_0.notice_category,n1_0.notice_priority,n1_0.notice_status,n1_0.is_show,n1_0.notice_title,n1_0.notice_content,n1_0.writer,n1_0.notice_count,n1_0.notice_reg_date from notice n1_0 order by n1_0.notice_id desc limit ?,?
1 = 94, 2 = 94, 3 = 'POLICY', 4 = 'IMPORTANT', 5 = 'DELETED', 6 = false, 7 = '공지 제목 94', 8 = '공지 내용 94', 9 = '작성자05', 10 = 470, 11 = '2025-10-13T12:30:47.079+0900';
2025-10-21 12:27:18.044 INFO  [http-nio-8081-exec-2] [e824ae28] p6spy - #1761017238044 | took 0ms | resultset | connection -1| url 
select n1_0.notice_id,n1_0.member_id_fk,n1_0.notice_category,n1_0.notice_priority,n1_0.notice_status,n1_0.is_show,n1_0.notice_title,n1_0.notice_content,n1_0.writer,n1_0.notice_count,n1_0.notice_reg_date from notice n1_0 order by n1_0.notice_id desc limit ?,?
1 = 93, 2 = 93, 3 = 'NORMAL', 4 = 'EMERGENCY', 5 = 'ACTIVE', 6 = true, 7 = '공지 제목 93', 8 = '공지 내용 93', 9 = '작성자04', 10 = 465, 11 = '2025-10-12T12:30:47.079+0900';
2025-10-21 12:27:18.045 INFO  [http-nio-8081-exec-2] [e824ae28] p6spy - #1761017238045 | took 0ms | resultset | connection -1| url 
select n1_0.notice_id,n1_0.member_id_fk,n1_0.notice_category,n1_0.notice_priority,n1_0.notice_status,n1_0.is_show,n1_0.notice_title,n1_0.notice_content,n1_0.writer,n1_0.notice_count,n1_0.notice_reg_date from notice n1_0 order by n1_0.notice_id desc limit ?,?
1 = 92, 2 = 92, 3 = 'EVENT', 4 = 'NORMAL', 5 = 'INACTIVE', 6 = false, 7 = '공지 제목 92', 8 = '공지 내용 92', 9 = '작성자03', 10 = 460, 11 = '2025-10-11T12:30:47.079+0900';
2025-10-21 12:27:18.045 INFO  [http-nio-8081-exec-2] [e824ae28] p6spy - #1761017238045 | took 0ms | resultset | connection -1| url 
select n1_0.notice_id,n1_0.member_id_fk,n1_0.notice_category,n1_0.notice_priority,n1_0.notice_status,n1_0.is_show,n1_0.notice_title,n1_0.notice_content,n1_0.writer,n1_0.notice_count,n1_0.notice_reg_date from notice n1_0 order by n1_0.notice_id desc limit ?,?
1 = 91, 2 = 91, 3 = 'SYSTEM', 4 = 'IMPORTANT', 5 = 'DELETED', 6 = true, 7 = '공지 제목 91', 8 = '공지 내용 91', 9 = '작성자02', 10 = 455, 11 = '2025-10-10T12:30:47.079+0900';
2025-10-21 12:27:18.098 INFO  [http-nio-8081-exec-2] [e824ae28] p6spy - #1761017238098 | took 0ms | resultset | connection -1| url 
select count(n1_0.notice_id) from notice n1_0
1 = 100;
2025-10-21 12:40:41.110 INFO  [http-nio-8081-exec-2] [a397c820] p6spy - #1761018041110 | took 0ms | resultset | connection -1| url 
select n1_0.notice_id,n1_0.member_id_fk,n1_0.notice_category,n1_0.notice_priority,n1_0.notice_status,n1_0.is_show,n1_0.notice_title,n1_0.notice_content,n1_0.writer,n1_0.notice_count,n1_0.notice_reg_date from notice n1_0 order by n1_0.notice_id desc limit ?,?
1 = 100, 2 = 100, 3 = 'EVENT', 4 = 'IMPORTANT', 5 = 'DELETED', 6 = false, 7 = '공지 제목 100', 8 = '공지 내용 100', 9 = '작성자01', 10 = 500, 11 = '2025-10-19T12:30:47.079+0900';
2025-10-21 12:40:41.111 INFO  [http-nio-8081-exec-2] [a397c820] p6spy - #1761018041111 | took 0ms | resultset | connection -1| url 
select n1_0.notice_id,n1_0.member_id_fk,n1_0.notice_category,n1_0.notice_priority,n1_0.notice_status,n1_0.is_show,n1_0.notice_title,n1_0.notice_content,n1_0.writer,n1_0.notice_count,n1_0.notice_reg_date from notice n1_0 order by n1_0.notice_id desc limit ?,?
1 = 99, 2 = 99, 3 = 'SYSTEM', 4 = 'EMERGENCY', 5 = 'ACTIVE', 6 = true, 7 = '공지 제목 99', 8 = '공지 내용 99', 9 = '작성자10', 10 = 495, 11 = '2025-10-18T12:30:47.079+0900';
2025-10-21 12:40:41.111 INFO  [http-nio-8081-exec-2] [a397c820] p6spy - #1761018041111 | took 0ms | resultset | connection -1| url 
select n1_0.notice_id,n1_0.member_id_fk,n1_0.notice_category,n1_0.notice_priority,n1_0.notice_status,n1_0.is_show,n1_0.notice_title,n1_0.notice_content,n1_0.writer,n1_0.notice_count,n1_0.notice_reg_date from notice n1_0 order by n1_0.notice_id desc limit ?,?
1 = 98, 2 = 98, 3 = 'POLICY', 4 = 'NORMAL', 5 = 'INACTIVE', 6 = false, 7 = '공지 제목 98', 8 = '공지 내용 98', 9 = '작성자09', 10 = 490, 11 = '2025-10-17T12:30:47.079+0900';
2025-10-21 12:40:41.112 INFO  [http-nio-8081-exec-2] [a397c820] p6spy - #1761018041112 | took 0ms | resultset | connection -1| url 
select n1_0.notice_id,n1_0.member_id_fk,n1_0.notice_category,n1_0.notice_priority,n1_0.notice_status,n1_0.is_show,n1_0.notice_title,n1_0.notice_content,n1_0.writer,n1_0.notice_count,n1_0.notice_reg_date from notice n1_0 order by n1_0.notice_id desc limit ?,?
1 = 97, 2 = 97, 3 = 'NORMAL', 4 = 'IMPORTANT', 5 = 'DELETED', 6 = true, 7 = '공지 제목 97', 8 = '공지 내용 97', 9 = '작성자08', 10 = 485, 11 = '2025-10-16T12:30:47.079+0900';
2025-10-21 12:40:41.113 INFO  [http-nio-8081-exec-2] [a397c820] p6spy - #1761018041113 | took 0ms | resultset | connection -1| url 
select n1_0.notice_id,n1_0.member_id_fk,n1_0.notice_category,n1_0.notice_priority,n1_0.notice_status,n1_0.is_show,n1_0.notice_title,n1_0.notice_content,n1_0.writer,n1_0.notice_count,n1_0.notice_reg_date from notice n1_0 order by n1_0.notice_id desc limit ?,?
1 = 96, 2 = 96, 3 = 'EVENT', 4 = 'EMERGENCY', 5 = 'ACTIVE', 6 = false, 7 = '공지 제목 96', 8 = '공지 내용 96', 9 = '작성자07', 10 = 480, 11 = '2025-10-15T12:30:47.079+0900';
2025-10-21 12:40:41.114 INFO  [http-nio-8081-exec-2] [a397c820] p6spy - #1761018041114 | took 0ms | resultset | connection -1| url 
select n1_0.notice_id,n1_0.member_id_fk,n1_0.notice_category,n1_0.notice_priority,n1_0.notice_status,n1_0.is_show,n1_0.notice_title,n1_0.notice_content,n1_0.writer,n1_0.notice_count,n1_0.notice_reg_date from notice n1_0 order by n1_0.notice_id desc limit ?,?
1 = 95, 2 = 95, 3 = 'SYSTEM', 4 = 'NORMAL', 5 = 'INACTIVE', 6 = true, 7 = '공지 제목 95', 8 = '공지 내용 95', 9 = '작성자06', 10 = 475, 11 = '2025-10-14T12:30:47.079+0900';
2025-10-21 12:40:41.114 INFO  [http-nio-8081-exec-2] [a397c820] p6spy - #1761018041114 | took 0ms | resultset | connection -1| url 
select n1_0.notice_id,n1_0.member_id_fk,n1_0.notice_category,n1_0.notice_priority,n1_0.notice_status,n1_0.is_show,n1_0.notice_title,n1_0.notice_content,n1_0.writer,n1_0.notice_count,n1_0.notice_reg_date from notice n1_0 order by n1_0.notice_id desc limit ?,?
1 = 94, 2 = 94, 3 = 'POLICY', 4 = 'IMPORTANT', 5 = 'DELETED', 6 = false, 7 = '공지 제목 94', 8 = '공지 내용 94', 9 = '작성자05', 10 = 470, 11 = '2025-10-13T12:30:47.079+0900';
2025-10-21 12:40:41.115 INFO  [http-nio-8081-exec-2] [a397c820] p6spy - #1761018041115 | took 0ms | resultset | connection -1| url 
select n1_0.notice_id,n1_0.member_id_fk,n1_0.notice_category,n1_0.notice_priority,n1_0.notice_status,n1_0.is_show,n1_0.notice_title,n1_0.notice_content,n1_0.writer,n1_0.notice_count,n1_0.notice_reg_date from notice n1_0 order by n1_0.notice_id desc limit ?,?
1 = 93, 2 = 93, 3 = 'NORMAL', 4 = 'EMERGENCY', 5 = 'ACTIVE', 6 = true, 7 = '공지 제목 93', 8 = '공지 내용 93', 9 = '작성자04', 10 = 465, 11 = '2025-10-12T12:30:47.079+0900';
2025-10-21 12:40:41.116 INFO  [http-nio-8081-exec-2] [a397c820] p6spy - #1761018041116 | took 0ms | resultset | connection -1| url 
select n1_0.notice_id,n1_0.member_id_fk,n1_0.notice_category,n1_0.notice_priority,n1_0.notice_status,n1_0.is_show,n1_0.notice_title,n1_0.notice_content,n1_0.writer,n1_0.notice_count,n1_0.notice_reg_date from notice n1_0 order by n1_0.notice_id desc limit ?,?
1 = 92, 2 = 92, 3 = 'EVENT', 4 = 'NORMAL', 5 = 'INACTIVE', 6 = false, 7 = '공지 제목 92', 8 = '공지 내용 92', 9 = '작성자03', 10 = 460, 11 = '2025-10-11T12:30:47.079+0900';
2025-10-21 12:40:41.116 INFO  [http-nio-8081-exec-2] [a397c820] p6spy - #1761018041116 | took 0ms | resultset | connection -1| url 
select n1_0.notice_id,n1_0.member_id_fk,n1_0.notice_category,n1_0.notice_priority,n1_0.notice_status,n1_0.is_show,n1_0.notice_title,n1_0.notice_content,n1_0.writer,n1_0.notice_count,n1_0.notice_reg_date from notice n1_0 order by n1_0.notice_id desc limit ?,?
1 = 91, 2 = 91, 3 = 'SYSTEM', 4 = 'IMPORTANT', 5 = 'DELETED', 6 = true, 7 = '공지 제목 91', 8 = '공지 내용 91', 9 = '작성자02', 10 = 455, 11 = '2025-10-10T12:30:47.079+0900';
2025-10-21 12:40:41.119 INFO  [http-nio-8081-exec-2] [a397c820] p6spy - #1761018041119 | took 0ms | resultset | connection -1| url 
select count(n1_0.notice_id) from notice n1_0
1 = 100;
2025-10-21 12:41:08.494 INFO  [http-nio-8081-exec-5] [270a42d7] p6spy - #1761018068494 | took 0ms | resultset | connection -1| url 
select n1_0.notice_id,n1_0.member_id_fk,n1_0.notice_category,n1_0.notice_priority,n1_0.notice_status,n1_0.is_show,n1_0.notice_title,n1_0.notice_content,n1_0.writer,n1_0.notice_count,n1_0.notice_reg_date from notice n1_0 order by n1_0.notice_id desc limit ?,?
1 = 100, 2 = 100, 3 = 'EVENT', 4 = 'IMPORTANT', 5 = 'DELETED', 6 = false, 7 = '공지 제목 100', 8 = '공지 내용 100', 9 = '작성자01', 10 = 500, 11 = '2025-10-19T12:30:47.079+0900';
2025-10-21 12:41:08.494 INFO  [http-nio-8081-exec-5] [270a42d7] p6spy - #1761018068494 | took 0ms | resultset | connection -1| url 
select n1_0.notice_id,n1_0.member_id_fk,n1_0.notice_category,n1_0.notice_priority,n1_0.notice_status,n1_0.is_show,n1_0.notice_title,n1_0.notice_content,n1_0.writer,n1_0.notice_count,n1_0.notice_reg_date from notice n1_0 order by n1_0.notice_id desc limit ?,?
1 = 99, 2 = 99, 3 = 'SYSTEM', 4 = 'EMERGENCY', 5 = 'ACTIVE', 6 = true, 7 = '공지 제목 99', 8 = '공지 내용 99', 9 = '작성자10', 10 = 495, 11 = '2025-10-18T12:30:47.079+0900';
2025-10-21 12:41:08.504 INFO  [http-nio-8081-exec-5] [270a42d7] p6spy - #1761018068504 | took 0ms | resultset | connection -1| url 
select n1_0.notice_id,n1_0.member_id_fk,n1_0.notice_category,n1_0.notice_priority,n1_0.notice_status,n1_0.is_show,n1_0.notice_title,n1_0.notice_content,n1_0.writer,n1_0.notice_count,n1_0.notice_reg_date from notice n1_0 order by n1_0.notice_id desc limit ?,?
1 = 98, 2 = 98, 3 = 'POLICY', 4 = 'NORMAL', 5 = 'INACTIVE', 6 = false, 7 = '공지 제목 98', 8 = '공지 내용 98', 9 = '작성자09', 10 = 490, 11 = '2025-10-17T12:30:47.079+0900';
2025-10-21 12:41:08.505 INFO  [http-nio-8081-exec-5] [270a42d7] p6spy - #1761018068505 | took 0ms | resultset | connection -1| url 
select n1_0.notice_id,n1_0.member_id_fk,n1_0.notice_category,n1_0.notice_priority,n1_0.notice_status,n1_0.is_show,n1_0.notice_title,n1_0.notice_content,n1_0.writer,n1_0.notice_count,n1_0.notice_reg_date from notice n1_0 order by n1_0.notice_id desc limit ?,?
1 = 97, 2 = 97, 3 = 'NORMAL', 4 = 'IMPORTANT', 5 = 'DELETED', 6 = true, 7 = '공지 제목 97', 8 = '공지 내용 97', 9 = '작성자08', 10 = 485, 11 = '2025-10-16T12:30:47.079+0900';
2025-10-21 12:41:08.505 INFO  [http-nio-8081-exec-5] [270a42d7] p6spy - #1761018068505 | took 0ms | resultset | connection -1| url 
select n1_0.notice_id,n1_0.member_id_fk,n1_0.notice_category,n1_0.notice_priority,n1_0.notice_status,n1_0.is_show,n1_0.notice_title,n1_0.notice_content,n1_0.writer,n1_0.notice_count,n1_0.notice_reg_date from notice n1_0 order by n1_0.notice_id desc limit ?,?
1 = 96, 2 = 96, 3 = 'EVENT', 4 = 'EMERGENCY', 5 = 'ACTIVE', 6 = false, 7 = '공지 제목 96', 8 = '공지 내용 96', 9 = '작성자07', 10 = 480, 11 = '2025-10-15T12:30:47.079+0900';
2025-10-21 12:41:08.505 INFO  [http-nio-8081-exec-5] [270a42d7] p6spy - #1761018068505 | took 0ms | resultset | connection -1| url 
select n1_0.notice_id,n1_0.member_id_fk,n1_0.notice_category,n1_0.notice_priority,n1_0.notice_status,n1_0.is_show,n1_0.notice_title,n1_0.notice_content,n1_0.writer,n1_0.notice_count,n1_0.notice_reg_date from notice n1_0 order by n1_0.notice_id desc limit ?,?
1 = 95, 2 = 95, 3 = 'SYSTEM', 4 = 'NORMAL', 5 = 'INACTIVE', 6 = true, 7 = '공지 제목 95', 8 = '공지 내용 95', 9 = '작성자06', 10 = 475, 11 = '2025-10-14T12:30:47.079+0900';
2025-10-21 12:41:08.505 INFO  [http-nio-8081-exec-5] [270a42d7] p6spy - #1761018068505 | took 0ms | resultset | connection -1| url 
select n1_0.notice_id,n1_0.member_id_fk,n1_0.notice_category,n1_0.notice_priority,n1_0.notice_status,n1_0.is_show,n1_0.notice_title,n1_0.notice_content,n1_0.writer,n1_0.notice_count,n1_0.notice_reg_date from notice n1_0 order by n1_0.notice_id desc limit ?,?
1 = 94, 2 = 94, 3 = 'POLICY', 4 = 'IMPORTANT', 5 = 'DELETED', 6 = false, 7 = '공지 제목 94', 8 = '공지 내용 94', 9 = '작성자05', 10 = 470, 11 = '2025-10-13T12:30:47.079+0900';
2025-10-21 12:41:08.505 INFO  [http-nio-8081-exec-5] [270a42d7] p6spy - #1761018068505 | took 0ms | resultset | connection -1| url 
select n1_0.notice_id,n1_0.member_id_fk,n1_0.notice_category,n1_0.notice_priority,n1_0.notice_status,n1_0.is_show,n1_0.notice_title,n1_0.notice_content,n1_0.writer,n1_0.notice_count,n1_0.notice_reg_date from notice n1_0 order by n1_0.notice_id desc limit ?,?
1 = 93, 2 = 93, 3 = 'NORMAL', 4 = 'EMERGENCY', 5 = 'ACTIVE', 6 = true, 7 = '공지 제목 93', 8 = '공지 내용 93', 9 = '작성자04', 10 = 465, 11 = '2025-10-12T12:30:47.079+0900';
2025-10-21 12:41:08.505 INFO  [http-nio-8081-exec-5] [270a42d7] p6spy - #1761018068505 | took 0ms | resultset | connection -1| url 
select n1_0.notice_id,n1_0.member_id_fk,n1_0.notice_category,n1_0.notice_priority,n1_0.notice_status,n1_0.is_show,n1_0.notice_title,n1_0.notice_content,n1_0.writer,n1_0.notice_count,n1_0.notice_reg_date from notice n1_0 order by n1_0.notice_id desc limit ?,?
1 = 92, 2 = 92, 3 = 'EVENT', 4 = 'NORMAL', 5 = 'INACTIVE', 6 = false, 7 = '공지 제목 92', 8 = '공지 내용 92', 9 = '작성자03', 10 = 460, 11 = '2025-10-11T12:30:47.079+0900';
2025-10-21 12:41:08.505 INFO  [http-nio-8081-exec-5] [270a42d7] p6spy - #1761018068505 | took 0ms | resultset | connection -1| url 
select n1_0.notice_id,n1_0.member_id_fk,n1_0.notice_category,n1_0.notice_priority,n1_0.notice_status,n1_0.is_show,n1_0.notice_title,n1_0.notice_content,n1_0.writer,n1_0.notice_count,n1_0.notice_reg_date from notice n1_0 order by n1_0.notice_id desc limit ?,?
1 = 91, 2 = 91, 3 = 'SYSTEM', 4 = 'IMPORTANT', 5 = 'DELETED', 6 = true, 7 = '공지 제목 91', 8 = '공지 내용 91', 9 = '작성자02', 10 = 455, 11 = '2025-10-10T12:30:47.079+0900';
2025-10-21 12:41:08.505 INFO  [http-nio-8081-exec-5] [270a42d7] p6spy - #1761018068505 | took 0ms | resultset | connection -1| url 
select count(n1_0.notice_id) from notice n1_0
1 = 100;
2025-10-21 12:44:24.126 INFO  [background-preinit] [] o.h.validator.internal.util.Version - HV000001: Hibernate Validator 8.0.3.Final
2025-10-21 12:44:24.157 INFO  [restartedMain] [] c.b.i.Ict05FinalAdminApplication - Starting Ict05FinalAdminApplication using Java 17.0.12 with PID 8768 (D:\DEV05\workspace_IntelliJ\ict05_final_project\ict05_final_admin\build\classes\java\main started by ict1 in D:\DEV05\workspace_IntelliJ\ict05_final_project\ict05_final_admin)
2025-10-21 12:44:24.158 DEBUG [restartedMain] [] c.b.i.Ict05FinalAdminApplication - Running with Spring Boot v3.5.6, Spring v6.2.11
2025-10-21 12:44:24.158 INFO  [restartedMain] [] c.b.i.Ict05FinalAdminApplication - The following 1 profile is active: "dev"
2025-10-21 12:44:24.191 INFO  [restartedMain] [] o.s.b.d.e.DevToolsPropertyDefaultsPostProcessor - Devtools property defaults active! Set 'spring.devtools.add-properties' to 'false' to disable
2025-10-21 12:44:24.191 INFO  [restartedMain] [] o.s.b.d.e.DevToolsPropertyDefaultsPostProcessor - For additional web related logging consider setting the 'logging.level.web' property to 'DEBUG'
2025-10-21 12:44:24.849 INFO  [restartedMain] [] o.s.d.r.c.RepositoryConfigurationDelegate - Bootstrapping Spring Data JPA repositories in DEFAULT mode.
2025-10-21 12:44:24.919 INFO  [restartedMain] [] o.s.d.r.c.RepositoryConfigurationDelegate - Finished Spring Data repository scanning in 53 ms. Found 7 JPA repository interfaces.
2025-10-21 12:44:25.634 INFO  [restartedMain] [] o.s.b.w.e.tomcat.TomcatWebServer - Tomcat initialized with port 8081 (http)
2025-10-21 12:44:25.647 INFO  [restartedMain] [] o.a.coyote.http11.Http11NioProtocol - Initializing ProtocolHandler ["http-nio-8081"]
2025-10-21 12:44:25.648 INFO  [restartedMain] [] o.a.catalina.core.StandardService - Starting service [Tomcat]
2025-10-21 12:44:25.649 INFO  [restartedMain] [] o.a.catalina.core.StandardEngine - Starting Servlet engine: [Apache Tomcat/10.1.46]
2025-10-21 12:44:25.694 INFO  [restartedMain] [] o.a.c.c.C.[.[localhost].[/admin] - Initializing Spring embedded WebApplicationContext
2025-10-21 12:44:25.694 INFO  [restartedMain] [] o.s.b.w.s.c.ServletWebServerApplicationContext - Root WebApplicationContext: initialization completed in 1503 ms
2025-10-21 12:44:25.924 INFO  [restartedMain] [] o.h.jpa.internal.util.LogHelper - HHH000204: Processing PersistenceUnitInfo [name: default]
2025-10-21 12:44:26.027 INFO  [restartedMain] [] org.hibernate.Version - HHH000412: Hibernate ORM core version 6.6.29.Final
2025-10-21 12:44:26.047 INFO  [restartedMain] [] o.h.c.i.RegionFactoryInitiator - HHH000026: Second-level cache disabled
2025-10-21 12:44:26.390 INFO  [restartedMain] [] o.s.o.j.p.SpringPersistenceUnitInfo - No LoadTimeWeaver setup: ignoring JPA class transformer
2025-10-21 12:44:26.412 INFO  [restartedMain] [] com.zaxxer.hikari.HikariDataSource - HikariPool-1 - Starting...
2025-10-21 12:44:26.522 INFO  [restartedMain] [] com.zaxxer.hikari.pool.HikariPool - HikariPool-1 - Added connection com.p6spy.engine.wrapper.ConnectionWrapper@7f7f48d
2025-10-21 12:44:26.522 INFO  [restartedMain] [] com.zaxxer.hikari.HikariDataSource - HikariPool-1 - Start completed.
2025-10-21 12:44:26.538 WARN  [restartedMain] [] org.hibernate.orm.deprecation - HHH90000025: MariaDBDialect does not need to be specified explicitly using 'hibernate.dialect' (remove the property setting and it will be selected by default)
2025-10-21 12:44:26.554 INFO  [restartedMain] [] o.hibernate.orm.connections.pooling - HHH10001005: Database info:
	Database JDBC URL [Connecting through datasource 'HikariDataSource (HikariPool-1)']
	Database driver: undefined/unknown
	Database version: 10.5.12
	Autocommit mode: undefined/unknown
	Isolation level: undefined/unknown
	Minimum pool size: undefined/unknown
	Maximum pool size: undefined/unknown
2025-10-21 12:44:27.103 INFO  [restartedMain] [] o.h.e.t.j.p.i.JtaPlatformInitiator - HHH000489: No JTA platform available (set 'hibernate.transaction.jta.platform' to enable JTA platform integration)
2025-10-21 12:44:27.242 INFO  [restartedMain] [] o.s.o.j.LocalContainerEntityManagerFactoryBean - Initialized JPA EntityManagerFactory for persistence unit 'default'
2025-10-21 12:44:27.774 WARN  [restartedMain] [] o.s.b.a.o.j.JpaBaseConfiguration$JpaWebConfiguration - spring.jpa.open-in-view is enabled by default. Therefore, database queries may be performed during view rendering. Explicitly configure spring.jpa.open-in-view to disable this warning
2025-10-21 12:44:27.807 INFO  [restartedMain] [] o.s.b.a.w.s.WelcomePageHandlerMapping - Adding welcome page template: index
2025-10-21 12:44:28.392 INFO  [restartedMain] [] o.s.b.d.a.OptionalLiveReloadServer - LiveReload server is running on port 35729
2025-10-21 12:44:28.408 INFO  [restartedMain] [] o.a.coyote.http11.Http11NioProtocol - Starting ProtocolHandler ["http-nio-8081"]
2025-10-21 12:44:28.428 INFO  [restartedMain] [] o.s.b.w.e.tomcat.TomcatWebServer - Tomcat started on port 8081 (http) with context path '/admin'
2025-10-21 12:44:28.436 INFO  [restartedMain] [] c.b.i.Ict05FinalAdminApplication - Started Ict05FinalAdminApplication in 4.708 seconds (process running for 5.002)
2025-10-21 12:44:30.503 INFO  [http-nio-8081-exec-1] [] o.a.c.c.C.[.[localhost].[/admin] - Initializing Spring DispatcherServlet 'dispatcherServlet'
2025-10-21 12:44:30.503 INFO  [http-nio-8081-exec-1] [] o.s.web.servlet.DispatcherServlet - Initializing Servlet 'dispatcherServlet'
2025-10-21 12:44:30.504 INFO  [http-nio-8081-exec-1] [] o.s.web.servlet.DispatcherServlet - Completed initialization in 1 ms
2025-10-21 12:44:30.864 INFO  [http-nio-8081-exec-1] [873520ab] p6spy - #1761018270864 | took 0ms | resultset | connection -1| url 
select n1_0.notice_id,n1_0.member_id_fk,n1_0.notice_category,n1_0.notice_priority,n1_0.notice_status,n1_0.is_show,n1_0.notice_title,n1_0.notice_content,n1_0.writer,n1_0.notice_count,n1_0.notice_reg_date from notice n1_0 order by n1_0.notice_id desc limit ?,?
1 = 100, 2 = 100, 3 = 'EVENT', 4 = 'IMPORTANT', 5 = 'DELETED', 6 = false, 7 = '공지 제목 100', 8 = '공지 내용 100', 9 = '작성자01', 10 = 500, 11 = '2025-10-19T12:30:47.079+0900';
2025-10-21 12:44:30.865 INFO  [http-nio-8081-exec-1] [873520ab] p6spy - #1761018270865 | took 0ms | resultset | connection -1| url 
select n1_0.notice_id,n1_0.member_id_fk,n1_0.notice_category,n1_0.notice_priority,n1_0.notice_status,n1_0.is_show,n1_0.notice_title,n1_0.notice_content,n1_0.writer,n1_0.notice_count,n1_0.notice_reg_date from notice n1_0 order by n1_0.notice_id desc limit ?,?
1 = 99, 2 = 99, 3 = 'SYSTEM', 4 = 'EMERGENCY', 5 = 'ACTIVE', 6 = true, 7 = '공지 제목 99', 8 = '공지 내용 99', 9 = '작성자10', 10 = 495, 11 = '2025-10-18T12:30:47.079+0900';
2025-10-21 12:44:30.866 INFO  [http-nio-8081-exec-1] [873520ab] p6spy - #1761018270866 | took 0ms | resultset | connection -1| url 
select n1_0.notice_id,n1_0.member_id_fk,n1_0.notice_category,n1_0.notice_priority,n1_0.notice_status,n1_0.is_show,n1_0.notice_title,n1_0.notice_content,n1_0.writer,n1_0.notice_count,n1_0.notice_reg_date from notice n1_0 order by n1_0.notice_id desc limit ?,?
1 = 98, 2 = 98, 3 = 'POLICY', 4 = 'NORMAL', 5 = 'INACTIVE', 6 = false, 7 = '공지 제목 98', 8 = '공지 내용 98', 9 = '작성자09', 10 = 490, 11 = '2025-10-17T12:30:47.079+0900';
2025-10-21 12:44:30.866 INFO  [http-nio-8081-exec-1] [873520ab] p6spy - #1761018270866 | took 0ms | resultset | connection -1| url 
select n1_0.notice_id,n1_0.member_id_fk,n1_0.notice_category,n1_0.notice_priority,n1_0.notice_status,n1_0.is_show,n1_0.notice_title,n1_0.notice_content,n1_0.writer,n1_0.notice_count,n1_0.notice_reg_date from notice n1_0 order by n1_0.notice_id desc limit ?,?
1 = 97, 2 = 97, 3 = 'NORMAL', 4 = 'IMPORTANT', 5 = 'DELETED', 6 = true, 7 = '공지 제목 97', 8 = '공지 내용 97', 9 = '작성자08', 10 = 485, 11 = '2025-10-16T12:30:47.079+0900';
2025-10-21 12:44:30.867 INFO  [http-nio-8081-exec-1] [873520ab] p6spy - #1761018270867 | took 0ms | resultset | connection -1| url 
select n1_0.notice_id,n1_0.member_id_fk,n1_0.notice_category,n1_0.notice_priority,n1_0.notice_status,n1_0.is_show,n1_0.notice_title,n1_0.notice_content,n1_0.writer,n1_0.notice_count,n1_0.notice_reg_date from notice n1_0 order by n1_0.notice_id desc limit ?,?
1 = 96, 2 = 96, 3 = 'EVENT', 4 = 'EMERGENCY', 5 = 'ACTIVE', 6 = false, 7 = '공지 제목 96', 8 = '공지 내용 96', 9 = '작성자07', 10 = 480, 11 = '2025-10-15T12:30:47.079+0900';
2025-10-21 12:44:30.867 INFO  [http-nio-8081-exec-1] [873520ab] p6spy - #1761018270867 | took 0ms | resultset | connection -1| url 
select n1_0.notice_id,n1_0.member_id_fk,n1_0.notice_category,n1_0.notice_priority,n1_0.notice_status,n1_0.is_show,n1_0.notice_title,n1_0.notice_content,n1_0.writer,n1_0.notice_count,n1_0.notice_reg_date from notice n1_0 order by n1_0.notice_id desc limit ?,?
1 = 95, 2 = 95, 3 = 'SYSTEM', 4 = 'NORMAL', 5 = 'INACTIVE', 6 = true, 7 = '공지 제목 95', 8 = '공지 내용 95', 9 = '작성자06', 10 = 475, 11 = '2025-10-14T12:30:47.079+0900';
2025-10-21 12:44:30.868 INFO  [http-nio-8081-exec-1] [873520ab] p6spy - #1761018270868 | took 0ms | resultset | connection -1| url 
select n1_0.notice_id,n1_0.member_id_fk,n1_0.notice_category,n1_0.notice_priority,n1_0.notice_status,n1_0.is_show,n1_0.notice_title,n1_0.notice_content,n1_0.writer,n1_0.notice_count,n1_0.notice_reg_date from notice n1_0 order by n1_0.notice_id desc limit ?,?
1 = 94, 2 = 94, 3 = 'POLICY', 4 = 'IMPORTANT', 5 = 'DELETED', 6 = false, 7 = '공지 제목 94', 8 = '공지 내용 94', 9 = '작성자05', 10 = 470, 11 = '2025-10-13T12:30:47.079+0900';
2025-10-21 12:44:30.868 INFO  [http-nio-8081-exec-1] [873520ab] p6spy - #1761018270868 | took 0ms | resultset | connection -1| url 
select n1_0.notice_id,n1_0.member_id_fk,n1_0.notice_category,n1_0.notice_priority,n1_0.notice_status,n1_0.is_show,n1_0.notice_title,n1_0.notice_content,n1_0.writer,n1_0.notice_count,n1_0.notice_reg_date from notice n1_0 order by n1_0.notice_id desc limit ?,?
1 = 93, 2 = 93, 3 = 'NORMAL', 4 = 'EMERGENCY', 5 = 'ACTIVE', 6 = true, 7 = '공지 제목 93', 8 = '공지 내용 93', 9 = '작성자04', 10 = 465, 11 = '2025-10-12T12:30:47.079+0900';
2025-10-21 12:44:30.869 INFO  [http-nio-8081-exec-1] [873520ab] p6spy - #1761018270868 | took 0ms | resultset | connection -1| url 
select n1_0.notice_id,n1_0.member_id_fk,n1_0.notice_category,n1_0.notice_priority,n1_0.notice_status,n1_0.is_show,n1_0.notice_title,n1_0.notice_content,n1_0.writer,n1_0.notice_count,n1_0.notice_reg_date from notice n1_0 order by n1_0.notice_id desc limit ?,?
1 = 92, 2 = 92, 3 = 'EVENT', 4 = 'NORMAL', 5 = 'INACTIVE', 6 = false, 7 = '공지 제목 92', 8 = '공지 내용 92', 9 = '작성자03', 10 = 460, 11 = '2025-10-11T12:30:47.079+0900';
2025-10-21 12:44:30.869 INFO  [http-nio-8081-exec-1] [873520ab] p6spy - #1761018270869 | took 0ms | resultset | connection -1| url 
select n1_0.notice_id,n1_0.member_id_fk,n1_0.notice_category,n1_0.notice_priority,n1_0.notice_status,n1_0.is_show,n1_0.notice_title,n1_0.notice_content,n1_0.writer,n1_0.notice_count,n1_0.notice_reg_date from notice n1_0 order by n1_0.notice_id desc limit ?,?
1 = 91, 2 = 91, 3 = 'SYSTEM', 4 = 'IMPORTANT', 5 = 'DELETED', 6 = true, 7 = '공지 제목 91', 8 = '공지 내용 91', 9 = '작성자02', 10 = 455, 11 = '2025-10-10T12:30:47.079+0900';
2025-10-21 12:44:30.913 INFO  [http-nio-8081-exec-1] [873520ab] p6spy - #1761018270913 | took 0ms | resultset | connection -1| url 
select count(n1_0.notice_id) from notice n1_0
1 = 100;
2025-10-21 12:44:35.388 INFO  [http-nio-8081-exec-6] [4a71d959] p6spy - #1761018275388 | took 0ms | resultset | connection -1| url 
select n1_0.notice_id,n1_0.member_id_fk,n1_0.notice_category,n1_0.notice_priority,n1_0.notice_status,n1_0.is_show,n1_0.notice_title,n1_0.notice_content,n1_0.writer,n1_0.notice_count,n1_0.notice_reg_date from notice n1_0 where lower(n1_0.notice_title) like ? escape '!' order by n1_0.notice_id desc limit ?,?
1 = 100, 2 = 100, 3 = 'EVENT', 4 = 'IMPORTANT', 5 = 'DELETED', 6 = false, 7 = '공지 제목 100', 8 = '공지 내용 100', 9 = '작성자01', 10 = 500, 11 = '2025-10-19T12:30:47.079+0900';
2025-10-21 12:44:35.389 INFO  [http-nio-8081-exec-6] [4a71d959] p6spy - #1761018275389 | took 0ms | resultset | connection -1| url 
select n1_0.notice_id,n1_0.member_id_fk,n1_0.notice_category,n1_0.notice_priority,n1_0.notice_status,n1_0.is_show,n1_0.notice_title,n1_0.notice_content,n1_0.writer,n1_0.notice_count,n1_0.notice_reg_date from notice n1_0 where lower(n1_0.notice_title) like ? escape '!' order by n1_0.notice_id desc limit ?,?
1 = 10, 2 = 10, 3 = 'POLICY', 4 = 'IMPORTANT', 5 = 'DELETED', 6 = false, 7 = '공지 제목 10', 8 = '공지 내용 10', 9 = '작성자01', 10 = 50, 11 = '2025-07-21T12:30:47.079+0900';
2025-10-21 12:44:35.397 INFO  [http-nio-8081-exec-6] [4a71d959] p6spy - #1761018275397 | took 0ms | resultset | connection -1| url 
select count(n1_0.notice_id) from notice n1_0 where lower(n1_0.notice_title) like ? escape '!'
1 = 2;
2025-10-21 12:45:24.586 INFO  [http-nio-8081-exec-9] [9384164a] p6spy - #1761018324586 | took 0ms | resultset | connection -1| url 
select n1_0.notice_id,n1_0.member_id_fk,n1_0.notice_category,n1_0.notice_priority,n1_0.notice_status,n1_0.is_show,n1_0.notice_title,n1_0.notice_content,n1_0.writer,n1_0.notice_count,n1_0.notice_reg_date from notice n1_0 where lower(n1_0.notice_title) like ? escape '!' order by n1_0.notice_id desc limit ?,?
1 = 100, 2 = 100, 3 = 'EVENT', 4 = 'IMPORTANT', 5 = 'DELETED', 6 = false, 7 = '공지 제목 100', 8 = '공지 내용 100', 9 = '작성자01', 10 = 500, 11 = '2025-10-19T12:30:47.079+0900';
2025-10-21 12:45:24.586 INFO  [http-nio-8081-exec-9] [9384164a] p6spy - #1761018324586 | took 0ms | resultset | connection -1| url 
select n1_0.notice_id,n1_0.member_id_fk,n1_0.notice_category,n1_0.notice_priority,n1_0.notice_status,n1_0.is_show,n1_0.notice_title,n1_0.notice_content,n1_0.writer,n1_0.notice_count,n1_0.notice_reg_date from notice n1_0 where lower(n1_0.notice_title) like ? escape '!' order by n1_0.notice_id desc limit ?,?
1 = 10, 2 = 10, 3 = 'POLICY', 4 = 'IMPORTANT', 5 = 'DELETED', 6 = false, 7 = '공지 제목 10', 8 = '공지 내용 10', 9 = '작성자01', 10 = 50, 11 = '2025-07-21T12:30:47.079+0900';
2025-10-21 12:45:24.595 INFO  [http-nio-8081-exec-9] [9384164a] p6spy - #1761018324595 | took 0ms | resultset | connection -1| url 
select count(n1_0.notice_id) from notice n1_0 where lower(n1_0.notice_title) like ? escape '!'
1 = 2;
2025-10-21 12:45:25.932 INFO  [http-nio-8081-exec-2] [26f42a65] p6spy - #1761018325932 | took 0ms | resultset | connection -1| url 
select n1_0.notice_id,n1_0.member_id_fk,n1_0.notice_category,n1_0.notice_priority,n1_0.notice_status,n1_0.is_show,n1_0.notice_title,n1_0.notice_content,n1_0.writer,n1_0.notice_count,n1_0.notice_reg_date from notice n1_0 where lower(n1_0.notice_title) like ? escape '!' order by n1_0.notice_id desc limit ?,?
1 = 100, 2 = 100, 3 = 'EVENT', 4 = 'IMPORTANT', 5 = 'DELETED', 6 = false, 7 = '공지 제목 100', 8 = '공지 내용 100', 9 = '작성자01', 10 = 500, 11 = '2025-10-19T12:30:47.079+0900';
2025-10-21 12:45:25.933 INFO  [http-nio-8081-exec-2] [26f42a65] p6spy - #1761018325933 | took 0ms | resultset | connection -1| url 
select n1_0.notice_id,n1_0.member_id_fk,n1_0.notice_category,n1_0.notice_priority,n1_0.notice_status,n1_0.is_show,n1_0.notice_title,n1_0.notice_content,n1_0.writer,n1_0.notice_count,n1_0.notice_reg_date from notice n1_0 where lower(n1_0.notice_title) like ? escape '!' order by n1_0.notice_id desc limit ?,?
1 = 10, 2 = 10, 3 = 'POLICY', 4 = 'IMPORTANT', 5 = 'DELETED', 6 = false, 7 = '공지 제목 10', 8 = '공지 내용 10', 9 = '작성자01', 10 = 50, 11 = '2025-07-21T12:30:47.079+0900';
2025-10-21 12:45:25.936 INFO  [http-nio-8081-exec-2] [26f42a65] p6spy - #1761018325936 | took 0ms | resultset | connection -1| url 
select count(n1_0.notice_id) from notice n1_0 where lower(n1_0.notice_title) like ? escape '!'
1 = 2;
2025-10-21 12:45:26.525 INFO  [http-nio-8081-exec-8] [61241ec6] p6spy - #1761018326525 | took 0ms | resultset | connection -1| url 
select n1_0.notice_id,n1_0.member_id_fk,n1_0.notice_category,n1_0.notice_priority,n1_0.notice_status,n1_0.is_show,n1_0.notice_title,n1_0.notice_content,n1_0.writer,n1_0.notice_count,n1_0.notice_reg_date from notice n1_0 where lower(n1_0.notice_title) like ? escape '!' order by n1_0.notice_id desc limit ?,?
1 = 100, 2 = 100, 3 = 'EVENT', 4 = 'IMPORTANT', 5 = 'DELETED', 6 = false, 7 = '공지 제목 100', 8 = '공지 내용 100', 9 = '작성자01', 10 = 500, 11 = '2025-10-19T12:30:47.079+0900';
2025-10-21 12:45:26.526 INFO  [http-nio-8081-exec-8] [61241ec6] p6spy - #1761018326526 | took 0ms | resultset | connection -1| url 
select n1_0.notice_id,n1_0.member_id_fk,n1_0.notice_category,n1_0.notice_priority,n1_0.notice_status,n1_0.is_show,n1_0.notice_title,n1_0.notice_content,n1_0.writer,n1_0.notice_count,n1_0.notice_reg_date from notice n1_0 where lower(n1_0.notice_title) like ? escape '!' order by n1_0.notice_id desc limit ?,?
1 = 10, 2 = 10, 3 = 'POLICY', 4 = 'IMPORTANT', 5 = 'DELETED', 6 = false, 7 = '공지 제목 10', 8 = '공지 내용 10', 9 = '작성자01', 10 = 50, 11 = '2025-07-21T12:30:47.079+0900';
2025-10-21 12:45:26.529 INFO  [http-nio-8081-exec-8] [61241ec6] p6spy - #1761018326529 | took 0ms | resultset | connection -1| url 
select count(n1_0.notice_id) from notice n1_0 where lower(n1_0.notice_title) like ? escape '!'
1 = 2;
2025-10-21 12:47:10.246 INFO  [http-nio-8081-exec-10] [733ee14d] p6spy - #1761018430246 | took 0ms | resultset | connection -1| url 
select n1_0.notice_id,n1_0.member_id_fk,n1_0.notice_category,n1_0.notice_priority,n1_0.notice_status,n1_0.is_show,n1_0.notice_title,n1_0.notice_content,n1_0.writer,n1_0.notice_count,n1_0.notice_reg_date from notice n1_0 order by n1_0.notice_id desc limit ?,?
1 = 100, 2 = 100, 3 = 'EVENT', 4 = 'IMPORTANT', 5 = 'DELETED', 6 = false, 7 = '공지 제목 100', 8 = '공지 내용 100', 9 = '작성자01', 10 = 500, 11 = '2025-10-19T12:30:47.079+0900';
2025-10-21 12:47:10.247 INFO  [http-nio-8081-exec-10] [733ee14d] p6spy - #1761018430247 | took 0ms | resultset | connection -1| url 
select n1_0.notice_id,n1_0.member_id_fk,n1_0.notice_category,n1_0.notice_priority,n1_0.notice_status,n1_0.is_show,n1_0.notice_title,n1_0.notice_content,n1_0.writer,n1_0.notice_count,n1_0.notice_reg_date from notice n1_0 order by n1_0.notice_id desc limit ?,?
1 = 99, 2 = 99, 3 = 'SYSTEM', 4 = 'EMERGENCY', 5 = 'ACTIVE', 6 = true, 7 = '공지 제목 99', 8 = '공지 내용 99', 9 = '작성자10', 10 = 495, 11 = '2025-10-18T12:30:47.079+0900';
2025-10-21 12:47:10.247 INFO  [http-nio-8081-exec-10] [733ee14d] p6spy - #1761018430247 | took 0ms | resultset | connection -1| url 
select n1_0.notice_id,n1_0.member_id_fk,n1_0.notice_category,n1_0.notice_priority,n1_0.notice_status,n1_0.is_show,n1_0.notice_title,n1_0.notice_content,n1_0.writer,n1_0.notice_count,n1_0.notice_reg_date from notice n1_0 order by n1_0.notice_id desc limit ?,?
1 = 98, 2 = 98, 3 = 'POLICY', 4 = 'NORMAL', 5 = 'INACTIVE', 6 = false, 7 = '공지 제목 98', 8 = '공지 내용 98', 9 = '작성자09', 10 = 490, 11 = '2025-10-17T12:30:47.079+0900';
2025-10-21 12:47:10.248 INFO  [http-nio-8081-exec-10] [733ee14d] p6spy - #1761018430248 | took 0ms | resultset | connection -1| url 
select n1_0.notice_id,n1_0.member_id_fk,n1_0.notice_category,n1_0.notice_priority,n1_0.notice_status,n1_0.is_show,n1_0.notice_title,n1_0.notice_content,n1_0.writer,n1_0.notice_count,n1_0.notice_reg_date from notice n1_0 order by n1_0.notice_id desc limit ?,?
1 = 97, 2 = 97, 3 = 'NORMAL', 4 = 'IMPORTANT', 5 = 'DELETED', 6 = true, 7 = '공지 제목 97', 8 = '공지 내용 97', 9 = '작성자08', 10 = 485, 11 = '2025-10-16T12:30:47.079+0900';
2025-10-21 12:47:10.248 INFO  [http-nio-8081-exec-10] [733ee14d] p6spy - #1761018430248 | took 0ms | resultset | connection -1| url 
select n1_0.notice_id,n1_0.member_id_fk,n1_0.notice_category,n1_0.notice_priority,n1_0.notice_status,n1_0.is_show,n1_0.notice_title,n1_0.notice_content,n1_0.writer,n1_0.notice_count,n1_0.notice_reg_date from notice n1_0 order by n1_0.notice_id desc limit ?,?
1 = 96, 2 = 96, 3 = 'EVENT', 4 = 'EMERGENCY', 5 = 'ACTIVE', 6 = false, 7 = '공지 제목 96', 8 = '공지 내용 96', 9 = '작성자07', 10 = 480, 11 = '2025-10-15T12:30:47.079+0900';
2025-10-21 12:47:10.248 INFO  [http-nio-8081-exec-10] [733ee14d] p6spy - #1761018430248 | took 0ms | resultset | connection -1| url 
select n1_0.notice_id,n1_0.member_id_fk,n1_0.notice_category,n1_0.notice_priority,n1_0.notice_status,n1_0.is_show,n1_0.notice_title,n1_0.notice_content,n1_0.writer,n1_0.notice_count,n1_0.notice_reg_date from notice n1_0 order by n1_0.notice_id desc limit ?,?
1 = 95, 2 = 95, 3 = 'SYSTEM', 4 = 'NORMAL', 5 = 'INACTIVE', 6 = true, 7 = '공지 제목 95', 8 = '공지 내용 95', 9 = '작성자06', 10 = 475, 11 = '2025-10-14T12:30:47.079+0900';
2025-10-21 12:47:10.249 INFO  [http-nio-8081-exec-10] [733ee14d] p6spy - #1761018430249 | took 0ms | resultset | connection -1| url 
select n1_0.notice_id,n1_0.member_id_fk,n1_0.notice_category,n1_0.notice_priority,n1_0.notice_status,n1_0.is_show,n1_0.notice_title,n1_0.notice_content,n1_0.writer,n1_0.notice_count,n1_0.notice_reg_date from notice n1_0 order by n1_0.notice_id desc limit ?,?
1 = 94, 2 = 94, 3 = 'POLICY', 4 = 'IMPORTANT', 5 = 'DELETED', 6 = false, 7 = '공지 제목 94', 8 = '공지 내용 94', 9 = '작성자05', 10 = 470, 11 = '2025-10-13T12:30:47.079+0900';
2025-10-21 12:47:10.249 INFO  [http-nio-8081-exec-10] [733ee14d] p6spy - #1761018430249 | took 0ms | resultset | connection -1| url 
select n1_0.notice_id,n1_0.member_id_fk,n1_0.notice_category,n1_0.notice_priority,n1_0.notice_status,n1_0.is_show,n1_0.notice_title,n1_0.notice_content,n1_0.writer,n1_0.notice_count,n1_0.notice_reg_date from notice n1_0 order by n1_0.notice_id desc limit ?,?
1 = 93, 2 = 93, 3 = 'NORMAL', 4 = 'EMERGENCY', 5 = 'ACTIVE', 6 = true, 7 = '공지 제목 93', 8 = '공지 내용 93', 9 = '작성자04', 10 = 465, 11 = '2025-10-12T12:30:47.079+0900';
2025-10-21 12:47:10.250 INFO  [http-nio-8081-exec-10] [733ee14d] p6spy - #1761018430250 | took 0ms | resultset | connection -1| url 
select n1_0.notice_id,n1_0.member_id_fk,n1_0.notice_category,n1_0.notice_priority,n1_0.notice_status,n1_0.is_show,n1_0.notice_title,n1_0.notice_content,n1_0.writer,n1_0.notice_count,n1_0.notice_reg_date from notice n1_0 order by n1_0.notice_id desc limit ?,?
1 = 92, 2 = 92, 3 = 'EVENT', 4 = 'NORMAL', 5 = 'INACTIVE', 6 = false, 7 = '공지 제목 92', 8 = '공지 내용 92', 9 = '작성자03', 10 = 460, 11 = '2025-10-11T12:30:47.079+0900';
2025-10-21 12:47:10.250 INFO  [http-nio-8081-exec-10] [733ee14d] p6spy - #1761018430250 | took 0ms | resultset | connection -1| url 
select n1_0.notice_id,n1_0.member_id_fk,n1_0.notice_category,n1_0.notice_priority,n1_0.notice_status,n1_0.is_show,n1_0.notice_title,n1_0.notice_content,n1_0.writer,n1_0.notice_count,n1_0.notice_reg_date from notice n1_0 order by n1_0.notice_id desc limit ?,?
1 = 91, 2 = 91, 3 = 'SYSTEM', 4 = 'IMPORTANT', 5 = 'DELETED', 6 = true, 7 = '공지 제목 91', 8 = '공지 내용 91', 9 = '작성자02', 10 = 455, 11 = '2025-10-10T12:30:47.079+0900';
2025-10-21 12:47:10.252 INFO  [http-nio-8081-exec-10] [733ee14d] p6spy - #1761018430252 | took 0ms | resultset | connection -1| url 
select count(n1_0.notice_id) from notice n1_0
1 = 100;
2025-10-21 12:47:16.311 INFO  [http-nio-8081-exec-6] [16510f77] p6spy - #1761018436311 | took 0ms | resultset | connection -1| url 
select n1_0.notice_id,n1_0.member_id_fk,n1_0.notice_category,n1_0.notice_priority,n1_0.notice_status,n1_0.is_show,n1_0.notice_title,n1_0.notice_content,n1_0.writer,n1_0.notice_count,n1_0.notice_reg_date from notice n1_0 order by n1_0.notice_id desc limit ?,?
1 = 10, 2 = 10, 3 = 'POLICY', 4 = 'IMPORTANT', 5 = 'DELETED', 6 = false, 7 = '공지 제목 10', 8 = '공지 내용 10', 9 = '작성자01', 10 = 50, 11 = '2025-07-21T12:30:47.079+0900';
2025-10-21 12:47:16.311 INFO  [http-nio-8081-exec-6] [16510f77] p6spy - #1761018436311 | took 0ms | resultset | connection -1| url 
select n1_0.notice_id,n1_0.member_id_fk,n1_0.notice_category,n1_0.notice_priority,n1_0.notice_status,n1_0.is_show,n1_0.notice_title,n1_0.notice_content,n1_0.writer,n1_0.notice_count,n1_0.notice_reg_date from notice n1_0 order by n1_0.notice_id desc limit ?,?
1 = 9, 2 = 9, 3 = 'NORMAL', 4 = 'EMERGENCY', 5 = 'ACTIVE', 6 = true, 7 = '공지 제목 9', 8 = '공지 내용 9', 9 = '작성자10', 10 = 45, 11 = '2025-07-20T12:30:47.079+0900';
2025-10-21 12:47:16.312 INFO  [http-nio-8081-exec-6] [16510f77] p6spy - #1761018436312 | took 0ms | resultset | connection -1| url 
select n1_0.notice_id,n1_0.member_id_fk,n1_0.notice_category,n1_0.notice_priority,n1_0.notice_status,n1_0.is_show,n1_0.notice_title,n1_0.notice_content,n1_0.writer,n1_0.notice_count,n1_0.notice_reg_date from notice n1_0 order by n1_0.notice_id desc limit ?,?
1 = 8, 2 = 8, 3 = 'EVENT', 4 = 'NORMAL', 5 = 'INACTIVE', 6 = false, 7 = '공지 제목 8', 8 = '공지 내용 8', 9 = '작성자09', 10 = 40, 11 = '2025-07-19T12:30:47.079+0900';
2025-10-21 12:47:16.313 INFO  [http-nio-8081-exec-6] [16510f77] p6spy - #1761018436313 | took 0ms | resultset | connection -1| url 
select n1_0.notice_id,n1_0.member_id_fk,n1_0.notice_category,n1_0.notice_priority,n1_0.notice_status,n1_0.is_show,n1_0.notice_title,n1_0.notice_content,n1_0.writer,n1_0.notice_count,n1_0.notice_reg_date from notice n1_0 order by n1_0.notice_id desc limit ?,?
1 = 7, 2 = 7, 3 = 'SYSTEM', 4 = 'IMPORTANT', 5 = 'DELETED', 6 = true, 7 = '공지 제목 7', 8 = '공지 내용 7', 9 = '작성자08', 10 = 35, 11 = '2025-07-18T12:30:47.079+0900';
2025-10-21 12:47:16.314 INFO  [http-nio-8081-exec-6] [16510f77] p6spy - #1761018436314 | took 0ms | resultset | connection -1| url 
select n1_0.notice_id,n1_0.member_id_fk,n1_0.notice_category,n1_0.notice_priority,n1_0.notice_status,n1_0.is_show,n1_0.notice_title,n1_0.notice_content,n1_0.writer,n1_0.notice_count,n1_0.notice_reg_date from notice n1_0 order by n1_0.notice_id desc limit ?,?
1 = 6, 2 = 6, 3 = 'POLICY', 4 = 'EMERGENCY', 5 = 'ACTIVE', 6 = false, 7 = '공지 제목 6', 8 = '공지 내용 6', 9 = '작성자07', 10 = 30, 11 = '2025-07-17T12:30:47.079+0900';
2025-10-21 12:47:16.315 INFO  [http-nio-8081-exec-6] [16510f77] p6spy - #1761018436315 | took 0ms | resultset | connection -1| url 
select n1_0.notice_id,n1_0.member_id_fk,n1_0.notice_category,n1_0.notice_priority,n1_0.notice_status,n1_0.is_show,n1_0.notice_title,n1_0.notice_content,n1_0.writer,n1_0.notice_count,n1_0.notice_reg_date from notice n1_0 order by n1_0.notice_id desc limit ?,?
1 = 5, 2 = 5, 3 = 'NORMAL', 4 = 'NORMAL', 5 = 'INACTIVE', 6 = true, 7 = '공지 제목 5', 8 = '공지 내용 5', 9 = '작성자06', 10 = 25, 11 = '2025-07-16T12:30:47.079+0900';
2025-10-21 12:47:16.316 INFO  [http-nio-8081-exec-6] [16510f77] p6spy - #1761018436316 | took 0ms | resultset | connection -1| url 
select n1_0.notice_id,n1_0.member_id_fk,n1_0.notice_category,n1_0.notice_priority,n1_0.notice_status,n1_0.is_show,n1_0.notice_title,n1_0.notice_content,n1_0.writer,n1_0.notice_count,n1_0.notice_reg_date from notice n1_0 order by n1_0.notice_id desc limit ?,?
1 = 4, 2 = 4, 3 = 'EVENT', 4 = 'IMPORTANT', 5 = 'DELETED', 6 = false, 7 = '공지 제목 4', 8 = '공지 내용 4', 9 = '작성자05', 10 = 20, 11 = '2025-07-15T12:30:47.079+0900';
2025-10-21 12:47:16.317 INFO  [http-nio-8081-exec-6] [16510f77] p6spy - #1761018436317 | took 0ms | resultset | connection -1| url 
select n1_0.notice_id,n1_0.member_id_fk,n1_0.notice_category,n1_0.notice_priority,n1_0.notice_status,n1_0.is_show,n1_0.notice_title,n1_0.notice_content,n1_0.writer,n1_0.notice_count,n1_0.notice_reg_date from notice n1_0 order by n1_0.notice_id desc limit ?,?
1 = 3, 2 = 3, 3 = 'SYSTEM', 4 = 'EMERGENCY', 5 = 'ACTIVE', 6 = true, 7 = '공지 제목 3', 8 = '공지 내용 3', 9 = '작성자04', 10 = 15, 11 = '2025-07-14T12:30:47.079+0900';
2025-10-21 12:47:16.317 INFO  [http-nio-8081-exec-6] [16510f77] p6spy - #1761018436317 | took 0ms | resultset | connection -1| url 
select n1_0.notice_id,n1_0.member_id_fk,n1_0.notice_category,n1_0.notice_priority,n1_0.notice_status,n1_0.is_show,n1_0.notice_title,n1_0.notice_content,n1_0.writer,n1_0.notice_count,n1_0.notice_reg_date from notice n1_0 order by n1_0.notice_id desc limit ?,?
1 = 2, 2 = 2, 3 = 'POLICY', 4 = 'NORMAL', 5 = 'INACTIVE', 6 = false, 7 = '공지 제목 2', 8 = '공지 내용 2', 9 = '작성자03', 10 = 10, 11 = '2025-07-13T12:30:47.079+0900';
2025-10-21 12:47:16.317 INFO  [http-nio-8081-exec-6] [16510f77] p6spy - #1761018436317 | took 0ms | resultset | connection -1| url 
select n1_0.notice_id,n1_0.member_id_fk,n1_0.notice_category,n1_0.notice_priority,n1_0.notice_status,n1_0.is_show,n1_0.notice_title,n1_0.notice_content,n1_0.writer,n1_0.notice_count,n1_0.notice_reg_date from notice n1_0 order by n1_0.notice_id desc limit ?,?
1 = 1, 2 = 1, 3 = 'NORMAL', 4 = 'IMPORTANT', 5 = 'DELETED', 6 = true, 7 = '공지 제목 1', 8 = '공지 내용 1', 9 = '작성자02', 10 = 5, 11 = '2025-07-12T12:30:47.079+0900';
2025-10-21 12:47:16.321 INFO  [http-nio-8081-exec-6] [16510f77] p6spy - #1761018436321 | took 0ms | resultset | connection -1| url 
select count(n1_0.notice_id) from notice n1_0
1 = 100;
2025-10-21 12:47:19.000 INFO  [http-nio-8081-exec-4] [4d3fdc69] p6spy - #1761018439000 | took 0ms | resultset | connection -1| url 
select n1_0.notice_id,n1_0.member_id_fk,n1_0.notice_category,n1_0.notice_priority,n1_0.notice_status,n1_0.is_show,n1_0.notice_title,n1_0.notice_content,n1_0.writer,n1_0.notice_count,n1_0.notice_reg_date from notice n1_0 order by n1_0.notice_id desc limit ?,?
1 = 100, 2 = 100, 3 = 'EVENT', 4 = 'IMPORTANT', 5 = 'DELETED', 6 = false, 7 = '공지 제목 100', 8 = '공지 내용 100', 9 = '작성자01', 10 = 500, 11 = '2025-10-19T12:30:47.079+0900';
2025-10-21 12:47:19.001 INFO  [http-nio-8081-exec-4] [4d3fdc69] p6spy - #1761018439001 | took 0ms | resultset | connection -1| url 
select n1_0.notice_id,n1_0.member_id_fk,n1_0.notice_category,n1_0.notice_priority,n1_0.notice_status,n1_0.is_show,n1_0.notice_title,n1_0.notice_content,n1_0.writer,n1_0.notice_count,n1_0.notice_reg_date from notice n1_0 order by n1_0.notice_id desc limit ?,?
1 = 99, 2 = 99, 3 = 'SYSTEM', 4 = 'EMERGENCY', 5 = 'ACTIVE', 6 = true, 7 = '공지 제목 99', 8 = '공지 내용 99', 9 = '작성자10', 10 = 495, 11 = '2025-10-18T12:30:47.079+0900';
2025-10-21 12:47:19.001 INFO  [http-nio-8081-exec-4] [4d3fdc69] p6spy - #1761018439001 | took 0ms | resultset | connection -1| url 
select n1_0.notice_id,n1_0.member_id_fk,n1_0.notice_category,n1_0.notice_priority,n1_0.notice_status,n1_0.is_show,n1_0.notice_title,n1_0.notice_content,n1_0.writer,n1_0.notice_count,n1_0.notice_reg_date from notice n1_0 order by n1_0.notice_id desc limit ?,?
1 = 98, 2 = 98, 3 = 'POLICY', 4 = 'NORMAL', 5 = 'INACTIVE', 6 = false, 7 = '공지 제목 98', 8 = '공지 내용 98', 9 = '작성자09', 10 = 490, 11 = '2025-10-17T12:30:47.079+0900';
2025-10-21 12:47:19.001 INFO  [http-nio-8081-exec-4] [4d3fdc69] p6spy - #1761018439001 | took 0ms | resultset | connection -1| url 
select n1_0.notice_id,n1_0.member_id_fk,n1_0.notice_category,n1_0.notice_priority,n1_0.notice_status,n1_0.is_show,n1_0.notice_title,n1_0.notice_content,n1_0.writer,n1_0.notice_count,n1_0.notice_reg_date from notice n1_0 order by n1_0.notice_id desc limit ?,?
1 = 97, 2 = 97, 3 = 'NORMAL', 4 = 'IMPORTANT', 5 = 'DELETED', 6 = true, 7 = '공지 제목 97', 8 = '공지 내용 97', 9 = '작성자08', 10 = 485, 11 = '2025-10-16T12:30:47.079+0900';
2025-10-21 12:47:19.001 INFO  [http-nio-8081-exec-4] [4d3fdc69] p6spy - #1761018439001 | took 0ms | resultset | connection -1| url 
select n1_0.notice_id,n1_0.member_id_fk,n1_0.notice_category,n1_0.notice_priority,n1_0.notice_status,n1_0.is_show,n1_0.notice_title,n1_0.notice_content,n1_0.writer,n1_0.notice_count,n1_0.notice_reg_date from notice n1_0 order by n1_0.notice_id desc limit ?,?
1 = 96, 2 = 96, 3 = 'EVENT', 4 = 'EMERGENCY', 5 = 'ACTIVE', 6 = false, 7 = '공지 제목 96', 8 = '공지 내용 96', 9 = '작성자07', 10 = 480, 11 = '2025-10-15T12:30:47.079+0900';
2025-10-21 12:47:19.001 INFO  [http-nio-8081-exec-4] [4d3fdc69] p6spy - #1761018439001 | took 0ms | resultset | connection -1| url 
select n1_0.notice_id,n1_0.member_id_fk,n1_0.notice_category,n1_0.notice_priority,n1_0.notice_status,n1_0.is_show,n1_0.notice_title,n1_0.notice_content,n1_0.writer,n1_0.notice_count,n1_0.notice_reg_date from notice n1_0 order by n1_0.notice_id desc limit ?,?
1 = 95, 2 = 95, 3 = 'SYSTEM', 4 = 'NORMAL', 5 = 'INACTIVE', 6 = true, 7 = '공지 제목 95', 8 = '공지 내용 95', 9 = '작성자06', 10 = 475, 11 = '2025-10-14T12:30:47.079+0900';
2025-10-21 12:47:19.001 INFO  [http-nio-8081-exec-4] [4d3fdc69] p6spy - #1761018439001 | took 0ms | resultset | connection -1| url 
select n1_0.notice_id,n1_0.member_id_fk,n1_0.notice_category,n1_0.notice_priority,n1_0.notice_status,n1_0.is_show,n1_0.notice_title,n1_0.notice_content,n1_0.writer,n1_0.notice_count,n1_0.notice_reg_date from notice n1_0 order by n1_0.notice_id desc limit ?,?
1 = 94, 2 = 94, 3 = 'POLICY', 4 = 'IMPORTANT', 5 = 'DELETED', 6 = false, 7 = '공지 제목 94', 8 = '공지 내용 94', 9 = '작성자05', 10 = 470, 11 = '2025-10-13T12:30:47.079+0900';
2025-10-21 12:47:19.002 INFO  [http-nio-8081-exec-4] [4d3fdc69] p6spy - #1761018439002 | took 0ms | resultset | connection -1| url 
select n1_0.notice_id,n1_0.member_id_fk,n1_0.notice_category,n1_0.notice_priority,n1_0.notice_status,n1_0.is_show,n1_0.notice_title,n1_0.notice_content,n1_0.writer,n1_0.notice_count,n1_0.notice_reg_date from notice n1_0 order by n1_0.notice_id desc limit ?,?
1 = 93, 2 = 93, 3 = 'NORMAL', 4 = 'EMERGENCY', 5 = 'ACTIVE', 6 = true, 7 = '공지 제목 93', 8 = '공지 내용 93', 9 = '작성자04', 10 = 465, 11 = '2025-10-12T12:30:47.079+0900';
2025-10-21 12:47:19.002 INFO  [http-nio-8081-exec-4] [4d3fdc69] p6spy - #1761018439002 | took 0ms | resultset | connection -1| url 
select n1_0.notice_id,n1_0.member_id_fk,n1_0.notice_category,n1_0.notice_priority,n1_0.notice_status,n1_0.is_show,n1_0.notice_title,n1_0.notice_content,n1_0.writer,n1_0.notice_count,n1_0.notice_reg_date from notice n1_0 order by n1_0.notice_id desc limit ?,?
1 = 92, 2 = 92, 3 = 'EVENT', 4 = 'NORMAL', 5 = 'INACTIVE', 6 = false, 7 = '공지 제목 92', 8 = '공지 내용 92', 9 = '작성자03', 10 = 460, 11 = '2025-10-11T12:30:47.079+0900';
2025-10-21 12:47:19.003 INFO  [http-nio-8081-exec-4] [4d3fdc69] p6spy - #1761018439003 | took 0ms | resultset | connection -1| url 
select n1_0.notice_id,n1_0.member_id_fk,n1_0.notice_category,n1_0.notice_priority,n1_0.notice_status,n1_0.is_show,n1_0.notice_title,n1_0.notice_content,n1_0.writer,n1_0.notice_count,n1_0.notice_reg_date from notice n1_0 order by n1_0.notice_id desc limit ?,?
1 = 91, 2 = 91, 3 = 'SYSTEM', 4 = 'IMPORTANT', 5 = 'DELETED', 6 = true, 7 = '공지 제목 91', 8 = '공지 내용 91', 9 = '작성자02', 10 = 455, 11 = '2025-10-10T12:30:47.079+0900';
2025-10-21 12:47:19.006 INFO  [http-nio-8081-exec-4] [4d3fdc69] p6spy - #1761018439006 | took 0ms | resultset | connection -1| url 
select count(n1_0.notice_id) from notice n1_0
1 = 100;
2025-10-21 12:47:20.729 INFO  [http-nio-8081-exec-5] [8191f065] p6spy - #1761018440729 | took 0ms | resultset | connection -1| url 
select n1_0.notice_id,n1_0.member_id_fk,n1_0.notice_category,n1_0.notice_priority,n1_0.notice_status,n1_0.is_show,n1_0.notice_title,n1_0.notice_content,n1_0.writer,n1_0.notice_count,n1_0.notice_reg_date from notice n1_0 order by n1_0.notice_id desc limit ?,?
1 = 90, 2 = 90, 3 = 'POLICY', 4 = 'EMERGENCY', 5 = 'ACTIVE', 6 = false, 7 = '공지 제목 90', 8 = '공지 내용 90', 9 = '작성자01', 10 = 450, 11 = '2025-10-09T12:30:47.079+0900';
2025-10-21 12:47:20.729 INFO  [http-nio-8081-exec-5] [8191f065] p6spy - #1761018440729 | took 0ms | resultset | connection -1| url 
select n1_0.notice_id,n1_0.member_id_fk,n1_0.notice_category,n1_0.notice_priority,n1_0.notice_status,n1_0.is_show,n1_0.notice_title,n1_0.notice_content,n1_0.writer,n1_0.notice_count,n1_0.notice_reg_date from notice n1_0 order by n1_0.notice_id desc limit ?,?
1 = 89, 2 = 89, 3 = 'NORMAL', 4 = 'NORMAL', 5 = 'INACTIVE', 6 = true, 7 = '공지 제목 89', 8 = '공지 내용 89', 9 = '작성자10', 10 = 445, 11 = '2025-10-08T12:30:47.079+0900';
2025-10-21 12:47:20.730 INFO  [http-nio-8081-exec-5] [8191f065] p6spy - #1761018440730 | took 0ms | resultset | connection -1| url 
select n1_0.notice_id,n1_0.member_id_fk,n1_0.notice_category,n1_0.notice_priority,n1_0.notice_status,n1_0.is_show,n1_0.notice_title,n1_0.notice_content,n1_0.writer,n1_0.notice_count,n1_0.notice_reg_date from notice n1_0 order by n1_0.notice_id desc limit ?,?
1 = 88, 2 = 88, 3 = 'EVENT', 4 = 'IMPORTANT', 5 = 'DELETED', 6 = false, 7 = '공지 제목 88', 8 = '공지 내용 88', 9 = '작성자09', 10 = 440, 11 = '2025-10-07T12:30:47.079+0900';
2025-10-21 12:47:20.730 INFO  [http-nio-8081-exec-5] [8191f065] p6spy - #1761018440730 | took 0ms | resultset | connection -1| url 
select n1_0.notice_id,n1_0.member_id_fk,n1_0.notice_category,n1_0.notice_priority,n1_0.notice_status,n1_0.is_show,n1_0.notice_title,n1_0.notice_content,n1_0.writer,n1_0.notice_count,n1_0.notice_reg_date from notice n1_0 order by n1_0.notice_id desc limit ?,?
1 = 87, 2 = 87, 3 = 'SYSTEM', 4 = 'EMERGENCY', 5 = 'ACTIVE', 6 = true, 7 = '공지 제목 87', 8 = '공지 내용 87', 9 = '작성자08', 10 = 435, 11 = '2025-10-06T12:30:47.079+0900';
2025-10-21 12:47:20.730 INFO  [http-nio-8081-exec-5] [8191f065] p6spy - #1761018440730 | took 0ms | resultset | connection -1| url 
select n1_0.notice_id,n1_0.member_id_fk,n1_0.notice_category,n1_0.notice_priority,n1_0.notice_status,n1_0.is_show,n1_0.notice_title,n1_0.notice_content,n1_0.writer,n1_0.notice_count,n1_0.notice_reg_date from notice n1_0 order by n1_0.notice_id desc limit ?,?
1 = 86, 2 = 86, 3 = 'POLICY', 4 = 'NORMAL', 5 = 'INACTIVE', 6 = false, 7 = '공지 제목 86', 8 = '공지 내용 86', 9 = '작성자07', 10 = 430, 11 = '2025-10-05T12:30:47.079+0900';
2025-10-21 12:47:20.730 INFO  [http-nio-8081-exec-5] [8191f065] p6spy - #1761018440730 | took 0ms | resultset | connection -1| url 
select n1_0.notice_id,n1_0.member_id_fk,n1_0.notice_category,n1_0.notice_priority,n1_0.notice_status,n1_0.is_show,n1_0.notice_title,n1_0.notice_content,n1_0.writer,n1_0.notice_count,n1_0.notice_reg_date from notice n1_0 order by n1_0.notice_id desc limit ?,?
1 = 85, 2 = 85, 3 = 'NORMAL', 4 = 'IMPORTANT', 5 = 'DELETED', 6 = true, 7 = '공지 제목 85', 8 = '공지 내용 85', 9 = '작성자06', 10 = 425, 11 = '2025-10-04T12:30:47.079+0900';
2025-10-21 12:47:20.731 INFO  [http-nio-8081-exec-5] [8191f065] p6spy - #1761018440731 | took 0ms | resultset | connection -1| url 
select n1_0.notice_id,n1_0.member_id_fk,n1_0.notice_category,n1_0.notice_priority,n1_0.notice_status,n1_0.is_show,n1_0.notice_title,n1_0.notice_content,n1_0.writer,n1_0.notice_count,n1_0.notice_reg_date from notice n1_0 order by n1_0.notice_id desc limit ?,?
1 = 84, 2 = 84, 3 = 'EVENT', 4 = 'EMERGENCY', 5 = 'ACTIVE', 6 = false, 7 = '공지 제목 84', 8 = '공지 내용 84', 9 = '작성자05', 10 = 420, 11 = '2025-10-03T12:30:47.079+0900';
2025-10-21 12:47:20.731 INFO  [http-nio-8081-exec-5] [8191f065] p6spy - #1761018440731 | took 0ms | resultset | connection -1| url 
select n1_0.notice_id,n1_0.member_id_fk,n1_0.notice_category,n1_0.notice_priority,n1_0.notice_status,n1_0.is_show,n1_0.notice_title,n1_0.notice_content,n1_0.writer,n1_0.notice_count,n1_0.notice_reg_date from notice n1_0 order by n1_0.notice_id desc limit ?,?
1 = 83, 2 = 83, 3 = 'SYSTEM', 4 = 'NORMAL', 5 = 'INACTIVE', 6 = true, 7 = '공지 제목 83', 8 = '공지 내용 83', 9 = '작성자04', 10 = 415, 11 = '2025-10-02T12:30:47.079+0900';
2025-10-21 12:47:20.731 INFO  [http-nio-8081-exec-5] [8191f065] p6spy - #1761018440731 | took 0ms | resultset | connection -1| url 
select n1_0.notice_id,n1_0.member_id_fk,n1_0.notice_category,n1_0.notice_priority,n1_0.notice_status,n1_0.is_show,n1_0.notice_title,n1_0.notice_content,n1_0.writer,n1_0.notice_count,n1_0.notice_reg_date from notice n1_0 order by n1_0.notice_id desc limit ?,?
1 = 82, 2 = 82, 3 = 'POLICY', 4 = 'IMPORTANT', 5 = 'DELETED', 6 = false, 7 = '공지 제목 82', 8 = '공지 내용 82', 9 = '작성자03', 10 = 410, 11 = '2025-10-01T12:30:47.079+0900';
2025-10-21 12:47:20.731 INFO  [http-nio-8081-exec-5] [8191f065] p6spy - #1761018440731 | took 0ms | resultset | connection -1| url 
select n1_0.notice_id,n1_0.member_id_fk,n1_0.notice_category,n1_0.notice_priority,n1_0.notice_status,n1_0.is_show,n1_0.notice_title,n1_0.notice_content,n1_0.writer,n1_0.notice_count,n1_0.notice_reg_date from notice n1_0 order by n1_0.notice_id desc limit ?,?
1 = 81, 2 = 81, 3 = 'NORMAL', 4 = 'EMERGENCY', 5 = 'ACTIVE', 6 = true, 7 = '공지 제목 81', 8 = '공지 내용 81', 9 = '작성자02', 10 = 405, 11 = '2025-09-30T12:30:47.079+0900';
2025-10-21 12:47:20.734 INFO  [http-nio-8081-exec-5] [8191f065] p6spy - #1761018440734 | took 0ms | resultset | connection -1| url 
select count(n1_0.notice_id) from notice n1_0
1 = 100;
2025-10-21 12:47:22.591 INFO  [http-nio-8081-exec-1] [da3764a8] p6spy - #1761018442591 | took 0ms | resultset | connection -1| url 
select n1_0.notice_id,n1_0.member_id_fk,n1_0.notice_category,n1_0.notice_priority,n1_0.notice_status,n1_0.is_show,n1_0.notice_title,n1_0.notice_content,n1_0.writer,n1_0.notice_count,n1_0.notice_reg_date from notice n1_0 order by n1_0.notice_id desc limit ?,?
1 = 80, 2 = 80, 3 = 'EVENT', 4 = 'NORMAL', 5 = 'INACTIVE', 6 = false, 7 = '공지 제목 80', 8 = '공지 내용 80', 9 = '작성자01', 10 = 400, 11 = '2025-09-29T12:30:47.079+0900';
2025-10-21 12:47:22.591 INFO  [http-nio-8081-exec-1] [da3764a8] p6spy - #1761018442591 | took 0ms | resultset | connection -1| url 
select n1_0.notice_id,n1_0.member_id_fk,n1_0.notice_category,n1_0.notice_priority,n1_0.notice_status,n1_0.is_show,n1_0.notice_title,n1_0.notice_content,n1_0.writer,n1_0.notice_count,n1_0.notice_reg_date from notice n1_0 order by n1_0.notice_id desc limit ?,?
1 = 79, 2 = 79, 3 = 'SYSTEM', 4 = 'IMPORTANT', 5 = 'DELETED', 6 = true, 7 = '공지 제목 79', 8 = '공지 내용 79', 9 = '작성자10', 10 = 395, 11 = '2025-09-28T12:30:47.079+0900';
2025-10-21 12:47:22.591 INFO  [http-nio-8081-exec-1] [da3764a8] p6spy - #1761018442591 | took 0ms | resultset | connection -1| url 
select n1_0.notice_id,n1_0.member_id_fk,n1_0.notice_category,n1_0.notice_priority,n1_0.notice_status,n1_0.is_show,n1_0.notice_title,n1_0.notice_content,n1_0.writer,n1_0.notice_count,n1_0.notice_reg_date from notice n1_0 order by n1_0.notice_id desc limit ?,?
1 = 78, 2 = 78, 3 = 'POLICY', 4 = 'EMERGENCY', 5 = 'ACTIVE', 6 = false, 7 = '공지 제목 78', 8 = '공지 내용 78', 9 = '작성자09', 10 = 390, 11 = '2025-09-27T12:30:47.079+0900';
2025-10-21 12:47:22.591 INFO  [http-nio-8081-exec-1] [da3764a8] p6spy - #1761018442591 | took 0ms | resultset | connection -1| url 
select n1_0.notice_id,n1_0.member_id_fk,n1_0.notice_category,n1_0.notice_priority,n1_0.notice_status,n1_0.is_show,n1_0.notice_title,n1_0.notice_content,n1_0.writer,n1_0.notice_count,n1_0.notice_reg_date from notice n1_0 order by n1_0.notice_id desc limit ?,?
1 = 77, 2 = 77, 3 = 'NORMAL', 4 = 'NORMAL', 5 = 'INACTIVE', 6 = true, 7 = '공지 제목 77', 8 = '공지 내용 77', 9 = '작성자08', 10 = 385, 11 = '2025-09-26T12:30:47.079+0900';
2025-10-21 12:47:22.591 INFO  [http-nio-8081-exec-1] [da3764a8] p6spy - #1761018442591 | took 0ms | resultset | connection -1| url 
select n1_0.notice_id,n1_0.member_id_fk,n1_0.notice_category,n1_0.notice_priority,n1_0.notice_status,n1_0.is_show,n1_0.notice_title,n1_0.notice_content,n1_0.writer,n1_0.notice_count,n1_0.notice_reg_date from notice n1_0 order by n1_0.notice_id desc limit ?,?
1 = 76, 2 = 76, 3 = 'EVENT', 4 = 'IMPORTANT', 5 = 'DELETED', 6 = false, 7 = '공지 제목 76', 8 = '공지 내용 76', 9 = '작성자07', 10 = 380, 11 = '2025-09-25T12:30:47.079+0900';
2025-10-21 12:47:22.591 INFO  [http-nio-8081-exec-1] [da3764a8] p6spy - #1761018442591 | took 0ms | resultset | connection -1| url 
select n1_0.notice_id,n1_0.member_id_fk,n1_0.notice_category,n1_0.notice_priority,n1_0.notice_status,n1_0.is_show,n1_0.notice_title,n1_0.notice_content,n1_0.writer,n1_0.notice_count,n1_0.notice_reg_date from notice n1_0 order by n1_0.notice_id desc limit ?,?
1 = 75, 2 = 75, 3 = 'SYSTEM', 4 = 'EMERGENCY', 5 = 'ACTIVE', 6 = true, 7 = '공지 제목 75', 8 = '공지 내용 75', 9 = '작성자06', 10 = 375, 11 = '2025-09-24T12:30:47.079+0900';
2025-10-21 12:47:22.591 INFO  [http-nio-8081-exec-1] [da3764a8] p6spy - #1761018442591 | took 0ms | resultset | connection -1| url 
select n1_0.notice_id,n1_0.member_id_fk,n1_0.notice_category,n1_0.notice_priority,n1_0.notice_status,n1_0.is_show,n1_0.notice_title,n1_0.notice_content,n1_0.writer,n1_0.notice_count,n1_0.notice_reg_date from notice n1_0 order by n1_0.notice_id desc limit ?,?
1 = 74, 2 = 74, 3 = 'POLICY', 4 = 'NORMAL', 5 = 'INACTIVE', 6 = false, 7 = '공지 제목 74', 8 = '공지 내용 74', 9 = '작성자05', 10 = 370, 11 = '2025-09-23T12:30:47.079+0900';
2025-10-21 12:47:22.591 INFO  [http-nio-8081-exec-1] [da3764a8] p6spy - #1761018442591 | took 0ms | resultset | connection -1| url 
select n1_0.notice_id,n1_0.member_id_fk,n1_0.notice_category,n1_0.notice_priority,n1_0.notice_status,n1_0.is_show,n1_0.notice_title,n1_0.notice_content,n1_0.writer,n1_0.notice_count,n1_0.notice_reg_date from notice n1_0 order by n1_0.notice_id desc limit ?,?
1 = 73, 2 = 73, 3 = 'NORMAL', 4 = 'IMPORTANT', 5 = 'DELETED', 6 = true, 7 = '공지 제목 73', 8 = '공지 내용 73', 9 = '작성자04', 10 = 365, 11 = '2025-09-22T12:30:47.079+0900';
2025-10-21 12:47:22.591 INFO  [http-nio-8081-exec-1] [da3764a8] p6spy - #1761018442591 | took 0ms | resultset | connection -1| url 
select n1_0.notice_id,n1_0.member_id_fk,n1_0.notice_category,n1_0.notice_priority,n1_0.notice_status,n1_0.is_show,n1_0.notice_title,n1_0.notice_content,n1_0.writer,n1_0.notice_count,n1_0.notice_reg_date from notice n1_0 order by n1_0.notice_id desc limit ?,?
1 = 72, 2 = 72, 3 = 'EVENT', 4 = 'EMERGENCY', 5 = 'ACTIVE', 6 = false, 7 = '공지 제목 72', 8 = '공지 내용 72', 9 = '작성자03', 10 = 360, 11 = '2025-09-21T12:30:47.079+0900';
2025-10-21 12:47:22.591 INFO  [http-nio-8081-exec-1] [da3764a8] p6spy - #1761018442591 | took 0ms | resultset | connection -1| url 
select n1_0.notice_id,n1_0.member_id_fk,n1_0.notice_category,n1_0.notice_priority,n1_0.notice_status,n1_0.is_show,n1_0.notice_title,n1_0.notice_content,n1_0.writer,n1_0.notice_count,n1_0.notice_reg_date from notice n1_0 order by n1_0.notice_id desc limit ?,?
1 = 71, 2 = 71, 3 = 'SYSTEM', 4 = 'NORMAL', 5 = 'INACTIVE', 6 = true, 7 = '공지 제목 71', 8 = '공지 내용 71', 9 = '작성자02', 10 = 355, 11 = '2025-09-20T12:30:47.079+0900';
2025-10-21 12:47:22.591 INFO  [http-nio-8081-exec-1] [da3764a8] p6spy - #1761018442591 | took 0ms | resultset | connection -1| url 
select count(n1_0.notice_id) from notice n1_0
1 = 100;
2025-10-21 12:47:24.714 INFO  [http-nio-8081-exec-7] [293e1ec6] p6spy - #1761018444714 | took 0ms | resultset | connection -1| url 
select n1_0.notice_id,n1_0.member_id_fk,n1_0.notice_category,n1_0.notice_priority,n1_0.notice_status,n1_0.is_show,n1_0.notice_title,n1_0.notice_content,n1_0.writer,n1_0.notice_count,n1_0.notice_reg_date from notice n1_0 order by n1_0.notice_id desc limit ?,?
1 = 70, 2 = 70, 3 = 'POLICY', 4 = 'IMPORTANT', 5 = 'DELETED', 6 = false, 7 = '공지 제목 70', 8 = '공지 내용 70', 9 = '작성자01', 10 = 350, 11 = '2025-09-19T12:30:47.079+0900';
2025-10-21 12:47:24.714 INFO  [http-nio-8081-exec-7] [293e1ec6] p6spy - #1761018444714 | took 0ms | resultset | connection -1| url 
select n1_0.notice_id,n1_0.member_id_fk,n1_0.notice_category,n1_0.notice_priority,n1_0.notice_status,n1_0.is_show,n1_0.notice_title,n1_0.notice_content,n1_0.writer,n1_0.notice_count,n1_0.notice_reg_date from notice n1_0 order by n1_0.notice_id desc limit ?,?
1 = 69, 2 = 69, 3 = 'NORMAL', 4 = 'EMERGENCY', 5 = 'ACTIVE', 6 = true, 7 = '공지 제목 69', 8 = '공지 내용 69', 9 = '작성자10', 10 = 345, 11 = '2025-09-18T12:30:47.079+0900';
2025-10-21 12:47:24.714 INFO  [http-nio-8081-exec-7] [293e1ec6] p6spy - #1761018444714 | took 0ms | resultset | connection -1| url 
select n1_0.notice_id,n1_0.member_id_fk,n1_0.notice_category,n1_0.notice_priority,n1_0.notice_status,n1_0.is_show,n1_0.notice_title,n1_0.notice_content,n1_0.writer,n1_0.notice_count,n1_0.notice_reg_date from notice n1_0 order by n1_0.notice_id desc limit ?,?
1 = 68, 2 = 68, 3 = 'EVENT', 4 = 'NORMAL', 5 = 'INACTIVE', 6 = false, 7 = '공지 제목 68', 8 = '공지 내용 68', 9 = '작성자09', 10 = 340, 11 = '2025-09-17T12:30:47.079+0900';
2025-10-21 12:47:24.714 INFO  [http-nio-8081-exec-7] [293e1ec6] p6spy - #1761018444714 | took 0ms | resultset | connection -1| url 
select n1_0.notice_id,n1_0.member_id_fk,n1_0.notice_category,n1_0.notice_priority,n1_0.notice_status,n1_0.is_show,n1_0.notice_title,n1_0.notice_content,n1_0.writer,n1_0.notice_count,n1_0.notice_reg_date from notice n1_0 order by n1_0.notice_id desc limit ?,?
1 = 67, 2 = 67, 3 = 'SYSTEM', 4 = 'IMPORTANT', 5 = 'DELETED', 6 = true, 7 = '공지 제목 67', 8 = '공지 내용 67', 9 = '작성자08', 10 = 335, 11 = '2025-09-16T12:30:47.079+0900';
2025-10-21 12:47:24.715 INFO  [http-nio-8081-exec-7] [293e1ec6] p6spy - #1761018444715 | took 0ms | resultset | connection -1| url 
select n1_0.notice_id,n1_0.member_id_fk,n1_0.notice_category,n1_0.notice_priority,n1_0.notice_status,n1_0.is_show,n1_0.notice_title,n1_0.notice_content,n1_0.writer,n1_0.notice_count,n1_0.notice_reg_date from notice n1_0 order by n1_0.notice_id desc limit ?,?
1 = 66, 2 = 66, 3 = 'POLICY', 4 = 'EMERGENCY', 5 = 'ACTIVE', 6 = false, 7 = '공지 제목 66', 8 = '공지 내용 66', 9 = '작성자07', 10 = 330, 11 = '2025-09-15T12:30:47.079+0900';
2025-10-21 12:47:24.715 INFO  [http-nio-8081-exec-7] [293e1ec6] p6spy - #1761018444715 | took 0ms | resultset | connection -1| url 
select n1_0.notice_id,n1_0.member_id_fk,n1_0.notice_category,n1_0.notice_priority,n1_0.notice_status,n1_0.is_show,n1_0.notice_title,n1_0.notice_content,n1_0.writer,n1_0.notice_count,n1_0.notice_reg_date from notice n1_0 order by n1_0.notice_id desc limit ?,?
1 = 65, 2 = 65, 3 = 'NORMAL', 4 = 'NORMAL', 5 = 'INACTIVE', 6 = true, 7 = '공지 제목 65', 8 = '공지 내용 65', 9 = '작성자06', 10 = 325, 11 = '2025-09-14T12:30:47.079+0900';
2025-10-21 12:47:24.715 INFO  [http-nio-8081-exec-7] [293e1ec6] p6spy - #1761018444715 | took 0ms | resultset | connection -1| url 
select n1_0.notice_id,n1_0.member_id_fk,n1_0.notice_category,n1_0.notice_priority,n1_0.notice_status,n1_0.is_show,n1_0.notice_title,n1_0.notice_content,n1_0.writer,n1_0.notice_count,n1_0.notice_reg_date from notice n1_0 order by n1_0.notice_id desc limit ?,?
1 = 64, 2 = 64, 3 = 'EVENT', 4 = 'IMPORTANT', 5 = 'DELETED', 6 = false, 7 = '공지 제목 64', 8 = '공지 내용 64', 9 = '작성자05', 10 = 320, 11 = '2025-09-13T12:30:47.079+0900';
2025-10-21 12:47:24.715 INFO  [http-nio-8081-exec-7] [293e1ec6] p6spy - #1761018444715 | took 0ms | resultset | connection -1| url 
select n1_0.notice_id,n1_0.member_id_fk,n1_0.notice_category,n1_0.notice_priority,n1_0.notice_status,n1_0.is_show,n1_0.notice_title,n1_0.notice_content,n1_0.writer,n1_0.notice_count,n1_0.notice_reg_date from notice n1_0 order by n1_0.notice_id desc limit ?,?
1 = 63, 2 = 63, 3 = 'SYSTEM', 4 = 'EMERGENCY', 5 = 'ACTIVE', 6 = true, 7 = '공지 제목 63', 8 = '공지 내용 63', 9 = '작성자04', 10 = 315, 11 = '2025-09-12T12:30:47.079+0900';
2025-10-21 12:47:24.715 INFO  [http-nio-8081-exec-7] [293e1ec6] p6spy - #1761018444715 | took 0ms | resultset | connection -1| url 
select n1_0.notice_id,n1_0.member_id_fk,n1_0.notice_category,n1_0.notice_priority,n1_0.notice_status,n1_0.is_show,n1_0.notice_title,n1_0.notice_content,n1_0.writer,n1_0.notice_count,n1_0.notice_reg_date from notice n1_0 order by n1_0.notice_id desc limit ?,?
1 = 62, 2 = 62, 3 = 'POLICY', 4 = 'NORMAL', 5 = 'INACTIVE', 6 = false, 7 = '공지 제목 62', 8 = '공지 내용 62', 9 = '작성자03', 10 = 310, 11 = '2025-09-11T12:30:47.079+0900';
2025-10-21 12:47:24.715 INFO  [http-nio-8081-exec-7] [293e1ec6] p6spy - #1761018444715 | took 0ms | resultset | connection -1| url 
select n1_0.notice_id,n1_0.member_id_fk,n1_0.notice_category,n1_0.notice_priority,n1_0.notice_status,n1_0.is_show,n1_0.notice_title,n1_0.notice_content,n1_0.writer,n1_0.notice_count,n1_0.notice_reg_date from notice n1_0 order by n1_0.notice_id desc limit ?,?
1 = 61, 2 = 61, 3 = 'NORMAL', 4 = 'IMPORTANT', 5 = 'DELETED', 6 = true, 7 = '공지 제목 61', 8 = '공지 내용 61', 9 = '작성자02', 10 = 305, 11 = '2025-09-10T12:30:47.079+0900';
2025-10-21 12:47:24.717 INFO  [http-nio-8081-exec-7] [293e1ec6] p6spy - #1761018444717 | took 0ms | resultset | connection -1| url 
select count(n1_0.notice_id) from notice n1_0
1 = 100;
2025-10-21 13:55:50.546 INFO  [background-preinit] [] o.h.validator.internal.util.Version - HV000001: Hibernate Validator 8.0.3.Final
2025-10-21 13:55:50.607 INFO  [restartedMain] [] c.b.i.Ict05FinalAdminApplication - Starting Ict05FinalAdminApplication using Java 17.0.12 with PID 11272 (D:\DEV05\workspace_IntelliJ\ict05_final_project\ict05_final_admin\build\classes\java\main started by ict1 in D:\DEV05\workspace_IntelliJ\ict05_final_project\ict05_final_admin)
2025-10-21 13:55:50.607 DEBUG [restartedMain] [] c.b.i.Ict05FinalAdminApplication - Running with Spring Boot v3.5.6, Spring v6.2.11
2025-10-21 13:55:50.607 INFO  [restartedMain] [] c.b.i.Ict05FinalAdminApplication - The following 1 profile is active: "dev"
2025-10-21 13:55:50.636 INFO  [restartedMain] [] o.s.b.d.e.DevToolsPropertyDefaultsPostProcessor - Devtools property defaults active! Set 'spring.devtools.add-properties' to 'false' to disable
2025-10-21 13:55:50.636 INFO  [restartedMain] [] o.s.b.d.e.DevToolsPropertyDefaultsPostProcessor - For additional web related logging consider setting the 'logging.level.web' property to 'DEBUG'
2025-10-21 13:55:51.239 INFO  [restartedMain] [] o.s.d.r.c.RepositoryConfigurationDelegate - Bootstrapping Spring Data JPA repositories in DEFAULT mode.
2025-10-21 13:55:51.326 INFO  [restartedMain] [] o.s.d.r.c.RepositoryConfigurationDelegate - Finished Spring Data repository scanning in 66 ms. Found 7 JPA repository interfaces.
2025-10-21 13:55:51.855 INFO  [restartedMain] [] o.s.b.w.e.tomcat.TomcatWebServer - Tomcat initialized with port 8081 (http)
2025-10-21 13:55:51.884 INFO  [restartedMain] [] o.a.coyote.http11.Http11NioProtocol - Initializing ProtocolHandler ["http-nio-8081"]
2025-10-21 13:55:51.884 INFO  [restartedMain] [] o.a.catalina.core.StandardService - Starting service [Tomcat]
2025-10-21 13:55:51.884 INFO  [restartedMain] [] o.a.catalina.core.StandardEngine - Starting Servlet engine: [Apache Tomcat/10.1.46]
2025-10-21 13:55:51.931 INFO  [restartedMain] [] o.a.c.c.C.[.[localhost].[/admin] - Initializing Spring embedded WebApplicationContext
2025-10-21 13:55:51.931 INFO  [restartedMain] [] o.s.b.w.s.c.ServletWebServerApplicationContext - Root WebApplicationContext: initialization completed in 1295 ms
2025-10-21 13:55:52.212 INFO  [restartedMain] [] o.h.jpa.internal.util.LogHelper - HHH000204: Processing PersistenceUnitInfo [name: default]
2025-10-21 13:55:52.322 INFO  [restartedMain] [] org.hibernate.Version - HHH000412: Hibernate ORM core version 6.6.29.Final
2025-10-21 13:55:52.353 INFO  [restartedMain] [] o.h.c.i.RegionFactoryInitiator - HHH000026: Second-level cache disabled
2025-10-21 13:55:52.572 INFO  [restartedMain] [] o.s.o.j.p.SpringPersistenceUnitInfo - No LoadTimeWeaver setup: ignoring JPA class transformer
2025-10-21 13:55:52.594 INFO  [restartedMain] [] com.zaxxer.hikari.HikariDataSource - HikariPool-1 - Starting...
2025-10-21 13:55:52.719 INFO  [restartedMain] [] com.zaxxer.hikari.pool.HikariPool - HikariPool-1 - Added connection com.p6spy.engine.wrapper.ConnectionWrapper@7bd990fb
2025-10-21 13:55:52.721 INFO  [restartedMain] [] com.zaxxer.hikari.HikariDataSource - HikariPool-1 - Start completed.
2025-10-21 13:55:52.741 WARN  [restartedMain] [] org.hibernate.orm.deprecation - HHH90000025: MariaDBDialect does not need to be specified explicitly using 'hibernate.dialect' (remove the property setting and it will be selected by default)
2025-10-21 13:55:52.759 INFO  [restartedMain] [] o.hibernate.orm.connections.pooling - HHH10001005: Database info:
	Database JDBC URL [Connecting through datasource 'HikariDataSource (HikariPool-1)']
	Database driver: undefined/unknown
	Database version: 10.5.12
	Autocommit mode: undefined/unknown
	Isolation level: undefined/unknown
	Minimum pool size: undefined/unknown
	Maximum pool size: undefined/unknown
2025-10-21 13:55:53.351 INFO  [restartedMain] [] o.h.e.t.j.p.i.JtaPlatformInitiator - HHH000489: No JTA platform available (set 'hibernate.transaction.jta.platform' to enable JTA platform integration)
2025-10-21 13:55:53.491 INFO  [restartedMain] [] o.s.o.j.LocalContainerEntityManagerFactoryBean - Initialized JPA EntityManagerFactory for persistence unit 'default'
2025-10-21 13:55:54.275 WARN  [restartedMain] [] o.s.b.a.o.j.JpaBaseConfiguration$JpaWebConfiguration - spring.jpa.open-in-view is enabled by default. Therefore, database queries may be performed during view rendering. Explicitly configure spring.jpa.open-in-view to disable this warning
2025-10-21 13:55:54.319 INFO  [restartedMain] [] o.s.b.a.w.s.WelcomePageHandlerMapping - Adding welcome page template: index
2025-10-21 13:55:55.041 INFO  [restartedMain] [] o.s.b.d.a.OptionalLiveReloadServer - LiveReload server is running on port 35729
2025-10-21 13:55:55.041 INFO  [restartedMain] [] o.a.coyote.http11.Http11NioProtocol - Starting ProtocolHandler ["http-nio-8081"]
2025-10-21 13:55:55.072 INFO  [restartedMain] [] o.s.b.w.e.tomcat.TomcatWebServer - Tomcat started on port 8081 (http) with context path '/admin'
2025-10-21 13:55:55.089 INFO  [restartedMain] [] c.b.i.Ict05FinalAdminApplication - Started Ict05FinalAdminApplication in 4.873 seconds (process running for 5.128)
2025-10-21 13:55:57.011 INFO  [http-nio-8081-exec-1] [] o.a.c.c.C.[.[localhost].[/admin] - Initializing Spring DispatcherServlet 'dispatcherServlet'
2025-10-21 13:55:57.011 INFO  [http-nio-8081-exec-1] [] o.s.web.servlet.DispatcherServlet - Initializing Servlet 'dispatcherServlet'
2025-10-21 13:55:57.011 INFO  [http-nio-8081-exec-1] [] o.s.web.servlet.DispatcherServlet - Completed initialization in 0 ms
2025-10-21 13:55:57.363 INFO  [http-nio-8081-exec-1] [ca92d6b7] p6spy - #1761022557363 | took 0ms | resultset | connection -1| url 
select n1_0.notice_id,n1_0.member_id_fk,n1_0.notice_category,n1_0.notice_priority,n1_0.notice_status,n1_0.is_show,n1_0.notice_title,n1_0.notice_content,n1_0.writer,n1_0.notice_count,n1_0.notice_reg_date from notice n1_0 order by n1_0.notice_id desc limit ?,?
1 = 70, 2 = 70, 3 = 'POLICY', 4 = 'IMPORTANT', 5 = 'DELETED', 6 = false, 7 = '공지 제목 70', 8 = '공지 내용 70', 9 = '작성자01', 10 = 350, 11 = '2025-09-19T12:30:47.079+0900';
2025-10-21 13:55:57.363 INFO  [http-nio-8081-exec-1] [ca92d6b7] p6spy - #1761022557363 | took 0ms | resultset | connection -1| url 
select n1_0.notice_id,n1_0.member_id_fk,n1_0.notice_category,n1_0.notice_priority,n1_0.notice_status,n1_0.is_show,n1_0.notice_title,n1_0.notice_content,n1_0.writer,n1_0.notice_count,n1_0.notice_reg_date from notice n1_0 order by n1_0.notice_id desc limit ?,?
1 = 69, 2 = 69, 3 = 'NORMAL', 4 = 'EMERGENCY', 5 = 'ACTIVE', 6 = true, 7 = '공지 제목 69', 8 = '공지 내용 69', 9 = '작성자10', 10 = 345, 11 = '2025-09-18T12:30:47.079+0900';
2025-10-21 13:55:57.364 INFO  [http-nio-8081-exec-1] [ca92d6b7] p6spy - #1761022557364 | took 0ms | resultset | connection -1| url 
select n1_0.notice_id,n1_0.member_id_fk,n1_0.notice_category,n1_0.notice_priority,n1_0.notice_status,n1_0.is_show,n1_0.notice_title,n1_0.notice_content,n1_0.writer,n1_0.notice_count,n1_0.notice_reg_date from notice n1_0 order by n1_0.notice_id desc limit ?,?
1 = 68, 2 = 68, 3 = 'EVENT', 4 = 'NORMAL', 5 = 'INACTIVE', 6 = false, 7 = '공지 제목 68', 8 = '공지 내용 68', 9 = '작성자09', 10 = 340, 11 = '2025-09-17T12:30:47.079+0900';
2025-10-21 13:55:57.364 INFO  [http-nio-8081-exec-1] [ca92d6b7] p6spy - #1761022557364 | took 0ms | resultset | connection -1| url 
select n1_0.notice_id,n1_0.member_id_fk,n1_0.notice_category,n1_0.notice_priority,n1_0.notice_status,n1_0.is_show,n1_0.notice_title,n1_0.notice_content,n1_0.writer,n1_0.notice_count,n1_0.notice_reg_date from notice n1_0 order by n1_0.notice_id desc limit ?,?
1 = 67, 2 = 67, 3 = 'SYSTEM', 4 = 'IMPORTANT', 5 = 'DELETED', 6 = true, 7 = '공지 제목 67', 8 = '공지 내용 67', 9 = '작성자08', 10 = 335, 11 = '2025-09-16T12:30:47.079+0900';
2025-10-21 13:55:57.364 INFO  [http-nio-8081-exec-1] [ca92d6b7] p6spy - #1761022557364 | took 0ms | resultset | connection -1| url 
select n1_0.notice_id,n1_0.member_id_fk,n1_0.notice_category,n1_0.notice_priority,n1_0.notice_status,n1_0.is_show,n1_0.notice_title,n1_0.notice_content,n1_0.writer,n1_0.notice_count,n1_0.notice_reg_date from notice n1_0 order by n1_0.notice_id desc limit ?,?
1 = 66, 2 = 66, 3 = 'POLICY', 4 = 'EMERGENCY', 5 = 'ACTIVE', 6 = false, 7 = '공지 제목 66', 8 = '공지 내용 66', 9 = '작성자07', 10 = 330, 11 = '2025-09-15T12:30:47.079+0900';
2025-10-21 13:55:57.365 INFO  [http-nio-8081-exec-1] [ca92d6b7] p6spy - #1761022557365 | took 0ms | resultset | connection -1| url 
select n1_0.notice_id,n1_0.member_id_fk,n1_0.notice_category,n1_0.notice_priority,n1_0.notice_status,n1_0.is_show,n1_0.notice_title,n1_0.notice_content,n1_0.writer,n1_0.notice_count,n1_0.notice_reg_date from notice n1_0 order by n1_0.notice_id desc limit ?,?
1 = 65, 2 = 65, 3 = 'NORMAL', 4 = 'NORMAL', 5 = 'INACTIVE', 6 = true, 7 = '공지 제목 65', 8 = '공지 내용 65', 9 = '작성자06', 10 = 325, 11 = '2025-09-14T12:30:47.079+0900';
2025-10-21 13:55:57.365 INFO  [http-nio-8081-exec-1] [ca92d6b7] p6spy - #1761022557365 | took 0ms | resultset | connection -1| url 
select n1_0.notice_id,n1_0.member_id_fk,n1_0.notice_category,n1_0.notice_priority,n1_0.notice_status,n1_0.is_show,n1_0.notice_title,n1_0.notice_content,n1_0.writer,n1_0.notice_count,n1_0.notice_reg_date from notice n1_0 order by n1_0.notice_id desc limit ?,?
1 = 64, 2 = 64, 3 = 'EVENT', 4 = 'IMPORTANT', 5 = 'DELETED', 6 = false, 7 = '공지 제목 64', 8 = '공지 내용 64', 9 = '작성자05', 10 = 320, 11 = '2025-09-13T12:30:47.079+0900';
2025-10-21 13:55:57.365 INFO  [http-nio-8081-exec-1] [ca92d6b7] p6spy - #1761022557365 | took 0ms | resultset | connection -1| url 
select n1_0.notice_id,n1_0.member_id_fk,n1_0.notice_category,n1_0.notice_priority,n1_0.notice_status,n1_0.is_show,n1_0.notice_title,n1_0.notice_content,n1_0.writer,n1_0.notice_count,n1_0.notice_reg_date from notice n1_0 order by n1_0.notice_id desc limit ?,?
1 = 63, 2 = 63, 3 = 'SYSTEM', 4 = 'EMERGENCY', 5 = 'ACTIVE', 6 = true, 7 = '공지 제목 63', 8 = '공지 내용 63', 9 = '작성자04', 10 = 315, 11 = '2025-09-12T12:30:47.079+0900';
2025-10-21 13:55:57.366 INFO  [http-nio-8081-exec-1] [ca92d6b7] p6spy - #1761022557366 | took 0ms | resultset | connection -1| url 
select n1_0.notice_id,n1_0.member_id_fk,n1_0.notice_category,n1_0.notice_priority,n1_0.notice_status,n1_0.is_show,n1_0.notice_title,n1_0.notice_content,n1_0.writer,n1_0.notice_count,n1_0.notice_reg_date from notice n1_0 order by n1_0.notice_id desc limit ?,?
1 = 62, 2 = 62, 3 = 'POLICY', 4 = 'NORMAL', 5 = 'INACTIVE', 6 = false, 7 = '공지 제목 62', 8 = '공지 내용 62', 9 = '작성자03', 10 = 310, 11 = '2025-09-11T12:30:47.079+0900';
2025-10-21 13:55:57.366 INFO  [http-nio-8081-exec-1] [ca92d6b7] p6spy - #1761022557366 | took 0ms | resultset | connection -1| url 
select n1_0.notice_id,n1_0.member_id_fk,n1_0.notice_category,n1_0.notice_priority,n1_0.notice_status,n1_0.is_show,n1_0.notice_title,n1_0.notice_content,n1_0.writer,n1_0.notice_count,n1_0.notice_reg_date from notice n1_0 order by n1_0.notice_id desc limit ?,?
1 = 61, 2 = 61, 3 = 'NORMAL', 4 = 'IMPORTANT', 5 = 'DELETED', 6 = true, 7 = '공지 제목 61', 8 = '공지 내용 61', 9 = '작성자02', 10 = 305, 11 = '2025-09-10T12:30:47.079+0900';
2025-10-21 13:55:57.411 INFO  [http-nio-8081-exec-1] [ca92d6b7] p6spy - #1761022557411 | took 0ms | resultset | connection -1| url 
select count(n1_0.notice_id) from notice n1_0
1 = 100;
2025-10-21 13:56:04.172 INFO  [http-nio-8081-exec-9] [f10c6298] p6spy - #1761022564172 | took 0ms | resultset | connection -1| url 
select n1_0.notice_id,n1_0.member_id_fk,n1_0.notice_category,n1_0.notice_priority,n1_0.notice_status,n1_0.is_show,n1_0.notice_title,n1_0.notice_content,n1_0.writer,n1_0.notice_count,n1_0.notice_reg_date from notice n1_0 order by n1_0.notice_id desc limit ?,?
1 = 100, 2 = 100, 3 = 'EVENT', 4 = 'IMPORTANT', 5 = 'DELETED', 6 = false, 7 = '공지 제목 100', 8 = '공지 내용 100', 9 = '작성자01', 10 = 500, 11 = '2025-10-19T12:30:47.079+0900';
2025-10-21 13:56:04.172 INFO  [http-nio-8081-exec-9] [f10c6298] p6spy - #1761022564172 | took 0ms | resultset | connection -1| url 
select n1_0.notice_id,n1_0.member_id_fk,n1_0.notice_category,n1_0.notice_priority,n1_0.notice_status,n1_0.is_show,n1_0.notice_title,n1_0.notice_content,n1_0.writer,n1_0.notice_count,n1_0.notice_reg_date from notice n1_0 order by n1_0.notice_id desc limit ?,?
1 = 99, 2 = 99, 3 = 'SYSTEM', 4 = 'EMERGENCY', 5 = 'ACTIVE', 6 = true, 7 = '공지 제목 99', 8 = '공지 내용 99', 9 = '작성자10', 10 = 495, 11 = '2025-10-18T12:30:47.079+0900';
2025-10-21 13:56:04.172 INFO  [http-nio-8081-exec-9] [f10c6298] p6spy - #1761022564172 | took 0ms | resultset | connection -1| url 
select n1_0.notice_id,n1_0.member_id_fk,n1_0.notice_category,n1_0.notice_priority,n1_0.notice_status,n1_0.is_show,n1_0.notice_title,n1_0.notice_content,n1_0.writer,n1_0.notice_count,n1_0.notice_reg_date from notice n1_0 order by n1_0.notice_id desc limit ?,?
1 = 98, 2 = 98, 3 = 'POLICY', 4 = 'NORMAL', 5 = 'INACTIVE', 6 = false, 7 = '공지 제목 98', 8 = '공지 내용 98', 9 = '작성자09', 10 = 490, 11 = '2025-10-17T12:30:47.079+0900';
2025-10-21 13:56:04.172 INFO  [http-nio-8081-exec-9] [f10c6298] p6spy - #1761022564172 | took 0ms | resultset | connection -1| url 
select n1_0.notice_id,n1_0.member_id_fk,n1_0.notice_category,n1_0.notice_priority,n1_0.notice_status,n1_0.is_show,n1_0.notice_title,n1_0.notice_content,n1_0.writer,n1_0.notice_count,n1_0.notice_reg_date from notice n1_0 order by n1_0.notice_id desc limit ?,?
1 = 97, 2 = 97, 3 = 'NORMAL', 4 = 'IMPORTANT', 5 = 'DELETED', 6 = true, 7 = '공지 제목 97', 8 = '공지 내용 97', 9 = '작성자08', 10 = 485, 11 = '2025-10-16T12:30:47.079+0900';
2025-10-21 13:56:04.172 INFO  [http-nio-8081-exec-9] [f10c6298] p6spy - #1761022564172 | took 0ms | resultset | connection -1| url 
select n1_0.notice_id,n1_0.member_id_fk,n1_0.notice_category,n1_0.notice_priority,n1_0.notice_status,n1_0.is_show,n1_0.notice_title,n1_0.notice_content,n1_0.writer,n1_0.notice_count,n1_0.notice_reg_date from notice n1_0 order by n1_0.notice_id desc limit ?,?
1 = 96, 2 = 96, 3 = 'EVENT', 4 = 'EMERGENCY', 5 = 'ACTIVE', 6 = false, 7 = '공지 제목 96', 8 = '공지 내용 96', 9 = '작성자07', 10 = 480, 11 = '2025-10-15T12:30:47.079+0900';
2025-10-21 13:56:04.172 INFO  [http-nio-8081-exec-9] [f10c6298] p6spy - #1761022564172 | took 0ms | resultset | connection -1| url 
select n1_0.notice_id,n1_0.member_id_fk,n1_0.notice_category,n1_0.notice_priority,n1_0.notice_status,n1_0.is_show,n1_0.notice_title,n1_0.notice_content,n1_0.writer,n1_0.notice_count,n1_0.notice_reg_date from notice n1_0 order by n1_0.notice_id desc limit ?,?
1 = 95, 2 = 95, 3 = 'SYSTEM', 4 = 'NORMAL', 5 = 'INACTIVE', 6 = true, 7 = '공지 제목 95', 8 = '공지 내용 95', 9 = '작성자06', 10 = 475, 11 = '2025-10-14T12:30:47.079+0900';
2025-10-21 13:56:04.172 INFO  [http-nio-8081-exec-9] [f10c6298] p6spy - #1761022564172 | took 0ms | resultset | connection -1| url 
select n1_0.notice_id,n1_0.member_id_fk,n1_0.notice_category,n1_0.notice_priority,n1_0.notice_status,n1_0.is_show,n1_0.notice_title,n1_0.notice_content,n1_0.writer,n1_0.notice_count,n1_0.notice_reg_date from notice n1_0 order by n1_0.notice_id desc limit ?,?
1 = 94, 2 = 94, 3 = 'POLICY', 4 = 'IMPORTANT', 5 = 'DELETED', 6 = false, 7 = '공지 제목 94', 8 = '공지 내용 94', 9 = '작성자05', 10 = 470, 11 = '2025-10-13T12:30:47.079+0900';
2025-10-21 13:56:04.172 INFO  [http-nio-8081-exec-9] [f10c6298] p6spy - #1761022564172 | took 0ms | resultset | connection -1| url 
select n1_0.notice_id,n1_0.member_id_fk,n1_0.notice_category,n1_0.notice_priority,n1_0.notice_status,n1_0.is_show,n1_0.notice_title,n1_0.notice_content,n1_0.writer,n1_0.notice_count,n1_0.notice_reg_date from notice n1_0 order by n1_0.notice_id desc limit ?,?
1 = 93, 2 = 93, 3 = 'NORMAL', 4 = 'EMERGENCY', 5 = 'ACTIVE', 6 = true, 7 = '공지 제목 93', 8 = '공지 내용 93', 9 = '작성자04', 10 = 465, 11 = '2025-10-12T12:30:47.079+0900';
2025-10-21 13:56:04.172 INFO  [http-nio-8081-exec-9] [f10c6298] p6spy - #1761022564172 | took 0ms | resultset | connection -1| url 
select n1_0.notice_id,n1_0.member_id_fk,n1_0.notice_category,n1_0.notice_priority,n1_0.notice_status,n1_0.is_show,n1_0.notice_title,n1_0.notice_content,n1_0.writer,n1_0.notice_count,n1_0.notice_reg_date from notice n1_0 order by n1_0.notice_id desc limit ?,?
1 = 92, 2 = 92, 3 = 'EVENT', 4 = 'NORMAL', 5 = 'INACTIVE', 6 = false, 7 = '공지 제목 92', 8 = '공지 내용 92', 9 = '작성자03', 10 = 460, 11 = '2025-10-11T12:30:47.079+0900';
2025-10-21 13:56:04.172 INFO  [http-nio-8081-exec-9] [f10c6298] p6spy - #1761022564172 | took 0ms | resultset | connection -1| url 
select n1_0.notice_id,n1_0.member_id_fk,n1_0.notice_category,n1_0.notice_priority,n1_0.notice_status,n1_0.is_show,n1_0.notice_title,n1_0.notice_content,n1_0.writer,n1_0.notice_count,n1_0.notice_reg_date from notice n1_0 order by n1_0.notice_id desc limit ?,?
1 = 91, 2 = 91, 3 = 'SYSTEM', 4 = 'IMPORTANT', 5 = 'DELETED', 6 = true, 7 = '공지 제목 91', 8 = '공지 내용 91', 9 = '작성자02', 10 = 455, 11 = '2025-10-10T12:30:47.079+0900';
2025-10-21 13:56:04.172 INFO  [http-nio-8081-exec-9] [f10c6298] p6spy - #1761022564172 | took 0ms | resultset | connection -1| url 
select count(n1_0.notice_id) from notice n1_0
1 = 100;
2025-10-21 13:56:49.583 INFO  [background-preinit] [] o.h.validator.internal.util.Version - HV000001: Hibernate Validator 8.0.3.Final
2025-10-21 13:56:49.625 INFO  [restartedMain] [] c.b.i.Ict05FinalAdminApplication - Starting Ict05FinalAdminApplication using Java 17.0.12 with PID 15160 (D:\DEV05\workspace_IntelliJ\ict05_final_project\ict05_final_admin\build\classes\java\main started by ict1 in D:\DEV05\workspace_IntelliJ\ict05_final_project\ict05_final_admin)
2025-10-21 13:56:49.625 DEBUG [restartedMain] [] c.b.i.Ict05FinalAdminApplication - Running with Spring Boot v3.5.6, Spring v6.2.11
2025-10-21 13:56:49.625 INFO  [restartedMain] [] c.b.i.Ict05FinalAdminApplication - The following 1 profile is active: "dev"
2025-10-21 13:56:49.663 INFO  [restartedMain] [] o.s.b.d.e.DevToolsPropertyDefaultsPostProcessor - Devtools property defaults active! Set 'spring.devtools.add-properties' to 'false' to disable
2025-10-21 13:56:49.663 INFO  [restartedMain] [] o.s.b.d.e.DevToolsPropertyDefaultsPostProcessor - For additional web related logging consider setting the 'logging.level.web' property to 'DEBUG'
2025-10-21 13:56:50.301 INFO  [restartedMain] [] o.s.d.r.c.RepositoryConfigurationDelegate - Bootstrapping Spring Data JPA repositories in DEFAULT mode.
2025-10-21 13:56:50.362 INFO  [restartedMain] [] o.s.d.r.c.RepositoryConfigurationDelegate - Finished Spring Data repository scanning in 48 ms. Found 7 JPA repository interfaces.
2025-10-21 13:56:50.883 INFO  [restartedMain] [] o.s.b.w.e.tomcat.TomcatWebServer - Tomcat initialized with port 8081 (http)
2025-10-21 13:56:50.894 INFO  [restartedMain] [] o.a.coyote.http11.Http11NioProtocol - Initializing ProtocolHandler ["http-nio-8081"]
2025-10-21 13:56:50.894 INFO  [restartedMain] [] o.a.catalina.core.StandardService - Starting service [Tomcat]
2025-10-21 13:56:50.894 INFO  [restartedMain] [] o.a.catalina.core.StandardEngine - Starting Servlet engine: [Apache Tomcat/10.1.46]
2025-10-21 13:56:50.951 INFO  [restartedMain] [] o.a.c.c.C.[.[localhost].[/admin] - Initializing Spring embedded WebApplicationContext
2025-10-21 13:56:50.951 INFO  [restartedMain] [] o.s.b.w.s.c.ServletWebServerApplicationContext - Root WebApplicationContext: initialization completed in 1288 ms
2025-10-21 13:56:51.213 INFO  [restartedMain] [] o.h.jpa.internal.util.LogHelper - HHH000204: Processing PersistenceUnitInfo [name: default]
2025-10-21 13:56:51.305 INFO  [restartedMain] [] org.hibernate.Version - HHH000412: Hibernate ORM core version 6.6.29.Final
2025-10-21 13:56:51.385 INFO  [restartedMain] [] o.h.c.i.RegionFactoryInitiator - HHH000026: Second-level cache disabled
2025-10-21 13:56:51.701 INFO  [restartedMain] [] o.s.o.j.p.SpringPersistenceUnitInfo - No LoadTimeWeaver setup: ignoring JPA class transformer
2025-10-21 13:56:51.735 INFO  [restartedMain] [] com.zaxxer.hikari.HikariDataSource - HikariPool-1 - Starting...
2025-10-21 13:56:51.861 INFO  [restartedMain] [] com.zaxxer.hikari.pool.HikariPool - HikariPool-1 - Added connection com.p6spy.engine.wrapper.ConnectionWrapper@3152fdd0
2025-10-21 13:56:51.862 INFO  [restartedMain] [] com.zaxxer.hikari.HikariDataSource - HikariPool-1 - Start completed.
2025-10-21 13:56:51.881 WARN  [restartedMain] [] org.hibernate.orm.deprecation - HHH90000025: MariaDBDialect does not need to be specified explicitly using 'hibernate.dialect' (remove the property setting and it will be selected by default)
2025-10-21 13:56:51.888 INFO  [restartedMain] [] o.hibernate.orm.connections.pooling - HHH10001005: Database info:
	Database JDBC URL [Connecting through datasource 'HikariDataSource (HikariPool-1)']
	Database driver: undefined/unknown
	Database version: 10.5.12
	Autocommit mode: undefined/unknown
	Isolation level: undefined/unknown
	Minimum pool size: undefined/unknown
	Maximum pool size: undefined/unknown
2025-10-21 13:56:52.432 INFO  [restartedMain] [] o.h.e.t.j.p.i.JtaPlatformInitiator - HHH000489: No JTA platform available (set 'hibernate.transaction.jta.platform' to enable JTA platform integration)
2025-10-21 13:56:52.574 INFO  [restartedMain] [] o.s.o.j.LocalContainerEntityManagerFactoryBean - Initialized JPA EntityManagerFactory for persistence unit 'default'
2025-10-21 13:56:53.203 WARN  [restartedMain] [] o.s.b.a.o.j.JpaBaseConfiguration$JpaWebConfiguration - spring.jpa.open-in-view is enabled by default. Therefore, database queries may be performed during view rendering. Explicitly configure spring.jpa.open-in-view to disable this warning
2025-10-21 13:56:53.239 INFO  [restartedMain] [] o.s.b.a.w.s.WelcomePageHandlerMapping - Adding welcome page template: index
2025-10-21 13:56:54.013 INFO  [restartedMain] [] o.s.b.d.a.OptionalLiveReloadServer - LiveReload server is running on port 35729
2025-10-21 13:56:54.038 INFO  [restartedMain] [] o.a.coyote.http11.Http11NioProtocol - Starting ProtocolHandler ["http-nio-8081"]
2025-10-21 13:56:54.058 INFO  [restartedMain] [] o.s.b.w.e.tomcat.TomcatWebServer - Tomcat started on port 8081 (http) with context path '/admin'
2025-10-21 13:56:54.058 INFO  [restartedMain] [] c.b.i.Ict05FinalAdminApplication - Started Ict05FinalAdminApplication in 4.794 seconds (process running for 5.07)
2025-10-21 13:57:00.703 INFO  [http-nio-8081-exec-1] [] o.a.c.c.C.[.[localhost].[/admin] - Initializing Spring DispatcherServlet 'dispatcherServlet'
2025-10-21 13:57:00.703 INFO  [http-nio-8081-exec-1] [] o.s.web.servlet.DispatcherServlet - Initializing Servlet 'dispatcherServlet'
2025-10-21 13:57:00.708 INFO  [http-nio-8081-exec-1] [] o.s.web.servlet.DispatcherServlet - Completed initialization in 5 ms
2025-10-21 13:57:01.056 INFO  [http-nio-8081-exec-1] [f702cb29] p6spy - #1761022621056 | took 0ms | resultset | connection -1| url 
select n1_0.notice_id,n1_0.member_id_fk,n1_0.notice_category,n1_0.notice_priority,n1_0.notice_status,n1_0.is_show,n1_0.notice_title,n1_0.notice_content,n1_0.writer,n1_0.notice_count,n1_0.notice_reg_date from notice n1_0 order by n1_0.notice_id desc limit ?,?
1 = 100, 2 = 100, 3 = 'EVENT', 4 = 'IMPORTANT', 5 = 'DELETED', 6 = false, 7 = '공지 제목 100', 8 = '공지 내용 100', 9 = '작성자01', 10 = 500, 11 = '2025-10-19T12:30:47.079+0900';
2025-10-21 13:57:01.057 INFO  [http-nio-8081-exec-1] [f702cb29] p6spy - #1761022621057 | took 0ms | resultset | connection -1| url 
select n1_0.notice_id,n1_0.member_id_fk,n1_0.notice_category,n1_0.notice_priority,n1_0.notice_status,n1_0.is_show,n1_0.notice_title,n1_0.notice_content,n1_0.writer,n1_0.notice_count,n1_0.notice_reg_date from notice n1_0 order by n1_0.notice_id desc limit ?,?
1 = 99, 2 = 99, 3 = 'SYSTEM', 4 = 'EMERGENCY', 5 = 'ACTIVE', 6 = true, 7 = '공지 제목 99', 8 = '공지 내용 99', 9 = '작성자10', 10 = 495, 11 = '2025-10-18T12:30:47.079+0900';
2025-10-21 13:57:01.057 INFO  [http-nio-8081-exec-1] [f702cb29] p6spy - #1761022621057 | took 0ms | resultset | connection -1| url 
select n1_0.notice_id,n1_0.member_id_fk,n1_0.notice_category,n1_0.notice_priority,n1_0.notice_status,n1_0.is_show,n1_0.notice_title,n1_0.notice_content,n1_0.writer,n1_0.notice_count,n1_0.notice_reg_date from notice n1_0 order by n1_0.notice_id desc limit ?,?
1 = 98, 2 = 98, 3 = 'POLICY', 4 = 'NORMAL', 5 = 'INACTIVE', 6 = false, 7 = '공지 제목 98', 8 = '공지 내용 98', 9 = '작성자09', 10 = 490, 11 = '2025-10-17T12:30:47.079+0900';
2025-10-21 13:57:01.057 INFO  [http-nio-8081-exec-1] [f702cb29] p6spy - #1761022621057 | took 0ms | resultset | connection -1| url 
select n1_0.notice_id,n1_0.member_id_fk,n1_0.notice_category,n1_0.notice_priority,n1_0.notice_status,n1_0.is_show,n1_0.notice_title,n1_0.notice_content,n1_0.writer,n1_0.notice_count,n1_0.notice_reg_date from notice n1_0 order by n1_0.notice_id desc limit ?,?
1 = 97, 2 = 97, 3 = 'NORMAL', 4 = 'IMPORTANT', 5 = 'DELETED', 6 = true, 7 = '공지 제목 97', 8 = '공지 내용 97', 9 = '작성자08', 10 = 485, 11 = '2025-10-16T12:30:47.079+0900';
2025-10-21 13:57:01.058 INFO  [http-nio-8081-exec-1] [f702cb29] p6spy - #1761022621058 | took 0ms | resultset | connection -1| url 
select n1_0.notice_id,n1_0.member_id_fk,n1_0.notice_category,n1_0.notice_priority,n1_0.notice_status,n1_0.is_show,n1_0.notice_title,n1_0.notice_content,n1_0.writer,n1_0.notice_count,n1_0.notice_reg_date from notice n1_0 order by n1_0.notice_id desc limit ?,?
1 = 96, 2 = 96, 3 = 'EVENT', 4 = 'EMERGENCY', 5 = 'ACTIVE', 6 = false, 7 = '공지 제목 96', 8 = '공지 내용 96', 9 = '작성자07', 10 = 480, 11 = '2025-10-15T12:30:47.079+0900';
2025-10-21 13:57:01.058 INFO  [http-nio-8081-exec-1] [f702cb29] p6spy - #1761022621058 | took 0ms | resultset | connection -1| url 
select n1_0.notice_id,n1_0.member_id_fk,n1_0.notice_category,n1_0.notice_priority,n1_0.notice_status,n1_0.is_show,n1_0.notice_title,n1_0.notice_content,n1_0.writer,n1_0.notice_count,n1_0.notice_reg_date from notice n1_0 order by n1_0.notice_id desc limit ?,?
1 = 95, 2 = 95, 3 = 'SYSTEM', 4 = 'NORMAL', 5 = 'INACTIVE', 6 = true, 7 = '공지 제목 95', 8 = '공지 내용 95', 9 = '작성자06', 10 = 475, 11 = '2025-10-14T12:30:47.079+0900';
2025-10-21 13:57:01.058 INFO  [http-nio-8081-exec-1] [f702cb29] p6spy - #1761022621058 | took 0ms | resultset | connection -1| url 
select n1_0.notice_id,n1_0.member_id_fk,n1_0.notice_category,n1_0.notice_priority,n1_0.notice_status,n1_0.is_show,n1_0.notice_title,n1_0.notice_content,n1_0.writer,n1_0.notice_count,n1_0.notice_reg_date from notice n1_0 order by n1_0.notice_id desc limit ?,?
1 = 94, 2 = 94, 3 = 'POLICY', 4 = 'IMPORTANT', 5 = 'DELETED', 6 = false, 7 = '공지 제목 94', 8 = '공지 내용 94', 9 = '작성자05', 10 = 470, 11 = '2025-10-13T12:30:47.079+0900';
2025-10-21 13:57:01.058 INFO  [http-nio-8081-exec-1] [f702cb29] p6spy - #1761022621058 | took 0ms | resultset | connection -1| url 
select n1_0.notice_id,n1_0.member_id_fk,n1_0.notice_category,n1_0.notice_priority,n1_0.notice_status,n1_0.is_show,n1_0.notice_title,n1_0.notice_content,n1_0.writer,n1_0.notice_count,n1_0.notice_reg_date from notice n1_0 order by n1_0.notice_id desc limit ?,?
1 = 93, 2 = 93, 3 = 'NORMAL', 4 = 'EMERGENCY', 5 = 'ACTIVE', 6 = true, 7 = '공지 제목 93', 8 = '공지 내용 93', 9 = '작성자04', 10 = 465, 11 = '2025-10-12T12:30:47.079+0900';
2025-10-21 13:57:01.058 INFO  [http-nio-8081-exec-1] [f702cb29] p6spy - #1761022621058 | took 0ms | resultset | connection -1| url 
select n1_0.notice_id,n1_0.member_id_fk,n1_0.notice_category,n1_0.notice_priority,n1_0.notice_status,n1_0.is_show,n1_0.notice_title,n1_0.notice_content,n1_0.writer,n1_0.notice_count,n1_0.notice_reg_date from notice n1_0 order by n1_0.notice_id desc limit ?,?
1 = 92, 2 = 92, 3 = 'EVENT', 4 = 'NORMAL', 5 = 'INACTIVE', 6 = false, 7 = '공지 제목 92', 8 = '공지 내용 92', 9 = '작성자03', 10 = 460, 11 = '2025-10-11T12:30:47.079+0900';
2025-10-21 13:57:01.060 INFO  [http-nio-8081-exec-1] [f702cb29] p6spy - #1761022621060 | took 0ms | resultset | connection -1| url 
select n1_0.notice_id,n1_0.member_id_fk,n1_0.notice_category,n1_0.notice_priority,n1_0.notice_status,n1_0.is_show,n1_0.notice_title,n1_0.notice_content,n1_0.writer,n1_0.notice_count,n1_0.notice_reg_date from notice n1_0 order by n1_0.notice_id desc limit ?,?
1 = 91, 2 = 91, 3 = 'SYSTEM', 4 = 'IMPORTANT', 5 = 'DELETED', 6 = true, 7 = '공지 제목 91', 8 = '공지 내용 91', 9 = '작성자02', 10 = 455, 11 = '2025-10-10T12:30:47.079+0900';
2025-10-21 13:57:01.111 INFO  [http-nio-8081-exec-1] [f702cb29] p6spy - #1761022621111 | took 0ms | resultset | connection -1| url 
select count(n1_0.notice_id) from notice n1_0
1 = 100;
2025-10-21 13:58:27.379 INFO  [background-preinit] [] o.h.validator.internal.util.Version - HV000001: Hibernate Validator 8.0.3.Final
2025-10-21 13:58:27.410 INFO  [restartedMain] [] c.b.i.Ict05FinalAdminApplication - Starting Ict05FinalAdminApplication using Java 17.0.12 with PID 568 (D:\DEV05\workspace_IntelliJ\ict05_final_project\ict05_final_admin\build\classes\java\main started by ict1 in D:\DEV05\workspace_IntelliJ\ict05_final_project\ict05_final_admin)
2025-10-21 13:58:27.410 DEBUG [restartedMain] [] c.b.i.Ict05FinalAdminApplication - Running with Spring Boot v3.5.6, Spring v6.2.11
2025-10-21 13:58:27.410 INFO  [restartedMain] [] c.b.i.Ict05FinalAdminApplication - The following 1 profile is active: "dev"
2025-10-21 13:58:27.451 INFO  [restartedMain] [] o.s.b.d.e.DevToolsPropertyDefaultsPostProcessor - Devtools property defaults active! Set 'spring.devtools.add-properties' to 'false' to disable
2025-10-21 13:58:27.451 INFO  [restartedMain] [] o.s.b.d.e.DevToolsPropertyDefaultsPostProcessor - For additional web related logging consider setting the 'logging.level.web' property to 'DEBUG'
2025-10-21 13:58:28.088 INFO  [restartedMain] [] o.s.d.r.c.RepositoryConfigurationDelegate - Bootstrapping Spring Data JPA repositories in DEFAULT mode.
2025-10-21 13:58:28.165 INFO  [restartedMain] [] o.s.d.r.c.RepositoryConfigurationDelegate - Finished Spring Data repository scanning in 50 ms. Found 7 JPA repository interfaces.
2025-10-21 13:58:28.796 INFO  [restartedMain] [] o.s.b.w.e.tomcat.TomcatWebServer - Tomcat initialized with port 8081 (http)
2025-10-21 13:58:28.807 INFO  [restartedMain] [] o.a.coyote.http11.Http11NioProtocol - Initializing ProtocolHandler ["http-nio-8081"]
2025-10-21 13:58:28.823 INFO  [restartedMain] [] o.a.catalina.core.StandardService - Starting service [Tomcat]
2025-10-21 13:58:28.823 INFO  [restartedMain] [] o.a.catalina.core.StandardEngine - Starting Servlet engine: [Apache Tomcat/10.1.46]
2025-10-21 13:58:28.877 INFO  [restartedMain] [] o.a.c.c.C.[.[localhost].[/admin] - Initializing Spring embedded WebApplicationContext
2025-10-21 13:58:28.877 INFO  [restartedMain] [] o.s.b.w.s.c.ServletWebServerApplicationContext - Root WebApplicationContext: initialization completed in 1426 ms
2025-10-21 13:58:29.181 INFO  [restartedMain] [] o.h.jpa.internal.util.LogHelper - HHH000204: Processing PersistenceUnitInfo [name: default]
2025-10-21 13:58:29.230 INFO  [restartedMain] [] org.hibernate.Version - HHH000412: Hibernate ORM core version 6.6.29.Final
2025-10-21 13:58:29.259 INFO  [restartedMain] [] o.h.c.i.RegionFactoryInitiator - HHH000026: Second-level cache disabled
2025-10-21 13:58:29.462 INFO  [restartedMain] [] o.s.o.j.p.SpringPersistenceUnitInfo - No LoadTimeWeaver setup: ignoring JPA class transformer
2025-10-21 13:58:29.478 INFO  [restartedMain] [] com.zaxxer.hikari.HikariDataSource - HikariPool-1 - Starting...
2025-10-21 13:58:29.596 INFO  [restartedMain] [] com.zaxxer.hikari.pool.HikariPool - HikariPool-1 - Added connection com.p6spy.engine.wrapper.ConnectionWrapper@6af1cc31
2025-10-21 13:58:29.597 INFO  [restartedMain] [] com.zaxxer.hikari.HikariDataSource - HikariPool-1 - Start completed.
2025-10-21 13:58:29.603 WARN  [restartedMain] [] org.hibernate.orm.deprecation - HHH90000025: MariaDBDialect does not need to be specified explicitly using 'hibernate.dialect' (remove the property setting and it will be selected by default)
2025-10-21 13:58:29.619 INFO  [restartedMain] [] o.hibernate.orm.connections.pooling - HHH10001005: Database info:
	Database JDBC URL [Connecting through datasource 'HikariDataSource (HikariPool-1)']
	Database driver: undefined/unknown
	Database version: 10.5.12
	Autocommit mode: undefined/unknown
	Isolation level: undefined/unknown
	Minimum pool size: undefined/unknown
	Maximum pool size: undefined/unknown
2025-10-21 13:58:30.158 INFO  [restartedMain] [] o.h.e.t.j.p.i.JtaPlatformInitiator - HHH000489: No JTA platform available (set 'hibernate.transaction.jta.platform' to enable JTA platform integration)
2025-10-21 13:58:30.291 INFO  [restartedMain] [] o.s.o.j.LocalContainerEntityManagerFactoryBean - Initialized JPA EntityManagerFactory for persistence unit 'default'
2025-10-21 13:58:30.866 WARN  [restartedMain] [] o.s.b.a.o.j.JpaBaseConfiguration$JpaWebConfiguration - spring.jpa.open-in-view is enabled by default. Therefore, database queries may be performed during view rendering. Explicitly configure spring.jpa.open-in-view to disable this warning
2025-10-21 13:58:30.906 INFO  [restartedMain] [] o.s.b.a.w.s.WelcomePageHandlerMapping - Adding welcome page template: index
2025-10-21 13:58:31.619 INFO  [restartedMain] [] o.s.b.d.a.OptionalLiveReloadServer - LiveReload server is running on port 35729
2025-10-21 13:58:31.634 INFO  [restartedMain] [] o.a.coyote.http11.Http11NioProtocol - Starting ProtocolHandler ["http-nio-8081"]
2025-10-21 13:58:31.646 INFO  [restartedMain] [] o.s.b.w.e.tomcat.TomcatWebServer - Tomcat started on port 8081 (http) with context path '/admin'
2025-10-21 13:58:31.653 INFO  [restartedMain] [] c.b.i.Ict05FinalAdminApplication - Started Ict05FinalAdminApplication in 4.622 seconds (process running for 4.886)
2025-10-21 13:58:33.026 INFO  [http-nio-8081-exec-1] [] o.a.c.c.C.[.[localhost].[/admin] - Initializing Spring DispatcherServlet 'dispatcherServlet'
2025-10-21 13:58:33.026 INFO  [http-nio-8081-exec-1] [] o.s.web.servlet.DispatcherServlet - Initializing Servlet 'dispatcherServlet'
2025-10-21 13:58:33.026 INFO  [http-nio-8081-exec-1] [] o.s.web.servlet.DispatcherServlet - Completed initialization in 0 ms
2025-10-21 13:58:33.385 INFO  [http-nio-8081-exec-1] [d1eb486d] p6spy - #1761022713385 | took 0ms | resultset | connection -1| url 
select n1_0.notice_id,n1_0.member_id_fk,n1_0.notice_category,n1_0.notice_priority,n1_0.notice_status,n1_0.is_show,n1_0.notice_title,n1_0.notice_content,n1_0.writer,n1_0.notice_count,n1_0.notice_reg_date from notice n1_0 order by n1_0.notice_id desc limit ?,?
1 = 100, 2 = 100, 3 = 'EVENT', 4 = 'IMPORTANT', 5 = 'DELETED', 6 = false, 7 = '공지 제목 100', 8 = '공지 내용 100', 9 = '작성자01', 10 = 500, 11 = '2025-10-19T12:30:47.079+0900';
2025-10-21 13:58:33.386 INFO  [http-nio-8081-exec-1] [d1eb486d] p6spy - #1761022713386 | took 0ms | resultset | connection -1| url 
select n1_0.notice_id,n1_0.member_id_fk,n1_0.notice_category,n1_0.notice_priority,n1_0.notice_status,n1_0.is_show,n1_0.notice_title,n1_0.notice_content,n1_0.writer,n1_0.notice_count,n1_0.notice_reg_date from notice n1_0 order by n1_0.notice_id desc limit ?,?
1 = 99, 2 = 99, 3 = 'SYSTEM', 4 = 'EMERGENCY', 5 = 'ACTIVE', 6 = true, 7 = '공지 제목 99', 8 = '공지 내용 99', 9 = '작성자10', 10 = 495, 11 = '2025-10-18T12:30:47.079+0900';
2025-10-21 13:58:33.386 INFO  [http-nio-8081-exec-1] [d1eb486d] p6spy - #1761022713386 | took 0ms | resultset | connection -1| url 
select n1_0.notice_id,n1_0.member_id_fk,n1_0.notice_category,n1_0.notice_priority,n1_0.notice_status,n1_0.is_show,n1_0.notice_title,n1_0.notice_content,n1_0.writer,n1_0.notice_count,n1_0.notice_reg_date from notice n1_0 order by n1_0.notice_id desc limit ?,?
1 = 98, 2 = 98, 3 = 'POLICY', 4 = 'NORMAL', 5 = 'INACTIVE', 6 = false, 7 = '공지 제목 98', 8 = '공지 내용 98', 9 = '작성자09', 10 = 490, 11 = '2025-10-17T12:30:47.079+0900';
2025-10-21 13:58:33.386 INFO  [http-nio-8081-exec-1] [d1eb486d] p6spy - #1761022713386 | took 0ms | resultset | connection -1| url 
select n1_0.notice_id,n1_0.member_id_fk,n1_0.notice_category,n1_0.notice_priority,n1_0.notice_status,n1_0.is_show,n1_0.notice_title,n1_0.notice_content,n1_0.writer,n1_0.notice_count,n1_0.notice_reg_date from notice n1_0 order by n1_0.notice_id desc limit ?,?
1 = 97, 2 = 97, 3 = 'NORMAL', 4 = 'IMPORTANT', 5 = 'DELETED', 6 = true, 7 = '공지 제목 97', 8 = '공지 내용 97', 9 = '작성자08', 10 = 485, 11 = '2025-10-16T12:30:47.079+0900';
2025-10-21 13:58:33.386 INFO  [http-nio-8081-exec-1] [d1eb486d] p6spy - #1761022713386 | took 0ms | resultset | connection -1| url 
select n1_0.notice_id,n1_0.member_id_fk,n1_0.notice_category,n1_0.notice_priority,n1_0.notice_status,n1_0.is_show,n1_0.notice_title,n1_0.notice_content,n1_0.writer,n1_0.notice_count,n1_0.notice_reg_date from notice n1_0 order by n1_0.notice_id desc limit ?,?
1 = 96, 2 = 96, 3 = 'EVENT', 4 = 'EMERGENCY', 5 = 'ACTIVE', 6 = false, 7 = '공지 제목 96', 8 = '공지 내용 96', 9 = '작성자07', 10 = 480, 11 = '2025-10-15T12:30:47.079+0900';
2025-10-21 13:58:33.386 INFO  [http-nio-8081-exec-1] [d1eb486d] p6spy - #1761022713386 | took 0ms | resultset | connection -1| url 
select n1_0.notice_id,n1_0.member_id_fk,n1_0.notice_category,n1_0.notice_priority,n1_0.notice_status,n1_0.is_show,n1_0.notice_title,n1_0.notice_content,n1_0.writer,n1_0.notice_count,n1_0.notice_reg_date from notice n1_0 order by n1_0.notice_id desc limit ?,?
1 = 95, 2 = 95, 3 = 'SYSTEM', 4 = 'NORMAL', 5 = 'INACTIVE', 6 = true, 7 = '공지 제목 95', 8 = '공지 내용 95', 9 = '작성자06', 10 = 475, 11 = '2025-10-14T12:30:47.079+0900';
2025-10-21 13:58:33.386 INFO  [http-nio-8081-exec-1] [d1eb486d] p6spy - #1761022713386 | took 0ms | resultset | connection -1| url 
select n1_0.notice_id,n1_0.member_id_fk,n1_0.notice_category,n1_0.notice_priority,n1_0.notice_status,n1_0.is_show,n1_0.notice_title,n1_0.notice_content,n1_0.writer,n1_0.notice_count,n1_0.notice_reg_date from notice n1_0 order by n1_0.notice_id desc limit ?,?
1 = 94, 2 = 94, 3 = 'POLICY', 4 = 'IMPORTANT', 5 = 'DELETED', 6 = false, 7 = '공지 제목 94', 8 = '공지 내용 94', 9 = '작성자05', 10 = 470, 11 = '2025-10-13T12:30:47.079+0900';
2025-10-21 13:58:33.386 INFO  [http-nio-8081-exec-1] [d1eb486d] p6spy - #1761022713386 | took 0ms | resultset | connection -1| url 
select n1_0.notice_id,n1_0.member_id_fk,n1_0.notice_category,n1_0.notice_priority,n1_0.notice_status,n1_0.is_show,n1_0.notice_title,n1_0.notice_content,n1_0.writer,n1_0.notice_count,n1_0.notice_reg_date from notice n1_0 order by n1_0.notice_id desc limit ?,?
1 = 93, 2 = 93, 3 = 'NORMAL', 4 = 'EMERGENCY', 5 = 'ACTIVE', 6 = true, 7 = '공지 제목 93', 8 = '공지 내용 93', 9 = '작성자04', 10 = 465, 11 = '2025-10-12T12:30:47.079+0900';
2025-10-21 13:58:33.386 INFO  [http-nio-8081-exec-1] [d1eb486d] p6spy - #1761022713386 | took 0ms | resultset | connection -1| url 
select n1_0.notice_id,n1_0.member_id_fk,n1_0.notice_category,n1_0.notice_priority,n1_0.notice_status,n1_0.is_show,n1_0.notice_title,n1_0.notice_content,n1_0.writer,n1_0.notice_count,n1_0.notice_reg_date from notice n1_0 order by n1_0.notice_id desc limit ?,?
1 = 92, 2 = 92, 3 = 'EVENT', 4 = 'NORMAL', 5 = 'INACTIVE', 6 = false, 7 = '공지 제목 92', 8 = '공지 내용 92', 9 = '작성자03', 10 = 460, 11 = '2025-10-11T12:30:47.079+0900';
2025-10-21 13:58:33.386 INFO  [http-nio-8081-exec-1] [d1eb486d] p6spy - #1761022713386 | took 0ms | resultset | connection -1| url 
select n1_0.notice_id,n1_0.member_id_fk,n1_0.notice_category,n1_0.notice_priority,n1_0.notice_status,n1_0.is_show,n1_0.notice_title,n1_0.notice_content,n1_0.writer,n1_0.notice_count,n1_0.notice_reg_date from notice n1_0 order by n1_0.notice_id desc limit ?,?
1 = 91, 2 = 91, 3 = 'SYSTEM', 4 = 'IMPORTANT', 5 = 'DELETED', 6 = true, 7 = '공지 제목 91', 8 = '공지 내용 91', 9 = '작성자02', 10 = 455, 11 = '2025-10-10T12:30:47.079+0900';
2025-10-21 13:58:33.439 INFO  [http-nio-8081-exec-1] [d1eb486d] p6spy - #1761022713439 | took 0ms | resultset | connection -1| url 
select count(n1_0.notice_id) from notice n1_0
1 = 100;
2025-10-21 13:58:44.464 INFO  [background-preinit] [] o.h.validator.internal.util.Version - HV000001: Hibernate Validator 8.0.3.Final
2025-10-21 13:58:44.490 INFO  [restartedMain] [] c.b.i.Ict05FinalAdminApplication - Starting Ict05FinalAdminApplication using Java 17.0.12 with PID 15112 (D:\DEV05\workspace_IntelliJ\ict05_final_project\ict05_final_admin\build\classes\java\main started by ict1 in D:\DEV05\workspace_IntelliJ\ict05_final_project\ict05_final_admin)
2025-10-21 13:58:44.491 DEBUG [restartedMain] [] c.b.i.Ict05FinalAdminApplication - Running with Spring Boot v3.5.6, Spring v6.2.11
2025-10-21 13:58:44.491 INFO  [restartedMain] [] c.b.i.Ict05FinalAdminApplication - The following 1 profile is active: "dev"
2025-10-21 13:58:44.521 INFO  [restartedMain] [] o.s.b.d.e.DevToolsPropertyDefaultsPostProcessor - Devtools property defaults active! Set 'spring.devtools.add-properties' to 'false' to disable
2025-10-21 13:58:44.521 INFO  [restartedMain] [] o.s.b.d.e.DevToolsPropertyDefaultsPostProcessor - For additional web related logging consider setting the 'logging.level.web' property to 'DEBUG'
2025-10-21 13:58:45.125 INFO  [restartedMain] [] o.s.d.r.c.RepositoryConfigurationDelegate - Bootstrapping Spring Data JPA repositories in DEFAULT mode.
2025-10-21 13:58:45.206 INFO  [restartedMain] [] o.s.d.r.c.RepositoryConfigurationDelegate - Finished Spring Data repository scanning in 58 ms. Found 7 JPA repository interfaces.
2025-10-21 13:58:45.796 INFO  [restartedMain] [] o.s.b.w.e.tomcat.TomcatWebServer - Tomcat initialized with port 8081 (http)
2025-10-21 13:58:45.810 INFO  [restartedMain] [] o.a.coyote.http11.Http11NioProtocol - Initializing ProtocolHandler ["http-nio-8081"]
2025-10-21 13:58:45.810 INFO  [restartedMain] [] o.a.catalina.core.StandardService - Starting service [Tomcat]
2025-10-21 13:58:45.810 INFO  [restartedMain] [] o.a.catalina.core.StandardEngine - Starting Servlet engine: [Apache Tomcat/10.1.46]
2025-10-21 13:58:45.885 INFO  [restartedMain] [] o.a.c.c.C.[.[localhost].[/admin] - Initializing Spring embedded WebApplicationContext
2025-10-21 13:58:45.885 INFO  [restartedMain] [] o.s.b.w.s.c.ServletWebServerApplicationContext - Root WebApplicationContext: initialization completed in 1364 ms
2025-10-21 13:58:46.120 INFO  [restartedMain] [] o.h.jpa.internal.util.LogHelper - HHH000204: Processing PersistenceUnitInfo [name: default]
2025-10-21 13:58:46.228 INFO  [restartedMain] [] org.hibernate.Version - HHH000412: Hibernate ORM core version 6.6.29.Final
2025-10-21 13:58:46.286 INFO  [restartedMain] [] o.h.c.i.RegionFactoryInitiator - HHH000026: Second-level cache disabled
2025-10-21 13:58:46.511 INFO  [restartedMain] [] o.s.o.j.p.SpringPersistenceUnitInfo - No LoadTimeWeaver setup: ignoring JPA class transformer
2025-10-21 13:58:46.532 INFO  [restartedMain] [] com.zaxxer.hikari.HikariDataSource - HikariPool-1 - Starting...
2025-10-21 13:58:46.640 INFO  [restartedMain] [] com.zaxxer.hikari.pool.HikariPool - HikariPool-1 - Added connection com.p6spy.engine.wrapper.ConnectionWrapper@4f072951
2025-10-21 13:58:46.640 INFO  [restartedMain] [] com.zaxxer.hikari.HikariDataSource - HikariPool-1 - Start completed.
2025-10-21 13:58:46.650 WARN  [restartedMain] [] org.hibernate.orm.deprecation - HHH90000025: MariaDBDialect does not need to be specified explicitly using 'hibernate.dialect' (remove the property setting and it will be selected by default)
2025-10-21 13:58:46.675 INFO  [restartedMain] [] o.hibernate.orm.connections.pooling - HHH10001005: Database info:
	Database JDBC URL [Connecting through datasource 'HikariDataSource (HikariPool-1)']
	Database driver: undefined/unknown
	Database version: 10.5.12
	Autocommit mode: undefined/unknown
	Isolation level: undefined/unknown
	Minimum pool size: undefined/unknown
	Maximum pool size: undefined/unknown
2025-10-21 13:58:47.207 INFO  [restartedMain] [] o.h.e.t.j.p.i.JtaPlatformInitiator - HHH000489: No JTA platform available (set 'hibernate.transaction.jta.platform' to enable JTA platform integration)
2025-10-21 13:58:47.334 INFO  [restartedMain] [] o.s.o.j.LocalContainerEntityManagerFactoryBean - Initialized JPA EntityManagerFactory for persistence unit 'default'
2025-10-21 13:58:47.899 WARN  [restartedMain] [] o.s.b.a.o.j.JpaBaseConfiguration$JpaWebConfiguration - spring.jpa.open-in-view is enabled by default. Therefore, database queries may be performed during view rendering. Explicitly configure spring.jpa.open-in-view to disable this warning
2025-10-21 13:58:47.931 INFO  [restartedMain] [] o.s.b.a.w.s.WelcomePageHandlerMapping - Adding welcome page template: index
2025-10-21 13:58:48.672 INFO  [restartedMain] [] o.s.b.d.a.OptionalLiveReloadServer - LiveReload server is running on port 35729
2025-10-21 13:58:48.697 INFO  [restartedMain] [] o.a.coyote.http11.Http11NioProtocol - Starting ProtocolHandler ["http-nio-8081"]
2025-10-21 13:58:48.735 INFO  [restartedMain] [] o.s.b.w.e.tomcat.TomcatWebServer - Tomcat started on port 8081 (http) with context path '/admin'
2025-10-21 13:58:48.745 INFO  [restartedMain] [] c.b.i.Ict05FinalAdminApplication - Started Ict05FinalAdminApplication in 4.618 seconds (process running for 4.881)
2025-10-21 13:58:50.325 INFO  [http-nio-8081-exec-1] [] o.a.c.c.C.[.[localhost].[/admin] - Initializing Spring DispatcherServlet 'dispatcherServlet'
2025-10-21 13:58:50.325 INFO  [http-nio-8081-exec-1] [] o.s.web.servlet.DispatcherServlet - Initializing Servlet 'dispatcherServlet'
2025-10-21 13:58:50.325 INFO  [http-nio-8081-exec-1] [] o.s.web.servlet.DispatcherServlet - Completed initialization in 0 ms
2025-10-21 13:58:50.688 INFO  [http-nio-8081-exec-1] [f5589765] p6spy - #1761022730688 | took 0ms | resultset | connection -1| url 
select n1_0.notice_id,n1_0.member_id_fk,n1_0.notice_category,n1_0.notice_priority,n1_0.notice_status,n1_0.is_show,n1_0.notice_title,n1_0.notice_content,n1_0.writer,n1_0.notice_count,n1_0.notice_reg_date from notice n1_0 order by n1_0.notice_id desc limit ?,?
1 = 100, 2 = 100, 3 = 'EVENT', 4 = 'IMPORTANT', 5 = 'DELETED', 6 = false, 7 = '공지 제목 100', 8 = '공지 내용 100', 9 = '작성자01', 10 = 500, 11 = '2025-10-19T12:30:47.079+0900';
2025-10-21 13:58:50.688 INFO  [http-nio-8081-exec-1] [f5589765] p6spy - #1761022730688 | took 0ms | resultset | connection -1| url 
select n1_0.notice_id,n1_0.member_id_fk,n1_0.notice_category,n1_0.notice_priority,n1_0.notice_status,n1_0.is_show,n1_0.notice_title,n1_0.notice_content,n1_0.writer,n1_0.notice_count,n1_0.notice_reg_date from notice n1_0 order by n1_0.notice_id desc limit ?,?
1 = 99, 2 = 99, 3 = 'SYSTEM', 4 = 'EMERGENCY', 5 = 'ACTIVE', 6 = true, 7 = '공지 제목 99', 8 = '공지 내용 99', 9 = '작성자10', 10 = 495, 11 = '2025-10-18T12:30:47.079+0900';
2025-10-21 13:58:50.689 INFO  [http-nio-8081-exec-1] [f5589765] p6spy - #1761022730689 | took 0ms | resultset | connection -1| url 
select n1_0.notice_id,n1_0.member_id_fk,n1_0.notice_category,n1_0.notice_priority,n1_0.notice_status,n1_0.is_show,n1_0.notice_title,n1_0.notice_content,n1_0.writer,n1_0.notice_count,n1_0.notice_reg_date from notice n1_0 order by n1_0.notice_id desc limit ?,?
1 = 98, 2 = 98, 3 = 'POLICY', 4 = 'NORMAL', 5 = 'INACTIVE', 6 = false, 7 = '공지 제목 98', 8 = '공지 내용 98', 9 = '작성자09', 10 = 490, 11 = '2025-10-17T12:30:47.079+0900';
2025-10-21 13:58:50.689 INFO  [http-nio-8081-exec-1] [f5589765] p6spy - #1761022730689 | took 0ms | resultset | connection -1| url 
select n1_0.notice_id,n1_0.member_id_fk,n1_0.notice_category,n1_0.notice_priority,n1_0.notice_status,n1_0.is_show,n1_0.notice_title,n1_0.notice_content,n1_0.writer,n1_0.notice_count,n1_0.notice_reg_date from notice n1_0 order by n1_0.notice_id desc limit ?,?
1 = 97, 2 = 97, 3 = 'NORMAL', 4 = 'IMPORTANT', 5 = 'DELETED', 6 = true, 7 = '공지 제목 97', 8 = '공지 내용 97', 9 = '작성자08', 10 = 485, 11 = '2025-10-16T12:30:47.079+0900';
2025-10-21 13:58:50.689 INFO  [http-nio-8081-exec-1] [f5589765] p6spy - #1761022730689 | took 0ms | resultset | connection -1| url 
select n1_0.notice_id,n1_0.member_id_fk,n1_0.notice_category,n1_0.notice_priority,n1_0.notice_status,n1_0.is_show,n1_0.notice_title,n1_0.notice_content,n1_0.writer,n1_0.notice_count,n1_0.notice_reg_date from notice n1_0 order by n1_0.notice_id desc limit ?,?
1 = 96, 2 = 96, 3 = 'EVENT', 4 = 'EMERGENCY', 5 = 'ACTIVE', 6 = false, 7 = '공지 제목 96', 8 = '공지 내용 96', 9 = '작성자07', 10 = 480, 11 = '2025-10-15T12:30:47.079+0900';
2025-10-21 13:58:50.690 INFO  [http-nio-8081-exec-1] [f5589765] p6spy - #1761022730690 | took 0ms | resultset | connection -1| url 
select n1_0.notice_id,n1_0.member_id_fk,n1_0.notice_category,n1_0.notice_priority,n1_0.notice_status,n1_0.is_show,n1_0.notice_title,n1_0.notice_content,n1_0.writer,n1_0.notice_count,n1_0.notice_reg_date from notice n1_0 order by n1_0.notice_id desc limit ?,?
1 = 95, 2 = 95, 3 = 'SYSTEM', 4 = 'NORMAL', 5 = 'INACTIVE', 6 = true, 7 = '공지 제목 95', 8 = '공지 내용 95', 9 = '작성자06', 10 = 475, 11 = '2025-10-14T12:30:47.079+0900';
2025-10-21 13:58:50.690 INFO  [http-nio-8081-exec-1] [f5589765] p6spy - #1761022730690 | took 0ms | resultset | connection -1| url 
select n1_0.notice_id,n1_0.member_id_fk,n1_0.notice_category,n1_0.notice_priority,n1_0.notice_status,n1_0.is_show,n1_0.notice_title,n1_0.notice_content,n1_0.writer,n1_0.notice_count,n1_0.notice_reg_date from notice n1_0 order by n1_0.notice_id desc limit ?,?
1 = 94, 2 = 94, 3 = 'POLICY', 4 = 'IMPORTANT', 5 = 'DELETED', 6 = false, 7 = '공지 제목 94', 8 = '공지 내용 94', 9 = '작성자05', 10 = 470, 11 = '2025-10-13T12:30:47.079+0900';
2025-10-21 13:58:50.690 INFO  [http-nio-8081-exec-1] [f5589765] p6spy - #1761022730690 | took 0ms | resultset | connection -1| url 
select n1_0.notice_id,n1_0.member_id_fk,n1_0.notice_category,n1_0.notice_priority,n1_0.notice_status,n1_0.is_show,n1_0.notice_title,n1_0.notice_content,n1_0.writer,n1_0.notice_count,n1_0.notice_reg_date from notice n1_0 order by n1_0.notice_id desc limit ?,?
1 = 93, 2 = 93, 3 = 'NORMAL', 4 = 'EMERGENCY', 5 = 'ACTIVE', 6 = true, 7 = '공지 제목 93', 8 = '공지 내용 93', 9 = '작성자04', 10 = 465, 11 = '2025-10-12T12:30:47.079+0900';
2025-10-21 13:58:50.691 INFO  [http-nio-8081-exec-1] [f5589765] p6spy - #1761022730690 | took 0ms | resultset | connection -1| url 
select n1_0.notice_id,n1_0.member_id_fk,n1_0.notice_category,n1_0.notice_priority,n1_0.notice_status,n1_0.is_show,n1_0.notice_title,n1_0.notice_content,n1_0.writer,n1_0.notice_count,n1_0.notice_reg_date from notice n1_0 order by n1_0.notice_id desc limit ?,?
1 = 92, 2 = 92, 3 = 'EVENT', 4 = 'NORMAL', 5 = 'INACTIVE', 6 = false, 7 = '공지 제목 92', 8 = '공지 내용 92', 9 = '작성자03', 10 = 460, 11 = '2025-10-11T12:30:47.079+0900';
2025-10-21 13:58:50.691 INFO  [http-nio-8081-exec-1] [f5589765] p6spy - #1761022730691 | took 0ms | resultset | connection -1| url 
select n1_0.notice_id,n1_0.member_id_fk,n1_0.notice_category,n1_0.notice_priority,n1_0.notice_status,n1_0.is_show,n1_0.notice_title,n1_0.notice_content,n1_0.writer,n1_0.notice_count,n1_0.notice_reg_date from notice n1_0 order by n1_0.notice_id desc limit ?,?
1 = 91, 2 = 91, 3 = 'SYSTEM', 4 = 'IMPORTANT', 5 = 'DELETED', 6 = true, 7 = '공지 제목 91', 8 = '공지 내용 91', 9 = '작성자02', 10 = 455, 11 = '2025-10-10T12:30:47.079+0900';
2025-10-21 13:58:50.744 INFO  [http-nio-8081-exec-1] [f5589765] p6spy - #1761022730744 | took 0ms | resultset | connection -1| url 
select count(n1_0.notice_id) from notice n1_0
1 = 100;
2025-10-21 14:27:02.686 INFO  [background-preinit] [] o.h.validator.internal.util.Version - HV000001: Hibernate Validator 8.0.3.Final
2025-10-21 14:27:02.721 INFO  [restartedMain] [] c.b.i.Ict05FinalAdminApplication - Starting Ict05FinalAdminApplication using Java 17.0.12 with PID 12824 (D:\DEV05\workspace_IntelliJ\ict05_final_project\ict05_final_admin\build\classes\java\main started by ict1 in D:\DEV05\workspace_IntelliJ\ict05_final_project\ict05_final_admin)
2025-10-21 14:27:02.721 DEBUG [restartedMain] [] c.b.i.Ict05FinalAdminApplication - Running with Spring Boot v3.5.6, Spring v6.2.11
2025-10-21 14:27:02.722 INFO  [restartedMain] [] c.b.i.Ict05FinalAdminApplication - The following 1 profile is active: "dev"
2025-10-21 14:27:02.756 INFO  [restartedMain] [] o.s.b.d.e.DevToolsPropertyDefaultsPostProcessor - Devtools property defaults active! Set 'spring.devtools.add-properties' to 'false' to disable
2025-10-21 14:27:02.756 INFO  [restartedMain] [] o.s.b.d.e.DevToolsPropertyDefaultsPostProcessor - For additional web related logging consider setting the 'logging.level.web' property to 'DEBUG'
2025-10-21 14:27:03.376 INFO  [restartedMain] [] o.s.d.r.c.RepositoryConfigurationDelegate - Bootstrapping Spring Data JPA repositories in DEFAULT mode.
2025-10-21 14:27:03.448 INFO  [restartedMain] [] o.s.d.r.c.RepositoryConfigurationDelegate - Finished Spring Data repository scanning in 57 ms. Found 7 JPA repository interfaces.
2025-10-21 14:27:04.053 INFO  [restartedMain] [] o.s.b.w.e.tomcat.TomcatWebServer - Tomcat initialized with port 8081 (http)
2025-10-21 14:27:04.062 INFO  [restartedMain] [] o.a.coyote.http11.Http11NioProtocol - Initializing ProtocolHandler ["http-nio-8081"]
2025-10-21 14:27:04.062 INFO  [restartedMain] [] o.a.catalina.core.StandardService - Starting service [Tomcat]
2025-10-21 14:27:04.062 INFO  [restartedMain] [] o.a.catalina.core.StandardEngine - Starting Servlet engine: [Apache Tomcat/10.1.46]
2025-10-21 14:27:04.133 INFO  [restartedMain] [] o.a.c.c.C.[.[localhost].[/admin] - Initializing Spring embedded WebApplicationContext
2025-10-21 14:27:04.133 INFO  [restartedMain] [] o.s.b.w.s.c.ServletWebServerApplicationContext - Root WebApplicationContext: initialization completed in 1377 ms
2025-10-21 14:27:04.388 INFO  [restartedMain] [] o.h.jpa.internal.util.LogHelper - HHH000204: Processing PersistenceUnitInfo [name: default]
2025-10-21 14:27:04.482 INFO  [restartedMain] [] org.hibernate.Version - HHH000412: Hibernate ORM core version 6.6.29.Final
2025-10-21 14:27:04.518 INFO  [restartedMain] [] o.h.c.i.RegionFactoryInitiator - HHH000026: Second-level cache disabled
2025-10-21 14:27:04.810 INFO  [restartedMain] [] o.s.o.j.p.SpringPersistenceUnitInfo - No LoadTimeWeaver setup: ignoring JPA class transformer
2025-10-21 14:27:04.826 INFO  [restartedMain] [] com.zaxxer.hikari.HikariDataSource - HikariPool-1 - Starting...
2025-10-21 14:27:04.954 INFO  [restartedMain] [] com.zaxxer.hikari.pool.HikariPool - HikariPool-1 - Added connection com.p6spy.engine.wrapper.ConnectionWrapper@23ab9567
2025-10-21 14:27:04.967 INFO  [restartedMain] [] com.zaxxer.hikari.HikariDataSource - HikariPool-1 - Start completed.
2025-10-21 14:27:04.990 WARN  [restartedMain] [] org.hibernate.orm.deprecation - HHH90000025: MariaDBDialect does not need to be specified explicitly using 'hibernate.dialect' (remove the property setting and it will be selected by default)
2025-10-21 14:27:05.003 INFO  [restartedMain] [] o.hibernate.orm.connections.pooling - HHH10001005: Database info:
	Database JDBC URL [Connecting through datasource 'HikariDataSource (HikariPool-1)']
	Database driver: undefined/unknown
	Database version: 10.5.12
	Autocommit mode: undefined/unknown
	Isolation level: undefined/unknown
	Minimum pool size: undefined/unknown
	Maximum pool size: undefined/unknown
2025-10-21 14:27:05.544 INFO  [restartedMain] [] o.h.e.t.j.p.i.JtaPlatformInitiator - HHH000489: No JTA platform available (set 'hibernate.transaction.jta.platform' to enable JTA platform integration)
2025-10-21 14:27:05.702 INFO  [restartedMain] [] o.s.o.j.LocalContainerEntityManagerFactoryBean - Initialized JPA EntityManagerFactory for persistence unit 'default'
2025-10-21 14:27:06.216 WARN  [restartedMain] [] o.s.b.a.o.j.JpaBaseConfiguration$JpaWebConfiguration - spring.jpa.open-in-view is enabled by default. Therefore, database queries may be performed during view rendering. Explicitly configure spring.jpa.open-in-view to disable this warning
2025-10-21 14:27:06.255 INFO  [restartedMain] [] o.s.b.a.w.s.WelcomePageHandlerMapping - Adding welcome page template: index
2025-10-21 14:27:06.903 INFO  [restartedMain] [] o.s.b.d.a.OptionalLiveReloadServer - LiveReload server is running on port 35729
2025-10-21 14:27:06.919 INFO  [restartedMain] [] o.a.coyote.http11.Http11NioProtocol - Starting ProtocolHandler ["http-nio-8081"]
2025-10-21 14:27:06.941 INFO  [restartedMain] [] o.s.b.w.e.tomcat.TomcatWebServer - Tomcat started on port 8081 (http) with context path '/admin'
2025-10-21 14:27:06.941 INFO  [restartedMain] [] c.b.i.Ict05FinalAdminApplication - Started Ict05FinalAdminApplication in 4.612 seconds (process running for 4.899)
2025-10-21 14:28:13.763 INFO  [background-preinit] [] o.h.validator.internal.util.Version - HV000001: Hibernate Validator 8.0.3.Final
2025-10-21 14:28:13.794 INFO  [restartedMain] [] c.b.i.Ict05FinalAdminApplication - Starting Ict05FinalAdminApplication using Java 17.0.12 with PID 11764 (D:\DEV05\workspace_IntelliJ\ict05_final_project\ict05_final_admin\build\classes\java\main started by ict1 in D:\DEV05\workspace_IntelliJ\ict05_final_project\ict05_final_admin)
2025-10-21 14:28:13.795 DEBUG [restartedMain] [] c.b.i.Ict05FinalAdminApplication - Running with Spring Boot v3.5.6, Spring v6.2.11
2025-10-21 14:28:13.795 INFO  [restartedMain] [] c.b.i.Ict05FinalAdminApplication - The following 1 profile is active: "dev"
2025-10-21 14:28:13.824 INFO  [restartedMain] [] o.s.b.d.e.DevToolsPropertyDefaultsPostProcessor - Devtools property defaults active! Set 'spring.devtools.add-properties' to 'false' to disable
2025-10-21 14:28:13.824 INFO  [restartedMain] [] o.s.b.d.e.DevToolsPropertyDefaultsPostProcessor - For additional web related logging consider setting the 'logging.level.web' property to 'DEBUG'
2025-10-21 14:28:14.444 INFO  [restartedMain] [] o.s.d.r.c.RepositoryConfigurationDelegate - Bootstrapping Spring Data JPA repositories in DEFAULT mode.
2025-10-21 14:28:14.520 INFO  [restartedMain] [] o.s.d.r.c.RepositoryConfigurationDelegate - Finished Spring Data repository scanning in 61 ms. Found 7 JPA repository interfaces.
2025-10-21 14:28:15.084 INFO  [restartedMain] [] o.s.b.w.e.tomcat.TomcatWebServer - Tomcat initialized with port 8081 (http)
2025-10-21 14:28:15.113 INFO  [restartedMain] [] o.a.coyote.http11.Http11NioProtocol - Initializing ProtocolHandler ["http-nio-8081"]
2025-10-21 14:28:15.113 INFO  [restartedMain] [] o.a.catalina.core.StandardService - Starting service [Tomcat]
2025-10-21 14:28:15.113 INFO  [restartedMain] [] o.a.catalina.core.StandardEngine - Starting Servlet engine: [Apache Tomcat/10.1.46]
2025-10-21 14:28:15.193 INFO  [restartedMain] [] o.a.c.c.C.[.[localhost].[/admin] - Initializing Spring embedded WebApplicationContext
2025-10-21 14:28:15.193 INFO  [restartedMain] [] o.s.b.w.s.c.ServletWebServerApplicationContext - Root WebApplicationContext: initialization completed in 1369 ms
2025-10-21 14:28:15.454 INFO  [restartedMain] [] o.h.jpa.internal.util.LogHelper - HHH000204: Processing PersistenceUnitInfo [name: default]
2025-10-21 14:28:15.543 INFO  [restartedMain] [] org.hibernate.Version - HHH000412: Hibernate ORM core version 6.6.29.Final
2025-10-21 14:28:15.587 INFO  [restartedMain] [] o.h.c.i.RegionFactoryInitiator - HHH000026: Second-level cache disabled
2025-10-21 14:28:15.884 INFO  [restartedMain] [] o.s.o.j.p.SpringPersistenceUnitInfo - No LoadTimeWeaver setup: ignoring JPA class transformer
2025-10-21 14:28:15.908 INFO  [restartedMain] [] com.zaxxer.hikari.HikariDataSource - HikariPool-1 - Starting...
2025-10-21 14:28:16.063 INFO  [restartedMain] [] com.zaxxer.hikari.pool.HikariPool - HikariPool-1 - Added connection com.p6spy.engine.wrapper.ConnectionWrapper@6e66e0f3
2025-10-21 14:28:16.063 INFO  [restartedMain] [] com.zaxxer.hikari.HikariDataSource - HikariPool-1 - Start completed.
2025-10-21 14:28:16.093 WARN  [restartedMain] [] org.hibernate.orm.deprecation - HHH90000025: MariaDBDialect does not need to be specified explicitly using 'hibernate.dialect' (remove the property setting and it will be selected by default)
2025-10-21 14:28:16.113 INFO  [restartedMain] [] o.hibernate.orm.connections.pooling - HHH10001005: Database info:
	Database JDBC URL [Connecting through datasource 'HikariDataSource (HikariPool-1)']
	Database driver: undefined/unknown
	Database version: 10.5.12
	Autocommit mode: undefined/unknown
	Isolation level: undefined/unknown
	Minimum pool size: undefined/unknown
	Maximum pool size: undefined/unknown
2025-10-21 14:28:16.685 INFO  [restartedMain] [] o.h.e.t.j.p.i.JtaPlatformInitiator - HHH000489: No JTA platform available (set 'hibernate.transaction.jta.platform' to enable JTA platform integration)
2025-10-21 14:28:16.830 INFO  [restartedMain] [] o.s.o.j.LocalContainerEntityManagerFactoryBean - Initialized JPA EntityManagerFactory for persistence unit 'default'
2025-10-21 14:28:17.343 WARN  [restartedMain] [] o.s.b.a.o.j.JpaBaseConfiguration$JpaWebConfiguration - spring.jpa.open-in-view is enabled by default. Therefore, database queries may be performed during view rendering. Explicitly configure spring.jpa.open-in-view to disable this warning
2025-10-21 14:28:17.413 INFO  [restartedMain] [] o.s.b.a.w.s.WelcomePageHandlerMapping - Adding welcome page template: index
2025-10-21 14:28:18.032 INFO  [restartedMain] [] o.s.b.d.a.OptionalLiveReloadServer - LiveReload server is running on port 35729
2025-10-21 14:28:18.033 INFO  [restartedMain] [] o.a.coyote.http11.Http11NioProtocol - Starting ProtocolHandler ["http-nio-8081"]
2025-10-21 14:28:18.059 INFO  [restartedMain] [] o.s.b.w.e.tomcat.TomcatWebServer - Tomcat started on port 8081 (http) with context path '/admin'
2025-10-21 14:28:18.065 INFO  [restartedMain] [] c.b.i.Ict05FinalAdminApplication - Started Ict05FinalAdminApplication in 4.714 seconds (process running for 5.002)
2025-10-21 14:28:20.796 INFO  [http-nio-8081-exec-2] [] o.a.c.c.C.[.[localhost].[/admin] - Initializing Spring DispatcherServlet 'dispatcherServlet'
2025-10-21 14:28:20.796 INFO  [http-nio-8081-exec-2] [] o.s.web.servlet.DispatcherServlet - Initializing Servlet 'dispatcherServlet'
2025-10-21 14:28:20.797 INFO  [http-nio-8081-exec-2] [] o.s.web.servlet.DispatcherServlet - Completed initialization in 1 ms
2025-10-21 14:28:24.222 INFO  [http-nio-8081-exec-9] [84dc3fe8] p6spy - #1761024504222 | took 0ms | resultset | connection -1| url 
select n1_0.notice_id,n1_0.member_id_fk,n1_0.notice_category,n1_0.notice_priority,n1_0.notice_status,n1_0.is_show,n1_0.notice_title,n1_0.notice_content,n1_0.writer,n1_0.notice_count,n1_0.notice_reg_date from notice n1_0 order by n1_0.notice_id desc limit ?,?
1 = 100, 2 = 100, 3 = 'EVENT', 4 = 'IMPORTANT', 5 = 'DELETED', 6 = false, 7 = '공지 제목 100', 8 = '공지 내용 100', 9 = '작성자01', 10 = 500, 11 = '2025-10-19T12:30:47.079+0900';
2025-10-21 14:28:24.223 INFO  [http-nio-8081-exec-9] [84dc3fe8] p6spy - #1761024504223 | took 0ms | resultset | connection -1| url 
select n1_0.notice_id,n1_0.member_id_fk,n1_0.notice_category,n1_0.notice_priority,n1_0.notice_status,n1_0.is_show,n1_0.notice_title,n1_0.notice_content,n1_0.writer,n1_0.notice_count,n1_0.notice_reg_date from notice n1_0 order by n1_0.notice_id desc limit ?,?
1 = 99, 2 = 99, 3 = 'SYSTEM', 4 = 'EMERGENCY', 5 = 'ACTIVE', 6 = true, 7 = '공지 제목 99', 8 = '공지 내용 99', 9 = '작성자10', 10 = 495, 11 = '2025-10-18T12:30:47.079+0900';
2025-10-21 14:28:24.224 INFO  [http-nio-8081-exec-9] [84dc3fe8] p6spy - #1761024504224 | took 0ms | resultset | connection -1| url 
select n1_0.notice_id,n1_0.member_id_fk,n1_0.notice_category,n1_0.notice_priority,n1_0.notice_status,n1_0.is_show,n1_0.notice_title,n1_0.notice_content,n1_0.writer,n1_0.notice_count,n1_0.notice_reg_date from notice n1_0 order by n1_0.notice_id desc limit ?,?
1 = 98, 2 = 98, 3 = 'POLICY', 4 = 'NORMAL', 5 = 'INACTIVE', 6 = false, 7 = '공지 제목 98', 8 = '공지 내용 98', 9 = '작성자09', 10 = 490, 11 = '2025-10-17T12:30:47.079+0900';
2025-10-21 14:28:24.224 INFO  [http-nio-8081-exec-9] [84dc3fe8] p6spy - #1761024504224 | took 0ms | resultset | connection -1| url 
select n1_0.notice_id,n1_0.member_id_fk,n1_0.notice_category,n1_0.notice_priority,n1_0.notice_status,n1_0.is_show,n1_0.notice_title,n1_0.notice_content,n1_0.writer,n1_0.notice_count,n1_0.notice_reg_date from notice n1_0 order by n1_0.notice_id desc limit ?,?
1 = 97, 2 = 97, 3 = 'NORMAL', 4 = 'IMPORTANT', 5 = 'DELETED', 6 = true, 7 = '공지 제목 97', 8 = '공지 내용 97', 9 = '작성자08', 10 = 485, 11 = '2025-10-16T12:30:47.079+0900';
2025-10-21 14:28:24.224 INFO  [http-nio-8081-exec-9] [84dc3fe8] p6spy - #1761024504224 | took 0ms | resultset | connection -1| url 
select n1_0.notice_id,n1_0.member_id_fk,n1_0.notice_category,n1_0.notice_priority,n1_0.notice_status,n1_0.is_show,n1_0.notice_title,n1_0.notice_content,n1_0.writer,n1_0.notice_count,n1_0.notice_reg_date from notice n1_0 order by n1_0.notice_id desc limit ?,?
1 = 96, 2 = 96, 3 = 'EVENT', 4 = 'EMERGENCY', 5 = 'ACTIVE', 6 = false, 7 = '공지 제목 96', 8 = '공지 내용 96', 9 = '작성자07', 10 = 480, 11 = '2025-10-15T12:30:47.079+0900';
2025-10-21 14:28:24.225 INFO  [http-nio-8081-exec-9] [84dc3fe8] p6spy - #1761024504225 | took 0ms | resultset | connection -1| url 
select n1_0.notice_id,n1_0.member_id_fk,n1_0.notice_category,n1_0.notice_priority,n1_0.notice_status,n1_0.is_show,n1_0.notice_title,n1_0.notice_content,n1_0.writer,n1_0.notice_count,n1_0.notice_reg_date from notice n1_0 order by n1_0.notice_id desc limit ?,?
1 = 95, 2 = 95, 3 = 'SYSTEM', 4 = 'NORMAL', 5 = 'INACTIVE', 6 = true, 7 = '공지 제목 95', 8 = '공지 내용 95', 9 = '작성자06', 10 = 475, 11 = '2025-10-14T12:30:47.079+0900';
2025-10-21 14:28:24.225 INFO  [http-nio-8081-exec-9] [84dc3fe8] p6spy - #1761024504225 | took 0ms | resultset | connection -1| url 
select n1_0.notice_id,n1_0.member_id_fk,n1_0.notice_category,n1_0.notice_priority,n1_0.notice_status,n1_0.is_show,n1_0.notice_title,n1_0.notice_content,n1_0.writer,n1_0.notice_count,n1_0.notice_reg_date from notice n1_0 order by n1_0.notice_id desc limit ?,?
1 = 94, 2 = 94, 3 = 'POLICY', 4 = 'IMPORTANT', 5 = 'DELETED', 6 = false, 7 = '공지 제목 94', 8 = '공지 내용 94', 9 = '작성자05', 10 = 470, 11 = '2025-10-13T12:30:47.079+0900';
2025-10-21 14:28:24.226 INFO  [http-nio-8081-exec-9] [84dc3fe8] p6spy - #1761024504226 | took 0ms | resultset | connection -1| url 
select n1_0.notice_id,n1_0.member_id_fk,n1_0.notice_category,n1_0.notice_priority,n1_0.notice_status,n1_0.is_show,n1_0.notice_title,n1_0.notice_content,n1_0.writer,n1_0.notice_count,n1_0.notice_reg_date from notice n1_0 order by n1_0.notice_id desc limit ?,?
1 = 93, 2 = 93, 3 = 'NORMAL', 4 = 'EMERGENCY', 5 = 'ACTIVE', 6 = true, 7 = '공지 제목 93', 8 = '공지 내용 93', 9 = '작성자04', 10 = 465, 11 = '2025-10-12T12:30:47.079+0900';
2025-10-21 14:28:24.226 INFO  [http-nio-8081-exec-9] [84dc3fe8] p6spy - #1761024504226 | took 0ms | resultset | connection -1| url 
select n1_0.notice_id,n1_0.member_id_fk,n1_0.notice_category,n1_0.notice_priority,n1_0.notice_status,n1_0.is_show,n1_0.notice_title,n1_0.notice_content,n1_0.writer,n1_0.notice_count,n1_0.notice_reg_date from notice n1_0 order by n1_0.notice_id desc limit ?,?
1 = 92, 2 = 92, 3 = 'EVENT', 4 = 'NORMAL', 5 = 'INACTIVE', 6 = false, 7 = '공지 제목 92', 8 = '공지 내용 92', 9 = '작성자03', 10 = 460, 11 = '2025-10-11T12:30:47.079+0900';
2025-10-21 14:28:24.227 INFO  [http-nio-8081-exec-9] [84dc3fe8] p6spy - #1761024504227 | took 0ms | resultset | connection -1| url 
select n1_0.notice_id,n1_0.member_id_fk,n1_0.notice_category,n1_0.notice_priority,n1_0.notice_status,n1_0.is_show,n1_0.notice_title,n1_0.notice_content,n1_0.writer,n1_0.notice_count,n1_0.notice_reg_date from notice n1_0 order by n1_0.notice_id desc limit ?,?
1 = 91, 2 = 91, 3 = 'SYSTEM', 4 = 'IMPORTANT', 5 = 'DELETED', 6 = true, 7 = '공지 제목 91', 8 = '공지 내용 91', 9 = '작성자02', 10 = 455, 11 = '2025-10-10T12:30:47.079+0900';
2025-10-21 14:28:24.259 INFO  [http-nio-8081-exec-9] [84dc3fe8] p6spy - #1761024504259 | took 0ms | resultset | connection -1| url 
select count(n1_0.notice_id) from notice n1_0
1 = 100;
2025-10-21 14:49:43.000 INFO  [File Watcher] [] o.s.b.d.a.LocalDevToolsAutoConfiguration$RestartingClassPathChangeChangedEventListener - Restarting due to 104 class path changes (0 additions, 104 deletions, 0 modifications)
2025-10-21 14:49:43.000 INFO  [Thread-7] [] o.s.b.w.e.tomcat.GracefulShutdown - Commencing graceful shutdown. Waiting for active requests to complete
2025-10-21 14:49:43.000 INFO  [tomcat-shutdown] [] o.a.coyote.http11.Http11NioProtocol - Pausing ProtocolHandler ["http-nio-8081"]
2025-10-21 14:49:43.107 INFO  [tomcat-shutdown] [] o.s.b.w.e.tomcat.GracefulShutdown - Graceful shutdown complete
2025-10-21 14:49:43.107 INFO  [Thread-7] [] o.a.coyote.http11.Http11NioProtocol - Stopping ProtocolHandler ["http-nio-8081"]
2025-10-21 14:49:43.108 INFO  [Thread-7] [] o.s.o.j.LocalContainerEntityManagerFactoryBean - Closing JPA EntityManagerFactory for persistence unit 'default'
2025-10-21 14:49:43.108 INFO  [Thread-7] [] com.zaxxer.hikari.HikariDataSource - HikariPool-1 - Shutdown initiated...
2025-10-21 14:49:43.140 INFO  [Thread-7] [] com.zaxxer.hikari.HikariDataSource - HikariPool-1 - Shutdown completed.
2025-10-21 14:49:43.350 INFO  [restartedMain] [] c.b.i.Ict05FinalAdminApplication - Starting Ict05FinalAdminApplication using Java 17.0.12 with PID 11764 (D:\DEV05\workspace_IntelliJ\ict05_final_project\ict05_final_admin\build\classes\java\main started by ict1 in D:\DEV05\workspace_IntelliJ\ict05_final_project\ict05_final_admin)
2025-10-21 14:49:43.352 DEBUG [restartedMain] [] c.b.i.Ict05FinalAdminApplication - Running with Spring Boot v3.5.6, Spring v6.2.11
2025-10-21 14:49:43.352 INFO  [restartedMain] [] c.b.i.Ict05FinalAdminApplication - The following 1 profile is active: "dev"
2025-10-21 14:49:43.635 INFO  [restartedMain] [] o.s.d.r.c.RepositoryConfigurationDelegate - Bootstrapping Spring Data JPA repositories in DEFAULT mode.
2025-10-21 14:49:43.635 INFO  [restartedMain] [] o.s.d.r.c.RepositoryConfigurationDelegate - Finished Spring Data repository scanning in 1 ms. Found 0 JPA repository interfaces.
2025-10-21 14:49:43.784 INFO  [restartedMain] [] o.s.b.w.e.tomcat.TomcatWebServer - Tomcat initialized with port 8081 (http)
2025-10-21 14:49:43.784 INFO  [restartedMain] [] o.a.coyote.http11.Http11NioProtocol - Initializing ProtocolHandler ["http-nio-8081"]
2025-10-21 14:49:43.784 INFO  [restartedMain] [] o.a.catalina.core.StandardService - Starting service [Tomcat]
2025-10-21 14:49:43.784 INFO  [restartedMain] [] o.a.catalina.core.StandardEngine - Starting Servlet engine: [Apache Tomcat/10.1.46]
2025-10-21 14:49:43.797 INFO  [restartedMain] [] o.a.c.c.C.[.[localhost].[/admin] - Initializing Spring embedded WebApplicationContext
2025-10-21 14:49:43.797 INFO  [restartedMain] [] o.s.b.w.s.c.ServletWebServerApplicationContext - Root WebApplicationContext: initialization completed in 443 ms
2025-10-21 14:49:43.862 INFO  [restartedMain] [] o.h.jpa.internal.util.LogHelper - HHH000204: Processing PersistenceUnitInfo [name: default]
2025-10-21 14:49:43.874 INFO  [restartedMain] [] o.h.c.i.RegionFactoryInitiator - HHH000026: Second-level cache disabled
2025-10-21 14:49:43.890 INFO  [restartedMain] [] o.s.o.j.p.SpringPersistenceUnitInfo - No LoadTimeWeaver setup: ignoring JPA class transformer
2025-10-21 14:49:43.890 INFO  [restartedMain] [] com.zaxxer.hikari.HikariDataSource - HikariPool-2 - Starting...
2025-10-21 14:49:43.953 INFO  [restartedMain] [] com.zaxxer.hikari.pool.HikariPool - HikariPool-2 - Added connection com.p6spy.engine.wrapper.ConnectionWrapper@2c4b6365
2025-10-21 14:49:43.962 INFO  [restartedMain] [] com.zaxxer.hikari.HikariDataSource - HikariPool-2 - Start completed.
2025-10-21 14:49:43.969 WARN  [restartedMain] [] org.hibernate.orm.deprecation - HHH90000025: MariaDBDialect does not need to be specified explicitly using 'hibernate.dialect' (remove the property setting and it will be selected by default)
2025-10-21 14:49:43.975 INFO  [restartedMain] [] o.hibernate.orm.connections.pooling - HHH10001005: Database info:
	Database JDBC URL [Connecting through datasource 'HikariDataSource (HikariPool-2)']
	Database driver: undefined/unknown
	Database version: 10.5.12
	Autocommit mode: undefined/unknown
	Isolation level: undefined/unknown
	Minimum pool size: undefined/unknown
	Maximum pool size: undefined/unknown
2025-10-21 14:49:44.017 INFO  [restartedMain] [] o.h.e.t.j.p.i.JtaPlatformInitiator - HHH000489: No JTA platform available (set 'hibernate.transaction.jta.platform' to enable JTA platform integration)
2025-10-21 14:49:44.017 INFO  [restartedMain] [] o.s.o.j.LocalContainerEntityManagerFactoryBean - Initialized JPA EntityManagerFactory for persistence unit 'default'
2025-10-21 14:49:44.094 WARN  [restartedMain] [] o.s.b.a.o.j.JpaBaseConfiguration$JpaWebConfiguration - spring.jpa.open-in-view is enabled by default. Therefore, database queries may be performed during view rendering. Explicitly configure spring.jpa.open-in-view to disable this warning
2025-10-21 14:49:44.124 INFO  [restartedMain] [] o.s.b.a.w.s.WelcomePageHandlerMapping - Adding welcome page template: index
2025-10-21 14:49:44.289 INFO  [restartedMain] [] o.s.b.d.a.OptionalLiveReloadServer - LiveReload server is running on port 35729
2025-10-21 14:49:44.293 INFO  [restartedMain] [] o.a.coyote.http11.Http11NioProtocol - Starting ProtocolHandler ["http-nio-8081"]
2025-10-21 14:49:44.309 INFO  [restartedMain] [] o.s.b.w.e.tomcat.TomcatWebServer - Tomcat started on port 8081 (http) with context path '/admin'
2025-10-21 14:49:44.319 INFO  [restartedMain] [] c.b.i.Ict05FinalAdminApplication - Started Ict05FinalAdminApplication in 1.059 seconds (process running for 1291.108)
2025-10-21 14:49:44.319 INFO  [restartedMain] [] o.s.b.d.a.ConditionEvaluationDeltaLoggingListener - Condition evaluation unchanged
2025-10-21 14:49:47.217 INFO  [File Watcher] [] o.s.b.d.a.LocalDevToolsAutoConfiguration$RestartingClassPathChangeChangedEventListener - Restarting due to 133 class path changes (133 additions, 0 deletions, 0 modifications)
2025-10-21 14:49:47.217 INFO  [Thread-9] [] o.s.b.w.e.tomcat.GracefulShutdown - Commencing graceful shutdown. Waiting for active requests to complete
2025-10-21 14:49:47.217 INFO  [tomcat-shutdown] [] o.a.coyote.http11.Http11NioProtocol - Pausing ProtocolHandler ["http-nio-8081"]
2025-10-21 14:49:47.309 INFO  [tomcat-shutdown] [] o.s.b.w.e.tomcat.GracefulShutdown - Graceful shutdown complete
2025-10-21 14:49:47.309 INFO  [Thread-9] [] o.a.coyote.http11.Http11NioProtocol - Stopping ProtocolHandler ["http-nio-8081"]
2025-10-21 14:49:47.309 INFO  [Thread-9] [] o.s.o.j.LocalContainerEntityManagerFactoryBean - Closing JPA EntityManagerFactory for persistence unit 'default'
2025-10-21 14:49:47.309 INFO  [Thread-9] [] com.zaxxer.hikari.HikariDataSource - HikariPool-2 - Shutdown initiated...
2025-10-21 14:49:47.340 INFO  [Thread-9] [] com.zaxxer.hikari.HikariDataSource - HikariPool-2 - Shutdown completed.
2025-10-21 14:49:47.453 INFO  [restartedMain] [] c.b.i.Ict05FinalAdminApplication - Starting Ict05FinalAdminApplication using Java 17.0.12 with PID 11764 (D:\DEV05\workspace_IntelliJ\ict05_final_project\ict05_final_admin\build\classes\java\main started by ict1 in D:\DEV05\workspace_IntelliJ\ict05_final_project\ict05_final_admin)
2025-10-21 14:49:47.453 DEBUG [restartedMain] [] c.b.i.Ict05FinalAdminApplication - Running with Spring Boot v3.5.6, Spring v6.2.11
2025-10-21 14:49:47.453 INFO  [restartedMain] [] c.b.i.Ict05FinalAdminApplication - The following 1 profile is active: "dev"
2025-10-21 14:49:47.745 INFO  [restartedMain] [] o.s.d.r.c.RepositoryConfigurationDelegate - Bootstrapping Spring Data JPA repositories in DEFAULT mode.
2025-10-21 14:49:47.811 INFO  [restartedMain] [] o.s.d.r.c.RepositoryConfigurationDelegate - Finished Spring Data repository scanning in 67 ms. Found 9 JPA repository interfaces.
2025-10-21 14:49:47.984 INFO  [restartedMain] [] o.s.b.w.e.tomcat.TomcatWebServer - Tomcat initialized with port 8081 (http)
2025-10-21 14:49:47.984 INFO  [restartedMain] [] o.a.coyote.http11.Http11NioProtocol - Initializing ProtocolHandler ["http-nio-8081"]
2025-10-21 14:49:47.984 INFO  [restartedMain] [] o.a.catalina.core.StandardService - Starting service [Tomcat]
2025-10-21 14:49:47.984 INFO  [restartedMain] [] o.a.catalina.core.StandardEngine - Starting Servlet engine: [Apache Tomcat/10.1.46]
2025-10-21 14:49:48.000 INFO  [restartedMain] [] o.a.c.c.C.[.[localhost].[/admin] - Initializing Spring embedded WebApplicationContext
2025-10-21 14:49:48.000 INFO  [restartedMain] [] o.s.b.w.s.c.ServletWebServerApplicationContext - Root WebApplicationContext: initialization completed in 547 ms
2025-10-21 14:49:48.031 INFO  [restartedMain] [] o.h.jpa.internal.util.LogHelper - HHH000204: Processing PersistenceUnitInfo [name: default]
2025-10-21 14:49:48.037 INFO  [restartedMain] [] o.h.c.i.RegionFactoryInitiator - HHH000026: Second-level cache disabled
2025-10-21 14:49:48.039 INFO  [restartedMain] [] o.s.o.j.p.SpringPersistenceUnitInfo - No LoadTimeWeaver setup: ignoring JPA class transformer
2025-10-21 14:49:48.039 INFO  [restartedMain] [] com.zaxxer.hikari.HikariDataSource - HikariPool-3 - Starting...
2025-10-21 14:49:48.087 INFO  [restartedMain] [] com.zaxxer.hikari.pool.HikariPool - HikariPool-3 - Added connection com.p6spy.engine.wrapper.ConnectionWrapper@7028af46
2025-10-21 14:49:48.087 INFO  [restartedMain] [] com.zaxxer.hikari.HikariDataSource - HikariPool-3 - Start completed.
2025-10-21 14:49:48.087 WARN  [restartedMain] [] org.hibernate.orm.deprecation - HHH90000025: MariaDBDialect does not need to be specified explicitly using 'hibernate.dialect' (remove the property setting and it will be selected by default)
2025-10-21 14:49:48.087 INFO  [restartedMain] [] o.hibernate.orm.connections.pooling - HHH10001005: Database info:
	Database JDBC URL [Connecting through datasource 'HikariDataSource (HikariPool-3)']
	Database driver: undefined/unknown
	Database version: 10.5.12
	Autocommit mode: undefined/unknown
	Isolation level: undefined/unknown
	Minimum pool size: undefined/unknown
	Maximum pool size: undefined/unknown
2025-10-21 14:49:48.426 INFO  [restartedMain] [] o.h.e.t.j.p.i.JtaPlatformInitiator - HHH000489: No JTA platform available (set 'hibernate.transaction.jta.platform' to enable JTA platform integration)
2025-10-21 14:49:48.646 INFO  [restartedMain] [] o.s.o.j.LocalContainerEntityManagerFactoryBean - Initialized JPA EntityManagerFactory for persistence unit 'default'
2025-10-21 14:49:48.695 INFO  [restartedMain] [] o.s.d.j.r.query.QueryEnhancerFactory - Hibernate is in classpath; If applicable, HQL parser will be used.
2025-10-21 14:49:49.026 WARN  [restartedMain] [] o.s.b.a.o.j.JpaBaseConfiguration$JpaWebConfiguration - spring.jpa.open-in-view is enabled by default. Therefore, database queries may be performed during view rendering. Explicitly configure spring.jpa.open-in-view to disable this warning
2025-10-21 14:49:49.030 INFO  [restartedMain] [] o.s.b.a.w.s.WelcomePageHandlerMapping - Adding welcome page template: index
2025-10-21 14:49:49.172 INFO  [restartedMain] [] o.s.b.d.a.OptionalLiveReloadServer - LiveReload server is running on port 35729
2025-10-21 14:49:49.188 INFO  [restartedMain] [] o.a.coyote.http11.Http11NioProtocol - Starting ProtocolHandler ["http-nio-8081"]
2025-10-21 14:49:49.188 INFO  [restartedMain] [] o.s.b.w.e.tomcat.TomcatWebServer - Tomcat started on port 8081 (http) with context path '/admin'
2025-10-21 14:49:49.188 INFO  [restartedMain] [] c.b.i.Ict05FinalAdminApplication - Started Ict05FinalAdminApplication in 1.774 seconds (process running for 1295.988)
2025-10-21 14:49:49.188 INFO  [restartedMain] [] o.s.b.d.a.ConditionEvaluationDeltaLoggingListener - Condition evaluation unchanged
2025-10-21 14:49:50.615 INFO  [File Watcher] [] o.s.b.d.a.LocalDevToolsAutoConfiguration$RestartingClassPathChangeChangedEventListener - Restarting due to 263 class path changes (0 additions, 0 deletions, 263 modifications)
2025-10-21 14:49:50.615 INFO  [Thread-15] [] o.s.b.w.e.tomcat.GracefulShutdown - Commencing graceful shutdown. Waiting for active requests to complete
2025-10-21 14:49:50.615 INFO  [tomcat-shutdown] [] o.a.coyote.http11.Http11NioProtocol - Pausing ProtocolHandler ["http-nio-8081"]
2025-10-21 14:49:50.703 INFO  [tomcat-shutdown] [] o.s.b.w.e.tomcat.GracefulShutdown - Graceful shutdown complete
2025-10-21 14:49:50.703 INFO  [Thread-15] [] o.a.coyote.http11.Http11NioProtocol - Stopping ProtocolHandler ["http-nio-8081"]
2025-10-21 14:49:50.703 INFO  [Thread-15] [] o.s.o.j.LocalContainerEntityManagerFactoryBean - Closing JPA EntityManagerFactory for persistence unit 'default'
2025-10-21 14:49:50.703 INFO  [Thread-15] [] com.zaxxer.hikari.HikariDataSource - HikariPool-3 - Shutdown initiated...
2025-10-21 14:49:50.735 INFO  [Thread-15] [] com.zaxxer.hikari.HikariDataSource - HikariPool-3 - Shutdown completed.
2025-10-21 14:49:50.814 INFO  [restartedMain] [] c.b.i.Ict05FinalAdminApplication - Starting Ict05FinalAdminApplication using Java 17.0.12 with PID 11764 (D:\DEV05\workspace_IntelliJ\ict05_final_project\ict05_final_admin\build\classes\java\main started by ict1 in D:\DEV05\workspace_IntelliJ\ict05_final_project\ict05_final_admin)
2025-10-21 14:49:50.814 DEBUG [restartedMain] [] c.b.i.Ict05FinalAdminApplication - Running with Spring Boot v3.5.6, Spring v6.2.11
2025-10-21 14:49:50.814 INFO  [restartedMain] [] c.b.i.Ict05FinalAdminApplication - The following 1 profile is active: "dev"
2025-10-21 14:49:50.951 INFO  [restartedMain] [] o.s.d.r.c.RepositoryConfigurationDelegate - Bootstrapping Spring Data JPA repositories in DEFAULT mode.
2025-10-21 14:49:50.988 INFO  [restartedMain] [] o.s.d.r.c.RepositoryConfigurationDelegate - Finished Spring Data repository scanning in 36 ms. Found 9 JPA repository interfaces.
2025-10-21 14:49:51.040 INFO  [restartedMain] [] o.s.b.w.e.tomcat.TomcatWebServer - Tomcat initialized with port 8081 (http)
2025-10-21 14:49:51.040 INFO  [restartedMain] [] o.a.coyote.http11.Http11NioProtocol - Initializing ProtocolHandler ["http-nio-8081"]
2025-10-21 14:49:51.040 INFO  [restartedMain] [] o.a.catalina.core.StandardService - Starting service [Tomcat]
2025-10-21 14:49:51.040 INFO  [restartedMain] [] o.a.catalina.core.StandardEngine - Starting Servlet engine: [Apache Tomcat/10.1.46]
2025-10-21 14:49:51.050 INFO  [restartedMain] [] o.a.c.c.C.[.[localhost].[/admin] - Initializing Spring embedded WebApplicationContext
2025-10-21 14:49:51.050 INFO  [restartedMain] [] o.s.b.w.s.c.ServletWebServerApplicationContext - Root WebApplicationContext: initialization completed in 236 ms
2025-10-21 14:49:51.080 INFO  [restartedMain] [] o.h.jpa.internal.util.LogHelper - HHH000204: Processing PersistenceUnitInfo [name: default]
2025-10-21 14:49:51.081 INFO  [restartedMain] [] o.h.c.i.RegionFactoryInitiator - HHH000026: Second-level cache disabled
2025-10-21 14:49:51.089 INFO  [restartedMain] [] o.s.o.j.p.SpringPersistenceUnitInfo - No LoadTimeWeaver setup: ignoring JPA class transformer
2025-10-21 14:49:51.090 INFO  [restartedMain] [] com.zaxxer.hikari.HikariDataSource - HikariPool-4 - Starting...
2025-10-21 14:49:51.094 INFO  [restartedMain] [] com.zaxxer.hikari.pool.HikariPool - HikariPool-4 - Added connection com.p6spy.engine.wrapper.ConnectionWrapper@23d8fe5a
2025-10-21 14:49:51.094 INFO  [restartedMain] [] com.zaxxer.hikari.HikariDataSource - HikariPool-4 - Start completed.
2025-10-21 14:49:51.094 WARN  [restartedMain] [] org.hibernate.orm.deprecation - HHH90000025: MariaDBDialect does not need to be specified explicitly using 'hibernate.dialect' (remove the property setting and it will be selected by default)
2025-10-21 14:49:51.110 INFO  [restartedMain] [] o.hibernate.orm.connections.pooling - HHH10001005: Database info:
	Database JDBC URL [Connecting through datasource 'HikariDataSource (HikariPool-4)']
	Database driver: undefined/unknown
	Database version: 10.5.12
	Autocommit mode: undefined/unknown
	Isolation level: undefined/unknown
	Minimum pool size: undefined/unknown
	Maximum pool size: undefined/unknown
2025-10-21 14:49:51.219 INFO  [restartedMain] [] o.h.e.t.j.p.i.JtaPlatformInitiator - HHH000489: No JTA platform available (set 'hibernate.transaction.jta.platform' to enable JTA platform integration)
2025-10-21 14:49:51.429 INFO  [restartedMain] [] o.s.o.j.LocalContainerEntityManagerFactoryBean - Initialized JPA EntityManagerFactory for persistence unit 'default'
2025-10-21 14:49:51.429 WARN  [restartedMain] [] o.s.b.w.s.c.AnnotationConfigServletWebServerApplicationContext - Exception encountered during context initialization - cancelling refresh attempt: org.springframework.beans.factory.BeanCreationException: Error creating bean with name 'globalExceptionHandler': Lookup method resolution failed
2025-10-21 14:49:51.429 INFO  [restartedMain] [] o.s.o.j.LocalContainerEntityManagerFactoryBean - Closing JPA EntityManagerFactory for persistence unit 'default'
2025-10-21 14:49:51.429 INFO  [restartedMain] [] com.zaxxer.hikari.HikariDataSource - HikariPool-4 - Shutdown initiated...
2025-10-21 14:49:51.477 INFO  [restartedMain] [] com.zaxxer.hikari.HikariDataSource - HikariPool-4 - Shutdown completed.
2025-10-21 14:49:51.477 INFO  [restartedMain] [] o.a.catalina.core.StandardService - Stopping service [Tomcat]
2025-10-21 14:49:51.477 INFO  [restartedMain] [] o.s.b.a.l.ConditionEvaluationReportLogger - 

Error starting ApplicationContext. To display the condition evaluation report re-run your application with 'debug' enabled.
2025-10-21 14:49:51.477 ERROR [restartedMain] [] o.s.boot.SpringApplication - Application run failed
org.springframework.beans.factory.BeanCreationException: Error creating bean with name 'globalExceptionHandler': Lookup method resolution failed
	at org.springframework.beans.factory.annotation.AutowiredAnnotationBeanPostProcessor.checkLookupMethods(AutowiredAnnotationBeanPostProcessor.java:498)
	at org.springframework.beans.factory.annotation.AutowiredAnnotationBeanPostProcessor.determineCandidateConstructors(AutowiredAnnotationBeanPostProcessor.java:368)
	at org.springframework.beans.factory.support.AbstractAutowireCapableBeanFactory.determineConstructorsFromBeanPostProcessors(AbstractAutowireCapableBeanFactory.java:1334)
	at org.springframework.beans.factory.support.AbstractAutowireCapableBeanFactory.createBeanInstance(AbstractAutowireCapableBeanFactory.java:1229)
	at org.springframework.beans.factory.support.AbstractAutowireCapableBeanFactory.doCreateBean(AbstractAutowireCapableBeanFactory.java:569)
	at org.springframework.beans.factory.support.AbstractAutowireCapableBeanFactory.createBean(AbstractAutowireCapableBeanFactory.java:529)
	at org.springframework.beans.factory.support.AbstractBeanFactory.lambda$doGetBean$0(AbstractBeanFactory.java:339)
	at org.springframework.beans.factory.support.DefaultSingletonBeanRegistry.getSingleton(DefaultSingletonBeanRegistry.java:373)
	at org.springframework.beans.factory.support.AbstractBeanFactory.doGetBean(AbstractBeanFactory.java:337)
	at org.springframework.beans.factory.support.AbstractBeanFactory.getBean(AbstractBeanFactory.java:202)
	at org.springframework.beans.factory.support.DefaultListableBeanFactory.instantiateSingleton(DefaultListableBeanFactory.java:1221)
	at org.springframework.beans.factory.support.DefaultListableBeanFactory.preInstantiateSingleton(DefaultListableBeanFactory.java:1187)
	at org.springframework.beans.factory.support.DefaultListableBeanFactory.preInstantiateSingletons(DefaultListableBeanFactory.java:1123)
	at org.springframework.context.support.AbstractApplicationContext.finishBeanFactoryInitialization(AbstractApplicationContext.java:987)
	at org.springframework.context.support.AbstractApplicationContext.refresh(AbstractApplicationContext.java:627)
	at org.springframework.boot.web.servlet.context.ServletWebServerApplicationContext.refresh(ServletWebServerApplicationContext.java:146)
	at org.springframework.boot.SpringApplication.refresh(SpringApplication.java:752)
	at org.springframework.boot.SpringApplication.refreshContext(SpringApplication.java:439)
	at org.springframework.boot.SpringApplication.run(SpringApplication.java:318)
	at org.springframework.boot.SpringApplication.run(SpringApplication.java:1361)
	at org.springframework.boot.SpringApplication.run(SpringApplication.java:1350)
	at com.boot.ict05_final_admin.Ict05FinalAdminApplication.main(Ict05FinalAdminApplication.java:10)
	at java.base/jdk.internal.reflect.NativeMethodAccessorImpl.invoke0(Native Method)
	at java.base/jdk.internal.reflect.NativeMethodAccessorImpl.invoke(NativeMethodAccessorImpl.java:77)
	at java.base/jdk.internal.reflect.DelegatingMethodAccessorImpl.invoke(DelegatingMethodAccessorImpl.java:43)
	at java.base/java.lang.reflect.Method.invoke(Method.java:568)
	at org.springframework.boot.devtools.restart.RestartLauncher.run(RestartLauncher.java:50)
Caused by: java.lang.IllegalStateException: Failed to introspect Class [com.boot.ict05_final_admin.common.error.GlobalExceptionHandler] from ClassLoader [org.springframework.boot.devtools.restart.classloader.RestartClassLoader@fa8b2aa]
	at org.springframework.util.ReflectionUtils.getDeclaredMethods(ReflectionUtils.java:483)
	at org.springframework.util.ReflectionUtils.doWithLocalMethods(ReflectionUtils.java:320)
	at org.springframework.beans.factory.annotation.AutowiredAnnotationBeanPostProcessor.checkLookupMethods(AutowiredAnnotationBeanPostProcessor.java:476)
	... 26 common frames omitted
Caused by: java.lang.NoClassDefFoundError: com/boot/ict05_final_admin/common/error/ErrorCode
	at java.base/java.lang.Class.getDeclaredMethods0(Native Method)
	at java.base/java.lang.Class.privateGetDeclaredMethods(Class.java:3402)
	at java.base/java.lang.Class.getDeclaredMethods(Class.java:2504)
	at org.springframework.util.ReflectionUtils.getDeclaredMethods(ReflectionUtils.java:465)
	... 28 common frames omitted
Caused by: java.lang.ClassNotFoundException: com.boot.ict05_final_admin.common.error.ErrorCode
	at java.base/jdk.internal.loader.BuiltinClassLoader.loadClass(BuiltinClassLoader.java:641)
	at java.base/jdk.internal.loader.ClassLoaders$AppClassLoader.loadClass(ClassLoaders.java:188)
	at java.base/java.lang.ClassLoader.loadClass(ClassLoader.java:525)
	at java.base/java.lang.Class.forName0(Native Method)
	at java.base/java.lang.Class.forName(Class.java:467)
	at org.springframework.boot.devtools.restart.classloader.RestartClassLoader.loadClass(RestartClassLoader.java:121)
	at java.base/java.lang.ClassLoader.loadClass(ClassLoader.java:525)
	... 32 common frames omitted
2025-10-21 14:49:52.952 INFO  [restartedMain] [] c.b.i.Ict05FinalAdminApplication - Starting Ict05FinalAdminApplication using Java 17.0.12 with PID 11764 (D:\DEV05\workspace_IntelliJ\ict05_final_project\ict05_final_admin\build\classes\java\main started by ict1 in D:\DEV05\workspace_IntelliJ\ict05_final_project\ict05_final_admin)
2025-10-21 14:49:52.952 DEBUG [restartedMain] [] c.b.i.Ict05FinalAdminApplication - Running with Spring Boot v3.5.6, Spring v6.2.11
2025-10-21 14:49:52.952 INFO  [restartedMain] [] c.b.i.Ict05FinalAdminApplication - The following 1 profile is active: "dev"
2025-10-21 14:49:53.027 INFO  [restartedMain] [] o.s.d.r.c.RepositoryConfigurationDelegate - Bootstrapping Spring Data JPA repositories in DEFAULT mode.
2025-10-21 14:49:53.027 INFO  [restartedMain] [] o.s.d.r.c.RepositoryConfigurationDelegate - Finished Spring Data repository scanning in 0 ms. Found 0 JPA repository interfaces.
2025-10-21 14:49:53.094 INFO  [restartedMain] [] o.s.b.w.e.tomcat.TomcatWebServer - Tomcat initialized with port 8081 (http)
2025-10-21 14:49:53.094 INFO  [restartedMain] [] o.a.coyote.http11.Http11NioProtocol - Initializing ProtocolHandler ["http-nio-8081"]
2025-10-21 14:49:53.094 INFO  [restartedMain] [] o.a.catalina.core.StandardService - Starting service [Tomcat]
2025-10-21 14:49:53.094 INFO  [restartedMain] [] o.a.catalina.core.StandardEngine - Starting Servlet engine: [Apache Tomcat/10.1.46]
2025-10-21 14:49:53.110 INFO  [restartedMain] [] o.a.c.c.C.[.[localhost].[/admin] - Initializing Spring embedded WebApplicationContext
2025-10-21 14:49:53.110 INFO  [restartedMain] [] o.s.b.w.s.c.ServletWebServerApplicationContext - Root WebApplicationContext: initialization completed in 157 ms
2025-10-21 14:49:53.126 INFO  [restartedMain] [] o.h.jpa.internal.util.LogHelper - HHH000204: Processing PersistenceUnitInfo [name: default]
2025-10-21 14:49:53.126 INFO  [restartedMain] [] o.h.c.i.RegionFactoryInitiator - HHH000026: Second-level cache disabled
2025-10-21 14:49:53.126 INFO  [restartedMain] [] o.s.o.j.p.SpringPersistenceUnitInfo - No LoadTimeWeaver setup: ignoring JPA class transformer
2025-10-21 14:49:53.126 INFO  [restartedMain] [] com.zaxxer.hikari.HikariDataSource - HikariPool-5 - Starting...
2025-10-21 14:49:53.142 INFO  [restartedMain] [] com.zaxxer.hikari.pool.HikariPool - HikariPool-5 - Added connection com.p6spy.engine.wrapper.ConnectionWrapper@4c8e3b7f
2025-10-21 14:49:53.142 INFO  [restartedMain] [] com.zaxxer.hikari.HikariDataSource - HikariPool-5 - Start completed.
2025-10-21 14:49:53.160 WARN  [restartedMain] [] org.hibernate.orm.deprecation - HHH90000025: MariaDBDialect does not need to be specified explicitly using 'hibernate.dialect' (remove the property setting and it will be selected by default)
2025-10-21 14:49:53.162 INFO  [restartedMain] [] o.hibernate.orm.connections.pooling - HHH10001005: Database info:
	Database JDBC URL [Connecting through datasource 'HikariDataSource (HikariPool-5)']
	Database driver: undefined/unknown
	Database version: 10.5.12
	Autocommit mode: undefined/unknown
	Isolation level: undefined/unknown
	Minimum pool size: undefined/unknown
	Maximum pool size: undefined/unknown
2025-10-21 14:49:53.171 INFO  [restartedMain] [] o.h.e.t.j.p.i.JtaPlatformInitiator - HHH000489: No JTA platform available (set 'hibernate.transaction.jta.platform' to enable JTA platform integration)
2025-10-21 14:49:53.171 INFO  [restartedMain] [] o.s.o.j.LocalContainerEntityManagerFactoryBean - Initialized JPA EntityManagerFactory for persistence unit 'default'
2025-10-21 14:49:53.183 WARN  [restartedMain] [] o.s.b.a.o.j.JpaBaseConfiguration$JpaWebConfiguration - spring.jpa.open-in-view is enabled by default. Therefore, database queries may be performed during view rendering. Explicitly configure spring.jpa.open-in-view to disable this warning
2025-10-21 14:49:53.187 INFO  [restartedMain] [] o.s.b.a.w.s.WelcomePageHandlerMapping - Adding welcome page template: index
2025-10-21 14:49:53.219 INFO  [restartedMain] [] o.s.b.d.a.OptionalLiveReloadServer - LiveReload server is running on port 35729
2025-10-21 14:49:53.219 INFO  [restartedMain] [] o.a.coyote.http11.Http11NioProtocol - Starting ProtocolHandler ["http-nio-8081"]
2025-10-21 14:49:53.219 INFO  [restartedMain] [] o.s.b.w.e.tomcat.TomcatWebServer - Tomcat started on port 8081 (http) with context path '/admin'
2025-10-21 14:49:53.219 INFO  [restartedMain] [] c.b.i.Ict05FinalAdminApplication - Started Ict05FinalAdminApplication in 0.294 seconds (process running for 1300.021)
2025-10-21 14:49:53.219 INFO  [restartedMain] [] o.s.b.d.a.ConditionEvaluationDeltaLoggingListener - Condition evaluation unchanged
2025-10-21 14:49:55.688 INFO  [File Watcher] [] o.s.b.d.a.LocalDevToolsAutoConfiguration$RestartingClassPathChangeChangedEventListener - Restarting due to 133 class path changes (133 additions, 0 deletions, 0 modifications)
2025-10-21 14:49:55.689 INFO  [Thread-21] [] o.s.b.w.e.tomcat.GracefulShutdown - Commencing graceful shutdown. Waiting for active requests to complete
2025-10-21 14:49:55.689 INFO  [tomcat-shutdown] [] o.a.coyote.http11.Http11NioProtocol - Pausing ProtocolHandler ["http-nio-8081"]
2025-10-21 14:49:55.774 INFO  [tomcat-shutdown] [] o.s.b.w.e.tomcat.GracefulShutdown - Graceful shutdown complete
2025-10-21 14:49:55.774 INFO  [Thread-21] [] o.a.coyote.http11.Http11NioProtocol - Stopping ProtocolHandler ["http-nio-8081"]
2025-10-21 14:49:55.775 INFO  [Thread-21] [] o.s.o.j.LocalContainerEntityManagerFactoryBean - Closing JPA EntityManagerFactory for persistence unit 'default'
2025-10-21 14:49:55.775 INFO  [Thread-21] [] com.zaxxer.hikari.HikariDataSource - HikariPool-5 - Shutdown initiated...
2025-10-21 14:49:55.797 INFO  [Thread-21] [] com.zaxxer.hikari.HikariDataSource - HikariPool-5 - Shutdown completed.
2025-10-21 14:49:55.860 INFO  [restartedMain] [] c.b.i.Ict05FinalAdminApplication - Starting Ict05FinalAdminApplication using Java 17.0.12 with PID 11764 (D:\DEV05\workspace_IntelliJ\ict05_final_project\ict05_final_admin\build\classes\java\main started by ict1 in D:\DEV05\workspace_IntelliJ\ict05_final_project\ict05_final_admin)
2025-10-21 14:49:55.860 DEBUG [restartedMain] [] c.b.i.Ict05FinalAdminApplication - Running with Spring Boot v3.5.6, Spring v6.2.11
2025-10-21 14:49:55.860 INFO  [restartedMain] [] c.b.i.Ict05FinalAdminApplication - The following 1 profile is active: "dev"
2025-10-21 14:49:55.948 INFO  [restartedMain] [] o.s.d.r.c.RepositoryConfigurationDelegate - Bootstrapping Spring Data JPA repositories in DEFAULT mode.
2025-10-21 14:49:55.966 INFO  [restartedMain] [] o.s.d.r.c.RepositoryConfigurationDelegate - Finished Spring Data repository scanning in 24 ms. Found 9 JPA repository interfaces.
2025-10-21 14:49:56.014 INFO  [restartedMain] [] o.s.b.w.e.tomcat.TomcatWebServer - Tomcat initialized with port 8081 (http)
2025-10-21 14:49:56.014 INFO  [restartedMain] [] o.a.coyote.http11.Http11NioProtocol - Initializing ProtocolHandler ["http-nio-8081"]
2025-10-21 14:49:56.014 INFO  [restartedMain] [] o.a.catalina.core.StandardService - Starting service [Tomcat]
2025-10-21 14:49:56.014 INFO  [restartedMain] [] o.a.catalina.core.StandardEngine - Starting Servlet engine: [Apache Tomcat/10.1.46]
2025-10-21 14:49:56.029 INFO  [restartedMain] [] o.a.c.c.C.[.[localhost].[/admin] - Initializing Spring embedded WebApplicationContext
2025-10-21 14:49:56.029 INFO  [restartedMain] [] o.s.b.w.s.c.ServletWebServerApplicationContext - Root WebApplicationContext: initialization completed in 169 ms
2025-10-21 14:49:56.051 INFO  [restartedMain] [] o.h.jpa.internal.util.LogHelper - HHH000204: Processing PersistenceUnitInfo [name: default]
2025-10-21 14:49:56.051 INFO  [restartedMain] [] o.h.c.i.RegionFactoryInitiator - HHH000026: Second-level cache disabled
2025-10-21 14:49:56.051 INFO  [restartedMain] [] o.s.o.j.p.SpringPersistenceUnitInfo - No LoadTimeWeaver setup: ignoring JPA class transformer
2025-10-21 14:49:56.051 INFO  [restartedMain] [] com.zaxxer.hikari.HikariDataSource - HikariPool-6 - Starting...
2025-10-21 14:49:56.071 INFO  [restartedMain] [] com.zaxxer.hikari.pool.HikariPool - HikariPool-6 - Added connection com.p6spy.engine.wrapper.ConnectionWrapper@3de92ee2
2025-10-21 14:49:56.071 INFO  [restartedMain] [] com.zaxxer.hikari.HikariDataSource - HikariPool-6 - Start completed.
2025-10-21 14:49:56.075 WARN  [restartedMain] [] org.hibernate.orm.deprecation - HHH90000025: MariaDBDialect does not need to be specified explicitly using 'hibernate.dialect' (remove the property setting and it will be selected by default)
2025-10-21 14:49:56.075 INFO  [restartedMain] [] o.hibernate.orm.connections.pooling - HHH10001005: Database info:
	Database JDBC URL [Connecting through datasource 'HikariDataSource (HikariPool-6)']
	Database driver: undefined/unknown
	Database version: 10.5.12
	Autocommit mode: undefined/unknown
	Isolation level: undefined/unknown
	Minimum pool size: undefined/unknown
	Maximum pool size: undefined/unknown
2025-10-21 14:49:56.157 INFO  [restartedMain] [] o.h.e.t.j.p.i.JtaPlatformInitiator - HHH000489: No JTA platform available (set 'hibernate.transaction.jta.platform' to enable JTA platform integration)
2025-10-21 14:49:56.362 INFO  [restartedMain] [] o.s.o.j.LocalContainerEntityManagerFactoryBean - Initialized JPA EntityManagerFactory for persistence unit 'default'
2025-10-21 14:49:56.471 WARN  [restartedMain] [] o.s.b.a.o.j.JpaBaseConfiguration$JpaWebConfiguration - spring.jpa.open-in-view is enabled by default. Therefore, database queries may be performed during view rendering. Explicitly configure spring.jpa.open-in-view to disable this warning
2025-10-21 14:49:56.471 INFO  [restartedMain] [] o.s.b.a.w.s.WelcomePageHandlerMapping - Adding welcome page template: index
2025-10-21 14:49:56.537 INFO  [restartedMain] [] o.s.b.d.a.OptionalLiveReloadServer - LiveReload server is running on port 35729
2025-10-21 14:49:56.541 INFO  [restartedMain] [] o.a.coyote.http11.Http11NioProtocol - Starting ProtocolHandler ["http-nio-8081"]
2025-10-21 14:49:56.541 INFO  [restartedMain] [] o.s.b.w.e.tomcat.TomcatWebServer - Tomcat started on port 8081 (http) with context path '/admin'
2025-10-21 14:49:56.541 INFO  [restartedMain] [] c.b.i.Ict05FinalAdminApplication - Started Ict05FinalAdminApplication in 0.696 seconds (process running for 1303.332)
2025-10-21 14:49:56.541 INFO  [restartedMain] [] o.s.b.d.a.ConditionEvaluationDeltaLoggingListener - Condition evaluation unchanged
2025-10-21 14:50:10.331 INFO  [File Watcher] [] o.s.b.d.a.LocalDevToolsAutoConfiguration$RestartingClassPathChangeChangedEventListener - Restarting due to 133 class path changes (0 additions, 133 deletions, 0 modifications)
2025-10-21 14:50:10.333 INFO  [Thread-32] [] o.s.b.w.e.tomcat.GracefulShutdown - Commencing graceful shutdown. Waiting for active requests to complete
2025-10-21 14:50:10.333 INFO  [tomcat-shutdown] [] o.a.coyote.http11.Http11NioProtocol - Pausing ProtocolHandler ["http-nio-8081"]
2025-10-21 14:50:10.408 INFO  [tomcat-shutdown] [] o.s.b.w.e.tomcat.GracefulShutdown - Graceful shutdown complete
2025-10-21 14:50:10.408 INFO  [Thread-32] [] o.a.coyote.http11.Http11NioProtocol - Stopping ProtocolHandler ["http-nio-8081"]
2025-10-21 14:50:10.418 INFO  [Thread-32] [] o.s.o.j.LocalContainerEntityManagerFactoryBean - Closing JPA EntityManagerFactory for persistence unit 'default'
2025-10-21 14:50:10.418 INFO  [Thread-32] [] com.zaxxer.hikari.HikariDataSource - HikariPool-6 - Shutdown initiated...
2025-10-21 14:50:10.434 INFO  [Thread-32] [] com.zaxxer.hikari.HikariDataSource - HikariPool-6 - Shutdown completed.
2025-10-21 14:50:10.507 INFO  [restartedMain] [] c.b.i.Ict05FinalAdminApplication - Starting Ict05FinalAdminApplication using Java 17.0.12 with PID 11764 (D:\DEV05\workspace_IntelliJ\ict05_final_project\ict05_final_admin\build\classes\java\main started by ict1 in D:\DEV05\workspace_IntelliJ\ict05_final_project\ict05_final_admin)
2025-10-21 14:50:10.507 DEBUG [restartedMain] [] c.b.i.Ict05FinalAdminApplication - Running with Spring Boot v3.5.6, Spring v6.2.11
2025-10-21 14:50:10.507 INFO  [restartedMain] [] c.b.i.Ict05FinalAdminApplication - The following 1 profile is active: "dev"
2025-10-21 14:50:10.627 INFO  [restartedMain] [] o.s.d.r.c.RepositoryConfigurationDelegate - Bootstrapping Spring Data JPA repositories in DEFAULT mode.
2025-10-21 14:50:10.663 INFO  [restartedMain] [] o.s.d.r.c.RepositoryConfigurationDelegate - Finished Spring Data repository scanning in 23 ms. Found 3 JPA repository interfaces.
2025-10-21 14:50:10.722 INFO  [restartedMain] [] o.s.b.w.e.tomcat.TomcatWebServer - Tomcat initialized with port 8081 (http)
2025-10-21 14:50:10.722 INFO  [restartedMain] [] o.a.coyote.http11.Http11NioProtocol - Initializing ProtocolHandler ["http-nio-8081"]
2025-10-21 14:50:10.722 INFO  [restartedMain] [] o.a.catalina.core.StandardService - Starting service [Tomcat]
2025-10-21 14:50:10.722 INFO  [restartedMain] [] o.a.catalina.core.StandardEngine - Starting Servlet engine: [Apache Tomcat/10.1.46]
2025-10-21 14:50:10.739 INFO  [restartedMain] [] o.a.c.c.C.[.[localhost].[/admin] - Initializing Spring embedded WebApplicationContext
2025-10-21 14:50:10.739 INFO  [restartedMain] [] o.s.b.w.s.c.ServletWebServerApplicationContext - Root WebApplicationContext: initialization completed in 232 ms
2025-10-21 14:50:10.778 INFO  [restartedMain] [] o.h.jpa.internal.util.LogHelper - HHH000204: Processing PersistenceUnitInfo [name: default]
2025-10-21 14:50:10.779 INFO  [restartedMain] [] o.h.c.i.RegionFactoryInitiator - HHH000026: Second-level cache disabled
2025-10-21 14:50:10.783 INFO  [restartedMain] [] o.s.o.j.p.SpringPersistenceUnitInfo - No LoadTimeWeaver setup: ignoring JPA class transformer
2025-10-21 14:50:10.783 INFO  [restartedMain] [] com.zaxxer.hikari.HikariDataSource - HikariPool-7 - Starting...
2025-10-21 14:50:10.800 INFO  [restartedMain] [] com.zaxxer.hikari.pool.HikariPool - HikariPool-7 - Added connection com.p6spy.engine.wrapper.ConnectionWrapper@66cdf439
2025-10-21 14:50:10.800 INFO  [restartedMain] [] com.zaxxer.hikari.HikariDataSource - HikariPool-7 - Start completed.
2025-10-21 14:50:10.803 WARN  [restartedMain] [] org.hibernate.orm.deprecation - HHH90000025: MariaDBDialect does not need to be specified explicitly using 'hibernate.dialect' (remove the property setting and it will be selected by default)
2025-10-21 14:50:10.806 INFO  [restartedMain] [] o.hibernate.orm.connections.pooling - HHH10001005: Database info:
	Database JDBC URL [Connecting through datasource 'HikariDataSource (HikariPool-7)']
	Database driver: undefined/unknown
	Database version: 10.5.12
	Autocommit mode: undefined/unknown
	Isolation level: undefined/unknown
	Minimum pool size: undefined/unknown
	Maximum pool size: undefined/unknown
2025-10-21 14:50:10.898 INFO  [restartedMain] [] o.h.e.t.j.p.i.JtaPlatformInitiator - HHH000489: No JTA platform available (set 'hibernate.transaction.jta.platform' to enable JTA platform integration)
2025-10-21 14:50:11.041 INFO  [restartedMain] [] o.s.o.j.LocalContainerEntityManagerFactoryBean - Initialized JPA EntityManagerFactory for persistence unit 'default'
2025-10-21 14:50:11.101 WARN  [restartedMain] [] o.s.b.a.o.j.JpaBaseConfiguration$JpaWebConfiguration - spring.jpa.open-in-view is enabled by default. Therefore, database queries may be performed during view rendering. Explicitly configure spring.jpa.open-in-view to disable this warning
2025-10-21 14:50:11.106 INFO  [restartedMain] [] o.s.b.a.w.s.WelcomePageHandlerMapping - Adding welcome page template: index
2025-10-21 14:50:11.162 INFO  [restartedMain] [] o.s.b.d.a.OptionalLiveReloadServer - LiveReload server is running on port 35729
2025-10-21 14:50:11.162 INFO  [restartedMain] [] o.a.coyote.http11.Http11NioProtocol - Starting ProtocolHandler ["http-nio-8081"]
2025-10-21 14:50:11.175 INFO  [restartedMain] [] o.s.b.w.e.tomcat.TomcatWebServer - Tomcat started on port 8081 (http) with context path '/admin'
2025-10-21 14:50:11.180 INFO  [restartedMain] [] c.b.i.Ict05FinalAdminApplication - Started Ict05FinalAdminApplication in 0.696 seconds (process running for 1317.966)
2025-10-21 14:50:11.182 INFO  [restartedMain] [] o.s.b.d.a.ConditionEvaluationDeltaLoggingListener - Condition evaluation unchanged
2025-10-21 14:50:12.607 INFO  [File Watcher] [] o.s.b.d.a.LocalDevToolsAutoConfiguration$RestartingClassPathChangeChangedEventListener - Restarting due to 133 class path changes (133 additions, 0 deletions, 0 modifications)
2025-10-21 14:50:12.607 INFO  [Thread-38] [] o.s.b.w.e.tomcat.GracefulShutdown - Commencing graceful shutdown. Waiting for active requests to complete
2025-10-21 14:50:12.607 INFO  [tomcat-shutdown] [] o.a.coyote.http11.Http11NioProtocol - Pausing ProtocolHandler ["http-nio-8081"]
2025-10-21 14:50:12.690 INFO  [tomcat-shutdown] [] o.s.b.w.e.tomcat.GracefulShutdown - Graceful shutdown complete
2025-10-21 14:50:12.690 INFO  [Thread-38] [] o.a.coyote.http11.Http11NioProtocol - Stopping ProtocolHandler ["http-nio-8081"]
2025-10-21 14:50:12.690 INFO  [Thread-38] [] o.s.o.j.LocalContainerEntityManagerFactoryBean - Closing JPA EntityManagerFactory for persistence unit 'default'
2025-10-21 14:50:12.690 INFO  [Thread-38] [] com.zaxxer.hikari.HikariDataSource - HikariPool-7 - Shutdown initiated...
2025-10-21 14:50:12.706 INFO  [Thread-38] [] com.zaxxer.hikari.HikariDataSource - HikariPool-7 - Shutdown completed.
2025-10-21 14:50:12.766 INFO  [restartedMain] [] c.b.i.Ict05FinalAdminApplication - Starting Ict05FinalAdminApplication using Java 17.0.12 with PID 11764 (D:\DEV05\workspace_IntelliJ\ict05_final_project\ict05_final_admin\build\classes\java\main started by ict1 in D:\DEV05\workspace_IntelliJ\ict05_final_project\ict05_final_admin)
2025-10-21 14:50:12.766 DEBUG [restartedMain] [] c.b.i.Ict05FinalAdminApplication - Running with Spring Boot v3.5.6, Spring v6.2.11
2025-10-21 14:50:12.766 INFO  [restartedMain] [] c.b.i.Ict05FinalAdminApplication - The following 1 profile is active: "dev"
2025-10-21 14:50:12.843 INFO  [restartedMain] [] o.s.d.r.c.RepositoryConfigurationDelegate - Bootstrapping Spring Data JPA repositories in DEFAULT mode.
2025-10-21 14:50:12.861 INFO  [restartedMain] [] o.s.d.r.c.RepositoryConfigurationDelegate - Finished Spring Data repository scanning in 17 ms. Found 9 JPA repository interfaces.
2025-10-21 14:50:12.877 INFO  [restartedMain] [] o.s.b.w.e.tomcat.TomcatWebServer - Tomcat initialized with port 8081 (http)
2025-10-21 14:50:12.877 INFO  [restartedMain] [] o.a.coyote.http11.Http11NioProtocol - Initializing ProtocolHandler ["http-nio-8081"]
2025-10-21 14:50:12.877 INFO  [restartedMain] [] o.a.catalina.core.StandardService - Starting service [Tomcat]
2025-10-21 14:50:12.877 INFO  [restartedMain] [] o.a.catalina.core.StandardEngine - Starting Servlet engine: [Apache Tomcat/10.1.46]
2025-10-21 14:50:12.898 INFO  [restartedMain] [] o.a.c.c.C.[.[localhost].[/admin] - Initializing Spring embedded WebApplicationContext
2025-10-21 14:50:12.898 INFO  [restartedMain] [] o.s.b.w.s.c.ServletWebServerApplicationContext - Root WebApplicationContext: initialization completed in 132 ms
2025-10-21 14:50:12.909 INFO  [restartedMain] [] o.h.jpa.internal.util.LogHelper - HHH000204: Processing PersistenceUnitInfo [name: default]
2025-10-21 14:50:12.909 INFO  [restartedMain] [] o.h.c.i.RegionFactoryInitiator - HHH000026: Second-level cache disabled
2025-10-21 14:50:12.909 INFO  [restartedMain] [] o.s.o.j.p.SpringPersistenceUnitInfo - No LoadTimeWeaver setup: ignoring JPA class transformer
2025-10-21 14:50:12.909 INFO  [restartedMain] [] com.zaxxer.hikari.HikariDataSource - HikariPool-8 - Starting...
2025-10-21 14:50:12.925 INFO  [restartedMain] [] com.zaxxer.hikari.pool.HikariPool - HikariPool-8 - Added connection com.p6spy.engine.wrapper.ConnectionWrapper@40f5ce1e
2025-10-21 14:50:12.925 INFO  [restartedMain] [] com.zaxxer.hikari.HikariDataSource - HikariPool-8 - Start completed.
2025-10-21 14:50:12.925 WARN  [restartedMain] [] org.hibernate.orm.deprecation - HHH90000025: MariaDBDialect does not need to be specified explicitly using 'hibernate.dialect' (remove the property setting and it will be selected by default)
2025-10-21 14:50:12.925 INFO  [restartedMain] [] o.hibernate.orm.connections.pooling - HHH10001005: Database info:
	Database JDBC URL [Connecting through datasource 'HikariDataSource (HikariPool-8)']
	Database driver: undefined/unknown
	Database version: 10.5.12
	Autocommit mode: undefined/unknown
	Isolation level: undefined/unknown
	Minimum pool size: undefined/unknown
	Maximum pool size: undefined/unknown
2025-10-21 14:50:13.003 INFO  [restartedMain] [] o.h.e.t.j.p.i.JtaPlatformInitiator - HHH000489: No JTA platform available (set 'hibernate.transaction.jta.platform' to enable JTA platform integration)
2025-10-21 14:50:13.200 INFO  [restartedMain] [] o.s.o.j.LocalContainerEntityManagerFactoryBean - Initialized JPA EntityManagerFactory for persistence unit 'default'
2025-10-21 14:50:13.280 WARN  [restartedMain] [] o.s.b.a.o.j.JpaBaseConfiguration$JpaWebConfiguration - spring.jpa.open-in-view is enabled by default. Therefore, database queries may be performed during view rendering. Explicitly configure spring.jpa.open-in-view to disable this warning
2025-10-21 14:50:13.282 INFO  [restartedMain] [] o.s.b.a.w.s.WelcomePageHandlerMapping - Adding welcome page template: index
2025-10-21 14:50:13.323 INFO  [restartedMain] [] o.s.b.d.a.OptionalLiveReloadServer - LiveReload server is running on port 35729
2025-10-21 14:50:13.325 INFO  [restartedMain] [] o.a.coyote.http11.Http11NioProtocol - Starting ProtocolHandler ["http-nio-8081"]
2025-10-21 14:50:13.326 INFO  [restartedMain] [] o.s.b.w.e.tomcat.TomcatWebServer - Tomcat started on port 8081 (http) with context path '/admin'
2025-10-21 14:50:13.328 INFO  [restartedMain] [] c.b.i.Ict05FinalAdminApplication - Started Ict05FinalAdminApplication in 0.576 seconds (process running for 1320.114)
2025-10-21 14:50:13.328 INFO  [restartedMain] [] o.s.b.d.a.ConditionEvaluationDeltaLoggingListener - Condition evaluation unchanged
2025-10-21 14:50:52.883 INFO  [File Watcher] [] o.s.b.d.a.LocalDevToolsAutoConfiguration$RestartingClassPathChangeChangedEventListener - Restarting due to 396 class path changes (0 additions, 396 deletions, 0 modifications)
2025-10-21 14:50:52.883 INFO  [Thread-44] [] o.s.b.w.e.tomcat.GracefulShutdown - Commencing graceful shutdown. Waiting for active requests to complete
2025-10-21 14:50:52.883 INFO  [tomcat-shutdown] [] o.a.coyote.http11.Http11NioProtocol - Pausing ProtocolHandler ["http-nio-8081"]
2025-10-21 14:50:52.968 INFO  [tomcat-shutdown] [] o.s.b.w.e.tomcat.GracefulShutdown - Graceful shutdown complete
2025-10-21 14:50:52.968 INFO  [Thread-44] [] o.a.coyote.http11.Http11NioProtocol - Stopping ProtocolHandler ["http-nio-8081"]
2025-10-21 14:50:52.969 INFO  [Thread-44] [] o.s.o.j.LocalContainerEntityManagerFactoryBean - Closing JPA EntityManagerFactory for persistence unit 'default'
2025-10-21 14:50:52.970 INFO  [Thread-44] [] com.zaxxer.hikari.HikariDataSource - HikariPool-8 - Shutdown initiated...
2025-10-21 14:50:52.991 INFO  [Thread-44] [] com.zaxxer.hikari.HikariDataSource - HikariPool-8 - Shutdown completed.
2025-10-21 14:50:56.366 INFO  [restartedMain] [] c.b.i.Ict05FinalAdminApplication - Starting Ict05FinalAdminApplication using Java 17.0.12 with PID 11764 (D:\DEV05\workspace_IntelliJ\ict05_final_project\ict05_final_admin\build\classes\java\main started by ict1 in D:\DEV05\workspace_IntelliJ\ict05_final_project\ict05_final_admin)
2025-10-21 14:50:56.366 DEBUG [restartedMain] [] c.b.i.Ict05FinalAdminApplication - Running with Spring Boot v3.5.6, Spring v6.2.11
2025-10-21 14:50:56.366 INFO  [restartedMain] [] c.b.i.Ict05FinalAdminApplication - The following 1 profile is active: "dev"
2025-10-21 14:50:56.454 INFO  [restartedMain] [] o.s.d.r.c.RepositoryConfigurationDelegate - Bootstrapping Spring Data JPA repositories in DEFAULT mode.
2025-10-21 14:50:56.470 INFO  [restartedMain] [] o.s.d.r.c.RepositoryConfigurationDelegate - Finished Spring Data repository scanning in 16 ms. Found 9 JPA repository interfaces.
2025-10-21 14:50:56.492 INFO  [restartedMain] [] o.s.b.w.e.tomcat.TomcatWebServer - Tomcat initialized with port 8081 (http)
2025-10-21 14:50:56.492 INFO  [restartedMain] [] o.a.catalina.core.StandardService - Starting service [Tomcat]
2025-10-21 14:50:56.492 INFO  [restartedMain] [] o.a.catalina.core.StandardEngine - Starting Servlet engine: [Apache Tomcat/10.1.46]
2025-10-21 14:50:56.492 INFO  [restartedMain] [] o.a.c.c.C.[.[localhost].[/admin] - Initializing Spring embedded WebApplicationContext
2025-10-21 14:50:56.506 INFO  [restartedMain] [] o.s.b.w.s.c.ServletWebServerApplicationContext - Root WebApplicationContext: initialization completed in 140 ms
2025-10-21 14:50:56.518 INFO  [restartedMain] [] o.h.jpa.internal.util.LogHelper - HHH000204: Processing PersistenceUnitInfo [name: default]
2025-10-21 14:50:56.518 INFO  [restartedMain] [] o.h.c.i.RegionFactoryInitiator - HHH000026: Second-level cache disabled
2025-10-21 14:50:56.522 INFO  [restartedMain] [] o.s.o.j.p.SpringPersistenceUnitInfo - No LoadTimeWeaver setup: ignoring JPA class transformer
2025-10-21 14:50:56.522 INFO  [restartedMain] [] com.zaxxer.hikari.HikariDataSource - HikariPool-9 - Starting...
2025-10-21 14:50:56.727 INFO  [restartedMain] [] com.zaxxer.hikari.pool.HikariPool - HikariPool-9 - Added connection com.p6spy.engine.wrapper.ConnectionWrapper@3c363cff
2025-10-21 14:50:56.727 INFO  [restartedMain] [] com.zaxxer.hikari.HikariDataSource - HikariPool-9 - Start completed.
2025-10-21 14:50:56.727 WARN  [restartedMain] [] org.hibernate.orm.deprecation - HHH90000025: MariaDBDialect does not need to be specified explicitly using 'hibernate.dialect' (remove the property setting and it will be selected by default)
2025-10-21 14:50:56.727 INFO  [restartedMain] [] o.hibernate.orm.connections.pooling - HHH10001005: Database info:
	Database JDBC URL [Connecting through datasource 'HikariDataSource (HikariPool-9)']
	Database driver: undefined/unknown
	Database version: 10.5.12
	Autocommit mode: undefined/unknown
	Isolation level: undefined/unknown
	Minimum pool size: undefined/unknown
	Maximum pool size: undefined/unknown
2025-10-21 14:50:56.804 INFO  [restartedMain] [] o.h.e.t.j.p.i.JtaPlatformInitiator - HHH000489: No JTA platform available (set 'hibernate.transaction.jta.platform' to enable JTA platform integration)
2025-10-21 14:50:57.218 INFO  [restartedMain] [] o.s.o.j.LocalContainerEntityManagerFactoryBean - Initialized JPA EntityManagerFactory for persistence unit 'default'
2025-10-21 14:50:57.299 WARN  [restartedMain] [] o.s.b.a.o.j.JpaBaseConfiguration$JpaWebConfiguration - spring.jpa.open-in-view is enabled by default. Therefore, database queries may be performed during view rendering. Explicitly configure spring.jpa.open-in-view to disable this warning
2025-10-21 14:50:57.301 INFO  [restartedMain] [] o.s.b.a.w.s.WelcomePageHandlerMapping - Adding welcome page template: index
2025-10-21 14:50:57.335 INFO  [restartedMain] [] o.s.b.d.a.OptionalLiveReloadServer - LiveReload server is running on port 35729
2025-10-21 14:50:57.335 INFO  [restartedMain] [] o.s.b.w.e.tomcat.TomcatWebServer - Tomcat started on port 8081 (http) with context path '/admin'
2025-10-21 14:50:57.348 INFO  [restartedMain] [] c.b.i.Ict05FinalAdminApplication - Started Ict05FinalAdminApplication in 0.982 seconds (process running for 1364.13)
2025-10-21 14:50:57.348 INFO  [restartedMain] [] o.s.b.d.a.ConditionEvaluationDeltaLoggingListener - Condition evaluation unchanged
2025-10-21 14:50:57.789 INFO  [background-preinit] [] o.h.validator.internal.util.Version - HV000001: Hibernate Validator 8.0.3.Final
2025-10-21 14:50:57.817 INFO  [Test worker] [] c.b.i.Ict05FinalAdminApplicationTests - Starting Ict05FinalAdminApplicationTests using Java 17.0.12 with PID 6992 (started by ict1 in D:\DEV05\workspace_IntelliJ\ict05_final_project\ict05_final_admin)
2025-10-21 14:50:57.820 DEBUG [Test worker] [] c.b.i.Ict05FinalAdminApplicationTests - Running with Spring Boot v3.5.6, Spring v6.2.11
2025-10-21 14:50:57.820 INFO  [Test worker] [] c.b.i.Ict05FinalAdminApplicationTests - The following 1 profile is active: "dev"
2025-10-21 14:50:58.421 INFO  [Test worker] [] o.s.d.r.c.RepositoryConfigurationDelegate - Bootstrapping Spring Data JPA repositories in DEFAULT mode.
2025-10-21 14:50:58.500 INFO  [Test worker] [] o.s.d.r.c.RepositoryConfigurationDelegate - Finished Spring Data repository scanning in 63 ms. Found 9 JPA repository interfaces.
2025-10-21 14:50:58.935 INFO  [Test worker] [] o.h.jpa.internal.util.LogHelper - HHH000204: Processing PersistenceUnitInfo [name: default]
2025-10-21 14:50:58.996 INFO  [Test worker] [] org.hibernate.Version - HHH000412: Hibernate ORM core version 6.6.29.Final
2025-10-21 14:50:59.024 INFO  [Test worker] [] o.h.c.i.RegionFactoryInitiator - HHH000026: Second-level cache disabled
2025-10-21 14:50:59.198 INFO  [Test worker] [] o.s.o.j.p.SpringPersistenceUnitInfo - No LoadTimeWeaver setup: ignoring JPA class transformer
2025-10-21 14:50:59.219 INFO  [Test worker] [] com.zaxxer.hikari.HikariDataSource - HikariPool-1 - Starting...
2025-10-21 14:50:59.367 INFO  [Test worker] [] com.zaxxer.hikari.pool.HikariPool - HikariPool-1 - Added connection com.p6spy.engine.wrapper.ConnectionWrapper@19f1be04
2025-10-21 14:50:59.367 INFO  [Test worker] [] com.zaxxer.hikari.HikariDataSource - HikariPool-1 - Start completed.
2025-10-21 14:50:59.386 WARN  [Test worker] [] org.hibernate.orm.deprecation - HHH90000025: MariaDBDialect does not need to be specified explicitly using 'hibernate.dialect' (remove the property setting and it will be selected by default)
2025-10-21 14:50:59.397 INFO  [Test worker] [] o.hibernate.orm.connections.pooling - HHH10001005: Database info:
	Database JDBC URL [Connecting through datasource 'HikariDataSource (HikariPool-1)']
	Database driver: undefined/unknown
	Database version: 10.5.12
	Autocommit mode: undefined/unknown
	Isolation level: undefined/unknown
	Minimum pool size: undefined/unknown
	Maximum pool size: undefined/unknown
2025-10-21 14:51:00.014 INFO  [Test worker] [] o.h.e.t.j.p.i.JtaPlatformInitiator - HHH000489: No JTA platform available (set 'hibernate.transaction.jta.platform' to enable JTA platform integration)
2025-10-21 14:51:00.220 INFO  [Test worker] [] o.s.o.j.LocalContainerEntityManagerFactoryBean - Initialized JPA EntityManagerFactory for persistence unit 'default'
2025-10-21 14:51:00.570 INFO  [Test worker] [] o.s.d.j.r.query.QueryEnhancerFactory - Hibernate is in classpath; If applicable, HQL parser will be used.
2025-10-21 14:51:01.469 WARN  [Test worker] [] o.s.b.a.o.j.JpaBaseConfiguration$JpaWebConfiguration - spring.jpa.open-in-view is enabled by default. Therefore, database queries may be performed during view rendering. Explicitly configure spring.jpa.open-in-view to disable this warning
2025-10-21 14:51:01.516 INFO  [Test worker] [] o.s.b.a.w.s.WelcomePageHandlerMapping - Adding welcome page template: index
2025-10-21 14:51:02.055 INFO  [Test worker] [] c.b.i.Ict05FinalAdminApplicationTests - Started Ict05FinalAdminApplicationTests in 4.485 seconds (process running for 5.176)
2025-10-21 14:51:02.331 INFO  [SpringApplicationShutdownHook] [] o.s.o.j.LocalContainerEntityManagerFactoryBean - Closing JPA EntityManagerFactory for persistence unit 'default'
2025-10-21 14:51:02.334 INFO  [SpringApplicationShutdownHook] [] com.zaxxer.hikari.HikariDataSource - HikariPool-1 - Shutdown initiated...
2025-10-21 14:51:02.398 INFO  [SpringApplicationShutdownHook] [] com.zaxxer.hikari.HikariDataSource - HikariPool-1 - Shutdown completed.
2025-10-21 14:51:10.921 INFO  [File Watcher] [] o.s.b.d.a.LocalDevToolsAutoConfiguration$RestartingClassPathChangeChangedEventListener - Restarting due to 133 class path changes (0 additions, 0 deletions, 133 modifications)
2025-10-21 14:51:10.923 INFO  [Thread-50] [] o.s.b.w.e.tomcat.GracefulShutdown - Commencing graceful shutdown. Waiting for active requests to complete
2025-10-21 14:51:11.003 INFO  [tomcat-shutdown] [] o.s.b.w.e.tomcat.GracefulShutdown - Graceful shutdown complete
2025-10-21 14:51:11.003 INFO  [Thread-50] [] o.s.o.j.LocalContainerEntityManagerFactoryBean - Closing JPA EntityManagerFactory for persistence unit 'default'
2025-10-21 14:51:11.003 INFO  [Thread-50] [] com.zaxxer.hikari.HikariDataSource - HikariPool-9 - Shutdown initiated...
2025-10-21 14:51:11.034 INFO  [Thread-50] [] com.zaxxer.hikari.HikariDataSource - HikariPool-9 - Shutdown completed.
2025-10-21 14:51:11.091 INFO  [restartedMain] [] c.b.i.Ict05FinalAdminApplication - Starting Ict05FinalAdminApplication using Java 17.0.12 with PID 11764 (D:\DEV05\workspace_IntelliJ\ict05_final_project\ict05_final_admin\build\classes\java\main started by ict1 in D:\DEV05\workspace_IntelliJ\ict05_final_project\ict05_final_admin)
2025-10-21 14:51:11.091 DEBUG [restartedMain] [] c.b.i.Ict05FinalAdminApplication - Running with Spring Boot v3.5.6, Spring v6.2.11
2025-10-21 14:51:11.091 INFO  [restartedMain] [] c.b.i.Ict05FinalAdminApplication - The following 1 profile is active: "dev"
2025-10-21 14:51:11.171 INFO  [restartedMain] [] o.s.d.r.c.RepositoryConfigurationDelegate - Bootstrapping Spring Data JPA repositories in DEFAULT mode.
2025-10-21 14:51:11.185 INFO  [restartedMain] [] o.s.d.r.c.RepositoryConfigurationDelegate - Finished Spring Data repository scanning in 17 ms. Found 9 JPA repository interfaces.
2025-10-21 14:51:11.217 INFO  [restartedMain] [] o.s.b.w.e.tomcat.TomcatWebServer - Tomcat initialized with port 8081 (http)
2025-10-21 14:51:11.220 INFO  [restartedMain] [] o.a.catalina.core.StandardService - Starting service [Tomcat]
2025-10-21 14:51:11.220 INFO  [restartedMain] [] o.a.catalina.core.StandardEngine - Starting Servlet engine: [Apache Tomcat/10.1.46]
2025-10-21 14:51:11.225 INFO  [restartedMain] [] o.a.c.c.C.[.[localhost].[/admin] - Initializing Spring embedded WebApplicationContext
2025-10-21 14:51:11.225 INFO  [restartedMain] [] o.s.b.w.s.c.ServletWebServerApplicationContext - Root WebApplicationContext: initialization completed in 134 ms
2025-10-21 14:51:11.241 INFO  [restartedMain] [] o.h.jpa.internal.util.LogHelper - HHH000204: Processing PersistenceUnitInfo [name: default]
2025-10-21 14:51:11.242 INFO  [restartedMain] [] o.h.c.i.RegionFactoryInitiator - HHH000026: Second-level cache disabled
2025-10-21 14:51:11.243 INFO  [restartedMain] [] o.s.o.j.p.SpringPersistenceUnitInfo - No LoadTimeWeaver setup: ignoring JPA class transformer
2025-10-21 14:51:11.243 INFO  [restartedMain] [] com.zaxxer.hikari.HikariDataSource - HikariPool-10 - Starting...
2025-10-21 14:51:11.264 INFO  [restartedMain] [] com.zaxxer.hikari.pool.HikariPool - HikariPool-10 - Added connection com.p6spy.engine.wrapper.ConnectionWrapper@36b75924
2025-10-21 14:51:11.266 INFO  [restartedMain] [] com.zaxxer.hikari.HikariDataSource - HikariPool-10 - Start completed.
2025-10-21 14:51:11.266 WARN  [restartedMain] [] org.hibernate.orm.deprecation - HHH90000025: MariaDBDialect does not need to be specified explicitly using 'hibernate.dialect' (remove the property setting and it will be selected by default)
2025-10-21 14:51:11.266 INFO  [restartedMain] [] o.hibernate.orm.connections.pooling - HHH10001005: Database info:
	Database JDBC URL [Connecting through datasource 'HikariDataSource (HikariPool-10)']
	Database driver: undefined/unknown
	Database version: 10.5.12
	Autocommit mode: undefined/unknown
	Isolation level: undefined/unknown
	Minimum pool size: undefined/unknown
	Maximum pool size: undefined/unknown
2025-10-21 14:51:11.330 INFO  [restartedMain] [] o.h.e.t.j.p.i.JtaPlatformInitiator - HHH000489: No JTA platform available (set 'hibernate.transaction.jta.platform' to enable JTA platform integration)
2025-10-21 14:51:11.493 INFO  [restartedMain] [] o.s.o.j.LocalContainerEntityManagerFactoryBean - Initialized JPA EntityManagerFactory for persistence unit 'default'
2025-10-21 14:51:11.572 WARN  [restartedMain] [] o.s.b.a.o.j.JpaBaseConfiguration$JpaWebConfiguration - spring.jpa.open-in-view is enabled by default. Therefore, database queries may be performed during view rendering. Explicitly configure spring.jpa.open-in-view to disable this warning
2025-10-21 14:51:11.572 INFO  [restartedMain] [] o.s.b.a.w.s.WelcomePageHandlerMapping - Adding welcome page template: index
2025-10-21 14:51:11.617 INFO  [restartedMain] [] o.s.b.d.a.OptionalLiveReloadServer - LiveReload server is running on port 35729
2025-10-21 14:51:11.619 INFO  [restartedMain] [] o.s.b.w.e.tomcat.TomcatWebServer - Tomcat started on port 8081 (http) with context path '/admin'
2025-10-21 14:51:11.627 INFO  [restartedMain] [] c.b.i.Ict05FinalAdminApplication - Started Ict05FinalAdminApplication in 0.546 seconds (process running for 1378.406)
2025-10-21 14:51:11.627 INFO  [restartedMain] [] o.s.b.d.a.ConditionEvaluationDeltaLoggingListener - Condition evaluation unchanged
2025-10-21 14:51:21.447 INFO  [background-preinit] [] o.h.validator.internal.util.Version - HV000001: Hibernate Validator 8.0.3.Final
2025-10-21 14:51:21.467 INFO  [restartedMain] [] c.b.i.Ict05FinalAdminApplication - Starting Ict05FinalAdminApplication using Java 17.0.12 with PID 1436 (D:\DEV05\workspace_IntelliJ\ict05_final_project\ict05_final_admin\build\classes\java\main started by ict1 in D:\DEV05\workspace_IntelliJ\ict05_final_project\ict05_final_admin)
2025-10-21 14:51:21.467 DEBUG [restartedMain] [] c.b.i.Ict05FinalAdminApplication - Running with Spring Boot v3.5.6, Spring v6.2.11
2025-10-21 14:51:21.467 INFO  [restartedMain] [] c.b.i.Ict05FinalAdminApplication - The following 1 profile is active: "dev"
2025-10-21 14:51:21.503 INFO  [restartedMain] [] o.s.b.d.e.DevToolsPropertyDefaultsPostProcessor - Devtools property defaults active! Set 'spring.devtools.add-properties' to 'false' to disable
2025-10-21 14:51:21.503 INFO  [restartedMain] [] o.s.b.d.e.DevToolsPropertyDefaultsPostProcessor - For additional web related logging consider setting the 'logging.level.web' property to 'DEBUG'
2025-10-21 14:51:22.162 INFO  [restartedMain] [] o.s.d.r.c.RepositoryConfigurationDelegate - Bootstrapping Spring Data JPA repositories in DEFAULT mode.
2025-10-21 14:51:22.234 INFO  [restartedMain] [] o.s.d.r.c.RepositoryConfigurationDelegate - Finished Spring Data repository scanning in 68 ms. Found 9 JPA repository interfaces.
2025-10-21 14:51:22.823 INFO  [restartedMain] [] o.s.b.w.e.tomcat.TomcatWebServer - Tomcat initialized with port 8081 (http)
2025-10-21 14:51:22.841 INFO  [restartedMain] [] o.a.coyote.http11.Http11NioProtocol - Initializing ProtocolHandler ["http-nio-8081"]
2025-10-21 14:51:22.841 INFO  [restartedMain] [] o.a.catalina.core.StandardService - Starting service [Tomcat]
2025-10-21 14:51:22.841 INFO  [restartedMain] [] o.a.catalina.core.StandardEngine - Starting Servlet engine: [Apache Tomcat/10.1.46]
2025-10-21 14:51:22.896 INFO  [restartedMain] [] o.a.c.c.C.[.[localhost].[/admin] - Initializing Spring embedded WebApplicationContext
2025-10-21 14:51:22.896 INFO  [restartedMain] [] o.s.b.w.s.c.ServletWebServerApplicationContext - Root WebApplicationContext: initialization completed in 1393 ms
2025-10-21 14:51:23.150 INFO  [restartedMain] [] o.h.jpa.internal.util.LogHelper - HHH000204: Processing PersistenceUnitInfo [name: default]
2025-10-21 14:51:23.214 INFO  [restartedMain] [] org.hibernate.Version - HHH000412: Hibernate ORM core version 6.6.29.Final
2025-10-21 14:51:23.277 INFO  [restartedMain] [] o.h.c.i.RegionFactoryInitiator - HHH000026: Second-level cache disabled
2025-10-21 14:51:23.650 INFO  [restartedMain] [] o.s.o.j.p.SpringPersistenceUnitInfo - No LoadTimeWeaver setup: ignoring JPA class transformer
2025-10-21 14:51:23.672 INFO  [restartedMain] [] com.zaxxer.hikari.HikariDataSource - HikariPool-1 - Starting...
2025-10-21 14:51:23.804 INFO  [restartedMain] [] com.zaxxer.hikari.pool.HikariPool - HikariPool-1 - Added connection com.p6spy.engine.wrapper.ConnectionWrapper@1c278d57
2025-10-21 14:51:23.805 INFO  [restartedMain] [] com.zaxxer.hikari.HikariDataSource - HikariPool-1 - Start completed.
2025-10-21 14:51:23.823 WARN  [restartedMain] [] org.hibernate.orm.deprecation - HHH90000025: MariaDBDialect does not need to be specified explicitly using 'hibernate.dialect' (remove the property setting and it will be selected by default)
2025-10-21 14:51:23.823 INFO  [restartedMain] [] o.hibernate.orm.connections.pooling - HHH10001005: Database info:
	Database JDBC URL [Connecting through datasource 'HikariDataSource (HikariPool-1)']
	Database driver: undefined/unknown
	Database version: 10.5.12
	Autocommit mode: undefined/unknown
	Isolation level: undefined/unknown
	Minimum pool size: undefined/unknown
	Maximum pool size: undefined/unknown
2025-10-21 14:51:24.420 INFO  [restartedMain] [] o.h.e.t.j.p.i.JtaPlatformInitiator - HHH000489: No JTA platform available (set 'hibernate.transaction.jta.platform' to enable JTA platform integration)
2025-10-21 14:51:24.667 INFO  [restartedMain] [] o.s.o.j.LocalContainerEntityManagerFactoryBean - Initialized JPA EntityManagerFactory for persistence unit 'default'
2025-10-21 14:51:24.869 INFO  [restartedMain] [] o.s.d.j.r.query.QueryEnhancerFactory - Hibernate is in classpath; If applicable, HQL parser will be used.
2025-10-21 14:51:25.682 WARN  [restartedMain] [] o.s.b.a.o.j.JpaBaseConfiguration$JpaWebConfiguration - spring.jpa.open-in-view is enabled by default. Therefore, database queries may be performed during view rendering. Explicitly configure spring.jpa.open-in-view to disable this warning
2025-10-21 14:51:25.729 INFO  [restartedMain] [] o.s.b.a.w.s.WelcomePageHandlerMapping - Adding welcome page template: index
2025-10-21 14:51:26.508 WARN  [restartedMain] [] o.s.b.d.a.OptionalLiveReloadServer - Unable to start LiveReload server
2025-10-21 14:51:26.526 INFO  [restartedMain] [] o.a.coyote.http11.Http11NioProtocol - Starting ProtocolHandler ["http-nio-8081"]
2025-10-21 14:51:26.526 WARN  [restartedMain] [] o.s.b.w.s.c.AnnotationConfigServletWebServerApplicationContext - Exception encountered during context initialization - cancelling refresh attempt: org.springframework.context.ApplicationContextException: Failed to start bean 'webServerStartStop'
2025-10-21 14:51:26.542 INFO  [restartedMain] [] o.s.o.j.LocalContainerEntityManagerFactoryBean - Closing JPA EntityManagerFactory for persistence unit 'default'
2025-10-21 14:51:26.542 INFO  [restartedMain] [] com.zaxxer.hikari.HikariDataSource - HikariPool-1 - Shutdown initiated...
2025-10-21 14:51:26.614 INFO  [restartedMain] [] com.zaxxer.hikari.HikariDataSource - HikariPool-1 - Shutdown completed.
2025-10-21 14:51:26.620 INFO  [restartedMain] [] o.s.b.a.l.ConditionEvaluationReportLogger - 

Error starting ApplicationContext. To display the condition evaluation report re-run your application with 'debug' enabled.
2025-10-21 14:51:26.651 ERROR [restartedMain] [] o.s.b.d.LoggingFailureAnalysisReporter - 

***************************
APPLICATION FAILED TO START
***************************

Description:

Web server failed to start. Port 8081 was already in use.

Action:

Identify and stop the process that's listening on port 8081 or configure this application to listen on another port.

2025-10-21 14:51:48.644 INFO  [background-preinit] [] o.h.validator.internal.util.Version - HV000001: Hibernate Validator 8.0.3.Final
2025-10-21 14:51:48.668 INFO  [restartedMain] [] c.b.i.Ict05FinalAdminApplication - Starting Ict05FinalAdminApplication using Java 17.0.12 with PID 8604 (D:\DEV05\workspace_IntelliJ\ict05_final_project\ict05_final_admin\build\classes\java\main started by ict1 in D:\DEV05\workspace_IntelliJ\ict05_final_project\ict05_final_admin)
2025-10-21 14:51:48.668 DEBUG [restartedMain] [] c.b.i.Ict05FinalAdminApplication - Running with Spring Boot v3.5.6, Spring v6.2.11
2025-10-21 14:51:48.668 INFO  [restartedMain] [] c.b.i.Ict05FinalAdminApplication - The following 1 profile is active: "dev"
2025-10-21 14:51:48.706 INFO  [restartedMain] [] o.s.b.d.e.DevToolsPropertyDefaultsPostProcessor - Devtools property defaults active! Set 'spring.devtools.add-properties' to 'false' to disable
2025-10-21 14:51:48.706 INFO  [restartedMain] [] o.s.b.d.e.DevToolsPropertyDefaultsPostProcessor - For additional web related logging consider setting the 'logging.level.web' property to 'DEBUG'
2025-10-21 14:51:49.338 INFO  [restartedMain] [] o.s.d.r.c.RepositoryConfigurationDelegate - Bootstrapping Spring Data JPA repositories in DEFAULT mode.
2025-10-21 14:51:49.407 INFO  [restartedMain] [] o.s.d.r.c.RepositoryConfigurationDelegate - Finished Spring Data repository scanning in 61 ms. Found 9 JPA repository interfaces.
2025-10-21 14:51:50.058 INFO  [restartedMain] [] o.s.b.w.e.tomcat.TomcatWebServer - Tomcat initialized with port 8081 (http)
2025-10-21 14:51:50.077 INFO  [restartedMain] [] o.a.coyote.http11.Http11NioProtocol - Initializing ProtocolHandler ["http-nio-8081"]
2025-10-21 14:51:50.081 INFO  [restartedMain] [] o.a.catalina.core.StandardService - Starting service [Tomcat]
2025-10-21 14:51:50.081 INFO  [restartedMain] [] o.a.catalina.core.StandardEngine - Starting Servlet engine: [Apache Tomcat/10.1.46]
2025-10-21 14:51:50.173 INFO  [restartedMain] [] o.a.c.c.C.[.[localhost].[/admin] - Initializing Spring embedded WebApplicationContext
2025-10-21 14:51:50.173 INFO  [restartedMain] [] o.s.b.w.s.c.ServletWebServerApplicationContext - Root WebApplicationContext: initialization completed in 1467 ms
2025-10-21 14:51:50.434 INFO  [restartedMain] [] o.h.jpa.internal.util.LogHelper - HHH000204: Processing PersistenceUnitInfo [name: default]
2025-10-21 14:51:50.513 INFO  [restartedMain] [] org.hibernate.Version - HHH000412: Hibernate ORM core version 6.6.29.Final
2025-10-21 14:51:50.545 INFO  [restartedMain] [] o.h.c.i.RegionFactoryInitiator - HHH000026: Second-level cache disabled
2025-10-21 14:51:50.906 INFO  [restartedMain] [] o.s.o.j.p.SpringPersistenceUnitInfo - No LoadTimeWeaver setup: ignoring JPA class transformer
2025-10-21 14:51:50.929 INFO  [restartedMain] [] com.zaxxer.hikari.HikariDataSource - HikariPool-1 - Starting...
2025-10-21 14:51:51.281 INFO  [restartedMain] [] com.zaxxer.hikari.pool.HikariPool - HikariPool-1 - Added connection com.p6spy.engine.wrapper.ConnectionWrapper@498d2de6
2025-10-21 14:51:51.282 INFO  [restartedMain] [] com.zaxxer.hikari.HikariDataSource - HikariPool-1 - Start completed.
2025-10-21 14:51:51.303 WARN  [restartedMain] [] org.hibernate.orm.deprecation - HHH90000025: MariaDBDialect does not need to be specified explicitly using 'hibernate.dialect' (remove the property setting and it will be selected by default)
2025-10-21 14:51:51.315 INFO  [restartedMain] [] o.hibernate.orm.connections.pooling - HHH10001005: Database info:
	Database JDBC URL [Connecting through datasource 'HikariDataSource (HikariPool-1)']
	Database driver: undefined/unknown
	Database version: 10.5.12
	Autocommit mode: undefined/unknown
	Isolation level: undefined/unknown
	Minimum pool size: undefined/unknown
	Maximum pool size: undefined/unknown
2025-10-21 14:51:51.944 INFO  [restartedMain] [] o.h.e.t.j.p.i.JtaPlatformInitiator - HHH000489: No JTA platform available (set 'hibernate.transaction.jta.platform' to enable JTA platform integration)
2025-10-21 14:51:52.199 INFO  [restartedMain] [] o.s.o.j.LocalContainerEntityManagerFactoryBean - Initialized JPA EntityManagerFactory for persistence unit 'default'
2025-10-21 14:51:52.387 INFO  [restartedMain] [] o.s.d.j.r.query.QueryEnhancerFactory - Hibernate is in classpath; If applicable, HQL parser will be used.
2025-10-21 14:51:53.286 WARN  [restartedMain] [] o.s.b.a.o.j.JpaBaseConfiguration$JpaWebConfiguration - spring.jpa.open-in-view is enabled by default. Therefore, database queries may be performed during view rendering. Explicitly configure spring.jpa.open-in-view to disable this warning
2025-10-21 14:51:53.340 INFO  [restartedMain] [] o.s.b.a.w.s.WelcomePageHandlerMapping - Adding welcome page template: index
2025-10-21 14:51:53.919 INFO  [restartedMain] [] o.s.b.d.a.OptionalLiveReloadServer - LiveReload server is running on port 35729
2025-10-21 14:51:53.941 INFO  [restartedMain] [] o.a.coyote.http11.Http11NioProtocol - Starting ProtocolHandler ["http-nio-8081"]
2025-10-21 14:51:53.953 INFO  [restartedMain] [] o.s.b.w.e.tomcat.TomcatWebServer - Tomcat started on port 8081 (http) with context path '/admin'
2025-10-21 14:51:53.961 INFO  [restartedMain] [] c.b.i.Ict05FinalAdminApplication - Started Ict05FinalAdminApplication in 5.682 seconds (process running for 5.937)
2025-10-21 14:52:20.462 INFO  [http-nio-8081-exec-1] [] o.a.c.c.C.[.[localhost].[/admin] - Initializing Spring DispatcherServlet 'dispatcherServlet'
2025-10-21 14:52:20.462 INFO  [http-nio-8081-exec-1] [] o.s.web.servlet.DispatcherServlet - Initializing Servlet 'dispatcherServlet'
2025-10-21 14:52:20.462 INFO  [http-nio-8081-exec-1] [] o.s.web.servlet.DispatcherServlet - Completed initialization in 0 ms
2025-10-21 14:52:20.653 INFO  [http-nio-8081-exec-1] [e63bf1d0] p6spy - #1761025940653 | took 0ms | resultset | connection -1| url 
select m1_0.material_id,m1_0.material_code,m1_0.material_category,m1_0.material_name,m1_0.material_base_unit,m1_0.material_sales_unit,m1_0.material_supplier,m1_0.material_temperature,m1_0.material_status from material m1_0 where ?=? order by m1_0.material_id desc limit ?,?
1 = 54, 2 = 'ETC0004', 3 = 'ETC', 4 = '냅킨', 5 = '개', 6 = '개', 7 = '유한킴벌리', 8 = 'TEMPERATURE', 9 = 'USE';
2025-10-21 14:52:20.653 INFO  [http-nio-8081-exec-1] [e63bf1d0] p6spy - #1761025940653 | took 0ms | resultset | connection -1| url 
select m1_0.material_id,m1_0.material_code,m1_0.material_category,m1_0.material_name,m1_0.material_base_unit,m1_0.material_sales_unit,m1_0.material_supplier,m1_0.material_temperature,m1_0.material_status from material m1_0 where ?=? order by m1_0.material_id desc limit ?,?
1 = 53, 2 = 'PAC0009', 3 = 'PACKAGE', 4 = '비닐캐리어 2구', 5 = '개', 6 = '개', 7 = 'LG생활건강', 8 = 'TEMPERATURE', 9 = 'USE';
2025-10-21 14:52:20.653 INFO  [http-nio-8081-exec-1] [e63bf1d0] p6spy - #1761025940653 | took 0ms | resultset | connection -1| url 
select m1_0.material_id,m1_0.material_code,m1_0.material_category,m1_0.material_name,m1_0.material_base_unit,m1_0.material_sales_unit,m1_0.material_supplier,m1_0.material_temperature,m1_0.material_status from material m1_0 where ?=? order by m1_0.material_id desc limit ?,?
1 = 52, 2 = 'PAC0008', 3 = 'PACKAGE', 4 = '비닐캐리어 1구', 5 = '개', 6 = '개', 7 = 'LG생활건강', 8 = 'TEMPERATURE', 9 = 'USE';
2025-10-21 14:52:20.653 INFO  [http-nio-8081-exec-1] [e63bf1d0] p6spy - #1761025940653 | took 0ms | resultset | connection -1| url 
select m1_0.material_id,m1_0.material_code,m1_0.material_category,m1_0.material_name,m1_0.material_base_unit,m1_0.material_sales_unit,m1_0.material_supplier,m1_0.material_temperature,m1_0.material_status from material m1_0 where ?=? order by m1_0.material_id desc limit ?,?
1 = 51, 2 = 'PAC0007', 3 = 'PACKAGE', 4 = '컵홀더', 5 = '개', 6 = '개', 7 = '한솔제지', 8 = 'TEMPERATURE', 9 = 'USE';
2025-10-21 14:52:20.653 INFO  [http-nio-8081-exec-1] [e63bf1d0] p6spy - #1761025940653 | took 0ms | resultset | connection -1| url 
select m1_0.material_id,m1_0.material_code,m1_0.material_category,m1_0.material_name,m1_0.material_base_unit,m1_0.material_sales_unit,m1_0.material_supplier,m1_0.material_temperature,m1_0.material_status from material m1_0 where ?=? order by m1_0.material_id desc limit ?,?
1 = 50, 2 = 'PAC0006', 3 = 'PACKAGE', 4 = '돔뚜껑', 5 = '개', 6 = '개', 7 = '한솔제지', 8 = 'TEMPERATURE', 9 = 'USE';
2025-10-21 14:52:20.653 INFO  [http-nio-8081-exec-1] [e63bf1d0] p6spy - #1761025940653 | took 0ms | resultset | connection -1| url 
select m1_0.material_id,m1_0.material_code,m1_0.material_category,m1_0.material_name,m1_0.material_base_unit,m1_0.material_sales_unit,m1_0.material_supplier,m1_0.material_temperature,m1_0.material_status from material m1_0 where ?=? order by m1_0.material_id desc limit ?,?
1 = 49, 2 = 'PAC0005', 3 = 'PACKAGE', 4 = '냉컵', 5 = '개', 6 = '개', 7 = '한솔제지', 8 = 'TEMPERATURE', 9 = 'USE';
2025-10-21 14:52:20.653 INFO  [http-nio-8081-exec-1] [e63bf1d0] p6spy - #1761025940653 | took 0ms | resultset | connection -1| url 
select m1_0.material_id,m1_0.material_code,m1_0.material_category,m1_0.material_name,m1_0.material_base_unit,m1_0.material_sales_unit,m1_0.material_supplier,m1_0.material_temperature,m1_0.material_status from material m1_0 where ?=? order by m1_0.material_id desc limit ?,?
1 = 48, 2 = 'PAC0004', 3 = 'PACKAGE', 4 = '비닐봉투(중)', 5 = '개', 6 = '개', 7 = 'LG생활건강', 8 = 'TEMPERATURE', 9 = 'USE';
2025-10-21 14:52:20.653 INFO  [http-nio-8081-exec-1] [e63bf1d0] p6spy - #1761025940653 | took 0ms | resultset | connection -1| url 
select m1_0.material_id,m1_0.material_code,m1_0.material_category,m1_0.material_name,m1_0.material_base_unit,m1_0.material_sales_unit,m1_0.material_supplier,m1_0.material_temperature,m1_0.material_status from material m1_0 where ?=? order by m1_0.material_id desc limit ?,?
1 = 47, 2 = 'PAC0003', 3 = 'PACKAGE', 4 = '비닐봉투(소)', 5 = '개', 6 = '개', 7 = 'LG생활건강', 8 = 'TEMPERATURE', 9 = 'USE';
2025-10-21 14:52:20.653 INFO  [http-nio-8081-exec-1] [e63bf1d0] p6spy - #1761025940653 | took 0ms | resultset | connection -1| url 
select m1_0.material_id,m1_0.material_code,m1_0.material_category,m1_0.material_name,m1_0.material_base_unit,m1_0.material_sales_unit,m1_0.material_supplier,m1_0.material_temperature,m1_0.material_status from material m1_0 where ?=? order by m1_0.material_id desc limit ?,?
1 = 46, 2 = 'PAC0002', 3 = 'PACKAGE', 4 = '쇼핑백', 5 = '개', 6 = '개', 7 = '유한킴벌리', 8 = 'TEMPERATURE', 9 = 'USE';
2025-10-21 14:52:20.653 INFO  [http-nio-8081-exec-1] [e63bf1d0] p6spy - #1761025940653 | took 0ms | resultset | connection -1| url 
select m1_0.material_id,m1_0.material_code,m1_0.material_category,m1_0.material_name,m1_0.material_base_unit,m1_0.material_sales_unit,m1_0.material_supplier,m1_0.material_temperature,m1_0.material_status from material m1_0 where ?=? order by m1_0.material_id desc limit ?,?
1 = 45, 2 = 'PAC0001', 3 = 'PACKAGE', 4 = '반봉투', 5 = '개', 6 = '개', 7 = '유한킴벌리', 8 = 'TEMPERATURE', 9 = 'USE';
2025-10-21 14:52:20.680 INFO  [http-nio-8081-exec-1] [e63bf1d0] p6spy - #1761025940680 | took 0ms | resultset | connection -1| url 
select count(m1_0.material_id) from material m1_0 where ?=? limit ?
1 = 54;
2025-10-21 14:53:34.403 INFO  [http-nio-8081-exec-6] [96d185cd] p6spy - #1761026014403 | took 0ms | resultset | connection -1| url 
select n1_0.notice_id,n1_0.member_id_fk,n1_0.notice_category,n1_0.notice_priority,n1_0.notice_status,n1_0.is_show,n1_0.notice_title,n1_0.notice_content,n1_0.writer,n1_0.notice_count,n1_0.notice_reg_date from notice n1_0 order by n1_0.notice_id desc limit ?,?
1 = 100, 2 = 100, 3 = 'EVENT', 4 = 'IMPORTANT', 5 = 'DELETED', 6 = false, 7 = '공지 제목 100', 8 = '공지 내용 100', 9 = '작성자01', 10 = 500, 11 = '2025-10-19T12:30:47.079+0900';
2025-10-21 14:53:34.404 INFO  [http-nio-8081-exec-6] [96d185cd] p6spy - #1761026014404 | took 0ms | resultset | connection -1| url 
select n1_0.notice_id,n1_0.member_id_fk,n1_0.notice_category,n1_0.notice_priority,n1_0.notice_status,n1_0.is_show,n1_0.notice_title,n1_0.notice_content,n1_0.writer,n1_0.notice_count,n1_0.notice_reg_date from notice n1_0 order by n1_0.notice_id desc limit ?,?
1 = 99, 2 = 99, 3 = 'SYSTEM', 4 = 'EMERGENCY', 5 = 'ACTIVE', 6 = true, 7 = '공지 제목 99', 8 = '공지 내용 99', 9 = '작성자10', 10 = 495, 11 = '2025-10-18T12:30:47.079+0900';
2025-10-21 14:53:34.404 INFO  [http-nio-8081-exec-6] [96d185cd] p6spy - #1761026014404 | took 0ms | resultset | connection -1| url 
select n1_0.notice_id,n1_0.member_id_fk,n1_0.notice_category,n1_0.notice_priority,n1_0.notice_status,n1_0.is_show,n1_0.notice_title,n1_0.notice_content,n1_0.writer,n1_0.notice_count,n1_0.notice_reg_date from notice n1_0 order by n1_0.notice_id desc limit ?,?
1 = 98, 2 = 98, 3 = 'POLICY', 4 = 'NORMAL', 5 = 'INACTIVE', 6 = false, 7 = '공지 제목 98', 8 = '공지 내용 98', 9 = '작성자09', 10 = 490, 11 = '2025-10-17T12:30:47.079+0900';
2025-10-21 14:53:34.405 INFO  [http-nio-8081-exec-6] [96d185cd] p6spy - #1761026014405 | took 0ms | resultset | connection -1| url 
select n1_0.notice_id,n1_0.member_id_fk,n1_0.notice_category,n1_0.notice_priority,n1_0.notice_status,n1_0.is_show,n1_0.notice_title,n1_0.notice_content,n1_0.writer,n1_0.notice_count,n1_0.notice_reg_date from notice n1_0 order by n1_0.notice_id desc limit ?,?
1 = 97, 2 = 97, 3 = 'NORMAL', 4 = 'IMPORTANT', 5 = 'DELETED', 6 = true, 7 = '공지 제목 97', 8 = '공지 내용 97', 9 = '작성자08', 10 = 485, 11 = '2025-10-16T12:30:47.079+0900';
2025-10-21 14:53:34.405 INFO  [http-nio-8081-exec-6] [96d185cd] p6spy - #1761026014405 | took 0ms | resultset | connection -1| url 
select n1_0.notice_id,n1_0.member_id_fk,n1_0.notice_category,n1_0.notice_priority,n1_0.notice_status,n1_0.is_show,n1_0.notice_title,n1_0.notice_content,n1_0.writer,n1_0.notice_count,n1_0.notice_reg_date from notice n1_0 order by n1_0.notice_id desc limit ?,?
1 = 96, 2 = 96, 3 = 'EVENT', 4 = 'EMERGENCY', 5 = 'ACTIVE', 6 = false, 7 = '공지 제목 96', 8 = '공지 내용 96', 9 = '작성자07', 10 = 480, 11 = '2025-10-15T12:30:47.079+0900';
2025-10-21 14:53:34.405 INFO  [http-nio-8081-exec-6] [96d185cd] p6spy - #1761026014405 | took 0ms | resultset | connection -1| url 
select n1_0.notice_id,n1_0.member_id_fk,n1_0.notice_category,n1_0.notice_priority,n1_0.notice_status,n1_0.is_show,n1_0.notice_title,n1_0.notice_content,n1_0.writer,n1_0.notice_count,n1_0.notice_reg_date from notice n1_0 order by n1_0.notice_id desc limit ?,?
1 = 95, 2 = 95, 3 = 'SYSTEM', 4 = 'NORMAL', 5 = 'INACTIVE', 6 = true, 7 = '공지 제목 95', 8 = '공지 내용 95', 9 = '작성자06', 10 = 475, 11 = '2025-10-14T12:30:47.079+0900';
2025-10-21 14:53:34.406 INFO  [http-nio-8081-exec-6] [96d185cd] p6spy - #1761026014406 | took 0ms | resultset | connection -1| url 
select n1_0.notice_id,n1_0.member_id_fk,n1_0.notice_category,n1_0.notice_priority,n1_0.notice_status,n1_0.is_show,n1_0.notice_title,n1_0.notice_content,n1_0.writer,n1_0.notice_count,n1_0.notice_reg_date from notice n1_0 order by n1_0.notice_id desc limit ?,?
1 = 94, 2 = 94, 3 = 'POLICY', 4 = 'IMPORTANT', 5 = 'DELETED', 6 = false, 7 = '공지 제목 94', 8 = '공지 내용 94', 9 = '작성자05', 10 = 470, 11 = '2025-10-13T12:30:47.079+0900';
2025-10-21 14:53:34.406 INFO  [http-nio-8081-exec-6] [96d185cd] p6spy - #1761026014406 | took 0ms | resultset | connection -1| url 
select n1_0.notice_id,n1_0.member_id_fk,n1_0.notice_category,n1_0.notice_priority,n1_0.notice_status,n1_0.is_show,n1_0.notice_title,n1_0.notice_content,n1_0.writer,n1_0.notice_count,n1_0.notice_reg_date from notice n1_0 order by n1_0.notice_id desc limit ?,?
1 = 93, 2 = 93, 3 = 'NORMAL', 4 = 'EMERGENCY', 5 = 'ACTIVE', 6 = true, 7 = '공지 제목 93', 8 = '공지 내용 93', 9 = '작성자04', 10 = 465, 11 = '2025-10-12T12:30:47.079+0900';
2025-10-21 14:53:34.406 INFO  [http-nio-8081-exec-6] [96d185cd] p6spy - #1761026014406 | took 0ms | resultset | connection -1| url 
select n1_0.notice_id,n1_0.member_id_fk,n1_0.notice_category,n1_0.notice_priority,n1_0.notice_status,n1_0.is_show,n1_0.notice_title,n1_0.notice_content,n1_0.writer,n1_0.notice_count,n1_0.notice_reg_date from notice n1_0 order by n1_0.notice_id desc limit ?,?
1 = 92, 2 = 92, 3 = 'EVENT', 4 = 'NORMAL', 5 = 'INACTIVE', 6 = false, 7 = '공지 제목 92', 8 = '공지 내용 92', 9 = '작성자03', 10 = 460, 11 = '2025-10-11T12:30:47.079+0900';
2025-10-21 14:53:34.406 INFO  [http-nio-8081-exec-6] [96d185cd] p6spy - #1761026014406 | took 0ms | resultset | connection -1| url 
select n1_0.notice_id,n1_0.member_id_fk,n1_0.notice_category,n1_0.notice_priority,n1_0.notice_status,n1_0.is_show,n1_0.notice_title,n1_0.notice_content,n1_0.writer,n1_0.notice_count,n1_0.notice_reg_date from notice n1_0 order by n1_0.notice_id desc limit ?,?
1 = 91, 2 = 91, 3 = 'SYSTEM', 4 = 'IMPORTANT', 5 = 'DELETED', 6 = true, 7 = '공지 제목 91', 8 = '공지 내용 91', 9 = '작성자02', 10 = 455, 11 = '2025-10-10T12:30:47.079+0900';
2025-10-21 14:53:34.410 INFO  [http-nio-8081-exec-6] [96d185cd] p6spy - #1761026014410 | took 0ms | resultset | connection -1| url 
select count(n1_0.notice_id) from notice n1_0
1 = 100;
2025-10-21 14:54:28.297 INFO  [http-nio-8081-exec-8] [ef92c736] p6spy - #1761026068297 | took 0ms | resultset | connection -1| url 
select m1_0.material_id,m1_0.material_code,m1_0.material_category,m1_0.material_name,m1_0.material_base_unit,m1_0.material_sales_unit,m1_0.material_supplier,m1_0.material_temperature,m1_0.material_status from material m1_0 where ?=? order by m1_0.material_id desc limit ?,?
1 = 54, 2 = 'ETC0004', 3 = 'ETC', 4 = '냅킨', 5 = '개', 6 = '개', 7 = '유한킴벌리', 8 = 'TEMPERATURE', 9 = 'USE';
2025-10-21 14:54:28.301 INFO  [http-nio-8081-exec-8] [ef92c736] p6spy - #1761026068301 | took 0ms | resultset | connection -1| url 
select m1_0.material_id,m1_0.material_code,m1_0.material_category,m1_0.material_name,m1_0.material_base_unit,m1_0.material_sales_unit,m1_0.material_supplier,m1_0.material_temperature,m1_0.material_status from material m1_0 where ?=? order by m1_0.material_id desc limit ?,?
1 = 53, 2 = 'PAC0009', 3 = 'PACKAGE', 4 = '비닐캐리어 2구', 5 = '개', 6 = '개', 7 = 'LG생활건강', 8 = 'TEMPERATURE', 9 = 'USE';
2025-10-21 14:54:28.301 INFO  [http-nio-8081-exec-8] [ef92c736] p6spy - #1761026068301 | took 0ms | resultset | connection -1| url 
select m1_0.material_id,m1_0.material_code,m1_0.material_category,m1_0.material_name,m1_0.material_base_unit,m1_0.material_sales_unit,m1_0.material_supplier,m1_0.material_temperature,m1_0.material_status from material m1_0 where ?=? order by m1_0.material_id desc limit ?,?
1 = 52, 2 = 'PAC0008', 3 = 'PACKAGE', 4 = '비닐캐리어 1구', 5 = '개', 6 = '개', 7 = 'LG생활건강', 8 = 'TEMPERATURE', 9 = 'USE';
2025-10-21 14:54:28.302 INFO  [http-nio-8081-exec-8] [ef92c736] p6spy - #1761026068302 | took 0ms | resultset | connection -1| url 
select m1_0.material_id,m1_0.material_code,m1_0.material_category,m1_0.material_name,m1_0.material_base_unit,m1_0.material_sales_unit,m1_0.material_supplier,m1_0.material_temperature,m1_0.material_status from material m1_0 where ?=? order by m1_0.material_id desc limit ?,?
1 = 51, 2 = 'PAC0007', 3 = 'PACKAGE', 4 = '컵홀더', 5 = '개', 6 = '개', 7 = '한솔제지', 8 = 'TEMPERATURE', 9 = 'USE';
2025-10-21 14:54:28.302 INFO  [http-nio-8081-exec-8] [ef92c736] p6spy - #1761026068302 | took 0ms | resultset | connection -1| url 
select m1_0.material_id,m1_0.material_code,m1_0.material_category,m1_0.material_name,m1_0.material_base_unit,m1_0.material_sales_unit,m1_0.material_supplier,m1_0.material_temperature,m1_0.material_status from material m1_0 where ?=? order by m1_0.material_id desc limit ?,?
1 = 50, 2 = 'PAC0006', 3 = 'PACKAGE', 4 = '돔뚜껑', 5 = '개', 6 = '개', 7 = '한솔제지', 8 = 'TEMPERATURE', 9 = 'USE';
2025-10-21 14:54:28.302 INFO  [http-nio-8081-exec-8] [ef92c736] p6spy - #1761026068302 | took 0ms | resultset | connection -1| url 
select m1_0.material_id,m1_0.material_code,m1_0.material_category,m1_0.material_name,m1_0.material_base_unit,m1_0.material_sales_unit,m1_0.material_supplier,m1_0.material_temperature,m1_0.material_status from material m1_0 where ?=? order by m1_0.material_id desc limit ?,?
1 = 49, 2 = 'PAC0005', 3 = 'PACKAGE', 4 = '냉컵', 5 = '개', 6 = '개', 7 = '한솔제지', 8 = 'TEMPERATURE', 9 = 'USE';
2025-10-21 14:54:28.302 INFO  [http-nio-8081-exec-8] [ef92c736] p6spy - #1761026068302 | took 0ms | resultset | connection -1| url 
select m1_0.material_id,m1_0.material_code,m1_0.material_category,m1_0.material_name,m1_0.material_base_unit,m1_0.material_sales_unit,m1_0.material_supplier,m1_0.material_temperature,m1_0.material_status from material m1_0 where ?=? order by m1_0.material_id desc limit ?,?
1 = 48, 2 = 'PAC0004', 3 = 'PACKAGE', 4 = '비닐봉투(중)', 5 = '개', 6 = '개', 7 = 'LG생활건강', 8 = 'TEMPERATURE', 9 = 'USE';
2025-10-21 14:54:28.302 INFO  [http-nio-8081-exec-8] [ef92c736] p6spy - #1761026068302 | took 0ms | resultset | connection -1| url 
select m1_0.material_id,m1_0.material_code,m1_0.material_category,m1_0.material_name,m1_0.material_base_unit,m1_0.material_sales_unit,m1_0.material_supplier,m1_0.material_temperature,m1_0.material_status from material m1_0 where ?=? order by m1_0.material_id desc limit ?,?
1 = 47, 2 = 'PAC0003', 3 = 'PACKAGE', 4 = '비닐봉투(소)', 5 = '개', 6 = '개', 7 = 'LG생활건강', 8 = 'TEMPERATURE', 9 = 'USE';
2025-10-21 14:54:28.302 INFO  [http-nio-8081-exec-8] [ef92c736] p6spy - #1761026068302 | took 0ms | resultset | connection -1| url 
select m1_0.material_id,m1_0.material_code,m1_0.material_category,m1_0.material_name,m1_0.material_base_unit,m1_0.material_sales_unit,m1_0.material_supplier,m1_0.material_temperature,m1_0.material_status from material m1_0 where ?=? order by m1_0.material_id desc limit ?,?
1 = 46, 2 = 'PAC0002', 3 = 'PACKAGE', 4 = '쇼핑백', 5 = '개', 6 = '개', 7 = '유한킴벌리', 8 = 'TEMPERATURE', 9 = 'USE';
2025-10-21 14:54:28.302 INFO  [http-nio-8081-exec-8] [ef92c736] p6spy - #1761026068302 | took 0ms | resultset | connection -1| url 
select m1_0.material_id,m1_0.material_code,m1_0.material_category,m1_0.material_name,m1_0.material_base_unit,m1_0.material_sales_unit,m1_0.material_supplier,m1_0.material_temperature,m1_0.material_status from material m1_0 where ?=? order by m1_0.material_id desc limit ?,?
1 = 45, 2 = 'PAC0001', 3 = 'PACKAGE', 4 = '반봉투', 5 = '개', 6 = '개', 7 = '유한킴벌리', 8 = 'TEMPERATURE', 9 = 'USE';
2025-10-21 14:54:28.307 INFO  [http-nio-8081-exec-8] [ef92c736] p6spy - #1761026068307 | took 0ms | resultset | connection -1| url 
select count(m1_0.material_id) from material m1_0 where ?=? limit ?
1 = 54;
2025-10-21 14:55:17.982 INFO  [background-preinit] [] o.h.validator.internal.util.Version - HV000001: Hibernate Validator 8.0.3.Final
2025-10-21 14:55:18.035 INFO  [restartedMain] [] c.b.i.Ict05FinalAdminApplication - Starting Ict05FinalAdminApplication using Java 17.0.12 with PID 9856 (D:\DEV05\workspace_IntelliJ\ict05_final_project\ict05_final_admin\build\classes\java\main started by ict1 in D:\DEV05\workspace_IntelliJ\ict05_final_project\ict05_final_admin)
2025-10-21 14:55:18.035 DEBUG [restartedMain] [] c.b.i.Ict05FinalAdminApplication - Running with Spring Boot v3.5.6, Spring v6.2.11
2025-10-21 14:55:18.036 INFO  [restartedMain] [] c.b.i.Ict05FinalAdminApplication - The following 1 profile is active: "dev"
2025-10-21 14:55:18.069 INFO  [restartedMain] [] o.s.b.d.e.DevToolsPropertyDefaultsPostProcessor - Devtools property defaults active! Set 'spring.devtools.add-properties' to 'false' to disable
2025-10-21 14:55:18.069 INFO  [restartedMain] [] o.s.b.d.e.DevToolsPropertyDefaultsPostProcessor - For additional web related logging consider setting the 'logging.level.web' property to 'DEBUG'
2025-10-21 14:55:18.714 INFO  [restartedMain] [] o.s.d.r.c.RepositoryConfigurationDelegate - Bootstrapping Spring Data JPA repositories in DEFAULT mode.
2025-10-21 14:55:18.789 INFO  [restartedMain] [] o.s.d.r.c.RepositoryConfigurationDelegate - Finished Spring Data repository scanning in 67 ms. Found 9 JPA repository interfaces.
2025-10-21 14:55:19.485 INFO  [restartedMain] [] o.s.b.w.e.tomcat.TomcatWebServer - Tomcat initialized with port 8081 (http)
2025-10-21 14:55:19.501 INFO  [restartedMain] [] o.a.coyote.http11.Http11NioProtocol - Initializing ProtocolHandler ["http-nio-8081"]
2025-10-21 14:55:19.506 INFO  [restartedMain] [] o.a.catalina.core.StandardService - Starting service [Tomcat]
2025-10-21 14:55:19.506 INFO  [restartedMain] [] o.a.catalina.core.StandardEngine - Starting Servlet engine: [Apache Tomcat/10.1.46]
2025-10-21 14:55:19.705 INFO  [restartedMain] [] o.a.c.c.C.[.[localhost].[/admin] - Initializing Spring embedded WebApplicationContext
2025-10-21 14:55:19.705 INFO  [restartedMain] [] o.s.b.w.s.c.ServletWebServerApplicationContext - Root WebApplicationContext: initialization completed in 1635 ms
2025-10-21 14:55:19.923 INFO  [restartedMain] [] o.h.jpa.internal.util.LogHelper - HHH000204: Processing PersistenceUnitInfo [name: default]
2025-10-21 14:55:19.973 INFO  [restartedMain] [] org.hibernate.Version - HHH000412: Hibernate ORM core version 6.6.29.Final
2025-10-21 14:55:19.994 INFO  [restartedMain] [] o.h.c.i.RegionFactoryInitiator - HHH000026: Second-level cache disabled
2025-10-21 14:55:20.227 INFO  [restartedMain] [] o.s.o.j.p.SpringPersistenceUnitInfo - No LoadTimeWeaver setup: ignoring JPA class transformer
2025-10-21 14:55:20.252 INFO  [restartedMain] [] com.zaxxer.hikari.HikariDataSource - HikariPool-1 - Starting...
2025-10-21 14:55:20.388 INFO  [restartedMain] [] com.zaxxer.hikari.pool.HikariPool - HikariPool-1 - Added connection com.p6spy.engine.wrapper.ConnectionWrapper@566dc838
2025-10-21 14:55:20.388 INFO  [restartedMain] [] com.zaxxer.hikari.HikariDataSource - HikariPool-1 - Start completed.
2025-10-21 14:55:20.409 WARN  [restartedMain] [] org.hibernate.orm.deprecation - HHH90000025: MariaDBDialect does not need to be specified explicitly using 'hibernate.dialect' (remove the property setting and it will be selected by default)
2025-10-21 14:55:20.422 INFO  [restartedMain] [] o.hibernate.orm.connections.pooling - HHH10001005: Database info:
	Database JDBC URL [Connecting through datasource 'HikariDataSource (HikariPool-1)']
	Database driver: undefined/unknown
	Database version: 10.5.12
	Autocommit mode: undefined/unknown
	Isolation level: undefined/unknown
	Minimum pool size: undefined/unknown
	Maximum pool size: undefined/unknown
2025-10-21 14:55:20.993 INFO  [restartedMain] [] o.h.e.t.j.p.i.JtaPlatformInitiator - HHH000489: No JTA platform available (set 'hibernate.transaction.jta.platform' to enable JTA platform integration)
2025-10-21 14:55:21.233 INFO  [restartedMain] [] o.s.o.j.LocalContainerEntityManagerFactoryBean - Initialized JPA EntityManagerFactory for persistence unit 'default'
2025-10-21 14:55:21.452 INFO  [restartedMain] [] o.s.d.j.r.query.QueryEnhancerFactory - Hibernate is in classpath; If applicable, HQL parser will be used.
2025-10-21 14:55:22.285 WARN  [restartedMain] [] o.s.b.a.o.j.JpaBaseConfiguration$JpaWebConfiguration - spring.jpa.open-in-view is enabled by default. Therefore, database queries may be performed during view rendering. Explicitly configure spring.jpa.open-in-view to disable this warning
2025-10-21 14:55:22.334 INFO  [restartedMain] [] o.s.b.a.w.s.WelcomePageHandlerMapping - Adding welcome page template: index
2025-10-21 14:55:22.939 INFO  [restartedMain] [] o.s.b.d.a.OptionalLiveReloadServer - LiveReload server is running on port 35729
2025-10-21 14:55:22.954 INFO  [restartedMain] [] o.a.coyote.http11.Http11NioProtocol - Starting ProtocolHandler ["http-nio-8081"]
2025-10-21 14:55:22.971 INFO  [restartedMain] [] o.s.b.w.e.tomcat.TomcatWebServer - Tomcat started on port 8081 (http) with context path '/admin'
2025-10-21 14:55:22.983 INFO  [restartedMain] [] c.b.i.Ict05FinalAdminApplication - Started Ict05FinalAdminApplication in 5.324 seconds (process running for 5.591)
2025-10-21 14:55:24.150 INFO  [http-nio-8081-exec-2] [] o.a.c.c.C.[.[localhost].[/admin] - Initializing Spring DispatcherServlet 'dispatcherServlet'
2025-10-21 14:55:24.150 INFO  [http-nio-8081-exec-2] [] o.s.web.servlet.DispatcherServlet - Initializing Servlet 'dispatcherServlet'
2025-10-21 14:55:24.150 INFO  [http-nio-8081-exec-2] [] o.s.web.servlet.DispatcherServlet - Completed initialization in 0 ms
2025-10-21 14:55:24.350 INFO  [http-nio-8081-exec-2] [647b30b1] p6spy - #1761026124350 | took 0ms | resultset | connection -1| url 
select n1_0.notice_id,n1_0.member_id_fk,n1_0.notice_category,n1_0.notice_priority,n1_0.notice_status,n1_0.is_show,n1_0.notice_title,n1_0.notice_content,n1_0.writer,n1_0.notice_count,n1_0.notice_reg_date from notice n1_0 order by n1_0.notice_id desc limit ?,?
1 = 100, 2 = 100, 3 = 'EVENT', 4 = 'IMPORTANT', 5 = 'DELETED', 6 = false, 7 = '공지 제목 100', 8 = '공지 내용 100', 9 = '작성자01', 10 = 500, 11 = '2025-10-19T12:30:47.079+0900';
2025-10-21 14:55:24.350 INFO  [http-nio-8081-exec-2] [647b30b1] p6spy - #1761026124350 | took 0ms | resultset | connection -1| url 
select n1_0.notice_id,n1_0.member_id_fk,n1_0.notice_category,n1_0.notice_priority,n1_0.notice_status,n1_0.is_show,n1_0.notice_title,n1_0.notice_content,n1_0.writer,n1_0.notice_count,n1_0.notice_reg_date from notice n1_0 order by n1_0.notice_id desc limit ?,?
1 = 99, 2 = 99, 3 = 'SYSTEM', 4 = 'EMERGENCY', 5 = 'ACTIVE', 6 = true, 7 = '공지 제목 99', 8 = '공지 내용 99', 9 = '작성자10', 10 = 495, 11 = '2025-10-18T12:30:47.079+0900';
2025-10-21 14:55:24.350 INFO  [http-nio-8081-exec-2] [647b30b1] p6spy - #1761026124350 | took 0ms | resultset | connection -1| url 
select n1_0.notice_id,n1_0.member_id_fk,n1_0.notice_category,n1_0.notice_priority,n1_0.notice_status,n1_0.is_show,n1_0.notice_title,n1_0.notice_content,n1_0.writer,n1_0.notice_count,n1_0.notice_reg_date from notice n1_0 order by n1_0.notice_id desc limit ?,?
1 = 98, 2 = 98, 3 = 'POLICY', 4 = 'NORMAL', 5 = 'INACTIVE', 6 = false, 7 = '공지 제목 98', 8 = '공지 내용 98', 9 = '작성자09', 10 = 490, 11 = '2025-10-17T12:30:47.079+0900';
2025-10-21 14:55:24.350 INFO  [http-nio-8081-exec-2] [647b30b1] p6spy - #1761026124350 | took 0ms | resultset | connection -1| url 
select n1_0.notice_id,n1_0.member_id_fk,n1_0.notice_category,n1_0.notice_priority,n1_0.notice_status,n1_0.is_show,n1_0.notice_title,n1_0.notice_content,n1_0.writer,n1_0.notice_count,n1_0.notice_reg_date from notice n1_0 order by n1_0.notice_id desc limit ?,?
1 = 97, 2 = 97, 3 = 'NORMAL', 4 = 'IMPORTANT', 5 = 'DELETED', 6 = true, 7 = '공지 제목 97', 8 = '공지 내용 97', 9 = '작성자08', 10 = 485, 11 = '2025-10-16T12:30:47.079+0900';
2025-10-21 14:55:24.350 INFO  [http-nio-8081-exec-2] [647b30b1] p6spy - #1761026124350 | took 0ms | resultset | connection -1| url 
select n1_0.notice_id,n1_0.member_id_fk,n1_0.notice_category,n1_0.notice_priority,n1_0.notice_status,n1_0.is_show,n1_0.notice_title,n1_0.notice_content,n1_0.writer,n1_0.notice_count,n1_0.notice_reg_date from notice n1_0 order by n1_0.notice_id desc limit ?,?
1 = 96, 2 = 96, 3 = 'EVENT', 4 = 'EMERGENCY', 5 = 'ACTIVE', 6 = false, 7 = '공지 제목 96', 8 = '공지 내용 96', 9 = '작성자07', 10 = 480, 11 = '2025-10-15T12:30:47.079+0900';
2025-10-21 14:55:24.350 INFO  [http-nio-8081-exec-2] [647b30b1] p6spy - #1761026124350 | took 0ms | resultset | connection -1| url 
select n1_0.notice_id,n1_0.member_id_fk,n1_0.notice_category,n1_0.notice_priority,n1_0.notice_status,n1_0.is_show,n1_0.notice_title,n1_0.notice_content,n1_0.writer,n1_0.notice_count,n1_0.notice_reg_date from notice n1_0 order by n1_0.notice_id desc limit ?,?
1 = 95, 2 = 95, 3 = 'SYSTEM', 4 = 'NORMAL', 5 = 'INACTIVE', 6 = true, 7 = '공지 제목 95', 8 = '공지 내용 95', 9 = '작성자06', 10 = 475, 11 = '2025-10-14T12:30:47.079+0900';
2025-10-21 14:55:24.350 INFO  [http-nio-8081-exec-2] [647b30b1] p6spy - #1761026124350 | took 0ms | resultset | connection -1| url 
select n1_0.notice_id,n1_0.member_id_fk,n1_0.notice_category,n1_0.notice_priority,n1_0.notice_status,n1_0.is_show,n1_0.notice_title,n1_0.notice_content,n1_0.writer,n1_0.notice_count,n1_0.notice_reg_date from notice n1_0 order by n1_0.notice_id desc limit ?,?
1 = 94, 2 = 94, 3 = 'POLICY', 4 = 'IMPORTANT', 5 = 'DELETED', 6 = false, 7 = '공지 제목 94', 8 = '공지 내용 94', 9 = '작성자05', 10 = 470, 11 = '2025-10-13T12:30:47.079+0900';
2025-10-21 14:55:24.350 INFO  [http-nio-8081-exec-2] [647b30b1] p6spy - #1761026124350 | took 0ms | resultset | connection -1| url 
select n1_0.notice_id,n1_0.member_id_fk,n1_0.notice_category,n1_0.notice_priority,n1_0.notice_status,n1_0.is_show,n1_0.notice_title,n1_0.notice_content,n1_0.writer,n1_0.notice_count,n1_0.notice_reg_date from notice n1_0 order by n1_0.notice_id desc limit ?,?
1 = 93, 2 = 93, 3 = 'NORMAL', 4 = 'EMERGENCY', 5 = 'ACTIVE', 6 = true, 7 = '공지 제목 93', 8 = '공지 내용 93', 9 = '작성자04', 10 = 465, 11 = '2025-10-12T12:30:47.079+0900';
2025-10-21 14:55:24.350 INFO  [http-nio-8081-exec-2] [647b30b1] p6spy - #1761026124350 | took 0ms | resultset | connection -1| url 
select n1_0.notice_id,n1_0.member_id_fk,n1_0.notice_category,n1_0.notice_priority,n1_0.notice_status,n1_0.is_show,n1_0.notice_title,n1_0.notice_content,n1_0.writer,n1_0.notice_count,n1_0.notice_reg_date from notice n1_0 order by n1_0.notice_id desc limit ?,?
1 = 92, 2 = 92, 3 = 'EVENT', 4 = 'NORMAL', 5 = 'INACTIVE', 6 = false, 7 = '공지 제목 92', 8 = '공지 내용 92', 9 = '작성자03', 10 = 460, 11 = '2025-10-11T12:30:47.079+0900';
2025-10-21 14:55:24.350 INFO  [http-nio-8081-exec-2] [647b30b1] p6spy - #1761026124350 | took 0ms | resultset | connection -1| url 
select n1_0.notice_id,n1_0.member_id_fk,n1_0.notice_category,n1_0.notice_priority,n1_0.notice_status,n1_0.is_show,n1_0.notice_title,n1_0.notice_content,n1_0.writer,n1_0.notice_count,n1_0.notice_reg_date from notice n1_0 order by n1_0.notice_id desc limit ?,?
1 = 91, 2 = 91, 3 = 'SYSTEM', 4 = 'IMPORTANT', 5 = 'DELETED', 6 = true, 7 = '공지 제목 91', 8 = '공지 내용 91', 9 = '작성자02', 10 = 455, 11 = '2025-10-10T12:30:47.079+0900';
2025-10-21 14:55:24.370 INFO  [http-nio-8081-exec-2] [647b30b1] p6spy - #1761026124370 | took 0ms | resultset | connection -1| url 
select count(n1_0.notice_id) from notice n1_0
1 = 100;
2025-10-21 15:16:47.307 INFO  [background-preinit] [] o.h.validator.internal.util.Version - HV000001: Hibernate Validator 8.0.3.Final
2025-10-21 15:16:47.329 INFO  [restartedMain] [] c.b.i.Ict05FinalAdminApplication - Starting Ict05FinalAdminApplication using Java 17.0.12 with PID 19164 (D:\DEV05\workspace_IntelliJ\ict05_final_project\ict05_final_admin\build\classes\java\main started by ict1 in D:\DEV05\workspace_IntelliJ\ict05_final_project\ict05_final_admin)
2025-10-21 15:16:47.329 DEBUG [restartedMain] [] c.b.i.Ict05FinalAdminApplication - Running with Spring Boot v3.5.6, Spring v6.2.11
2025-10-21 15:16:47.329 INFO  [restartedMain] [] c.b.i.Ict05FinalAdminApplication - The following 1 profile is active: "dev"
2025-10-21 15:16:47.374 INFO  [restartedMain] [] o.s.b.d.e.DevToolsPropertyDefaultsPostProcessor - Devtools property defaults active! Set 'spring.devtools.add-properties' to 'false' to disable
2025-10-21 15:16:47.374 INFO  [restartedMain] [] o.s.b.d.e.DevToolsPropertyDefaultsPostProcessor - For additional web related logging consider setting the 'logging.level.web' property to 'DEBUG'
2025-10-21 15:16:48.016 INFO  [restartedMain] [] o.s.d.r.c.RepositoryConfigurationDelegate - Bootstrapping Spring Data JPA repositories in DEFAULT mode.
2025-10-21 15:16:48.087 INFO  [restartedMain] [] o.s.d.r.c.RepositoryConfigurationDelegate - Finished Spring Data repository scanning in 60 ms. Found 9 JPA repository interfaces.
2025-10-21 15:16:48.764 INFO  [restartedMain] [] o.s.b.w.e.tomcat.TomcatWebServer - Tomcat initialized with port 8081 (http)
2025-10-21 15:16:48.787 INFO  [restartedMain] [] o.a.coyote.http11.Http11NioProtocol - Initializing ProtocolHandler ["http-nio-8081"]
2025-10-21 15:16:48.789 INFO  [restartedMain] [] o.a.catalina.core.StandardService - Starting service [Tomcat]
2025-10-21 15:16:48.789 INFO  [restartedMain] [] o.a.catalina.core.StandardEngine - Starting Servlet engine: [Apache Tomcat/10.1.46]
2025-10-21 15:16:48.854 INFO  [restartedMain] [] o.a.c.c.C.[.[localhost].[/admin] - Initializing Spring embedded WebApplicationContext
2025-10-21 15:16:48.854 INFO  [restartedMain] [] o.s.b.w.s.c.ServletWebServerApplicationContext - Root WebApplicationContext: initialization completed in 1480 ms
2025-10-21 15:16:49.122 INFO  [restartedMain] [] o.h.jpa.internal.util.LogHelper - HHH000204: Processing PersistenceUnitInfo [name: default]
2025-10-21 15:16:49.190 INFO  [restartedMain] [] org.hibernate.Version - HHH000412: Hibernate ORM core version 6.6.29.Final
2025-10-21 15:16:49.198 INFO  [restartedMain] [] o.h.c.i.RegionFactoryInitiator - HHH000026: Second-level cache disabled
2025-10-21 15:16:49.547 INFO  [restartedMain] [] o.s.o.j.p.SpringPersistenceUnitInfo - No LoadTimeWeaver setup: ignoring JPA class transformer
2025-10-21 15:16:49.578 INFO  [restartedMain] [] com.zaxxer.hikari.HikariDataSource - HikariPool-1 - Starting...
2025-10-21 15:16:49.686 INFO  [restartedMain] [] com.zaxxer.hikari.pool.HikariPool - HikariPool-1 - Added connection com.p6spy.engine.wrapper.ConnectionWrapper@1c278d57
2025-10-21 15:16:49.687 INFO  [restartedMain] [] com.zaxxer.hikari.HikariDataSource - HikariPool-1 - Start completed.
2025-10-21 15:16:49.696 WARN  [restartedMain] [] org.hibernate.orm.deprecation - HHH90000025: MariaDBDialect does not need to be specified explicitly using 'hibernate.dialect' (remove the property setting and it will be selected by default)
2025-10-21 15:16:49.718 INFO  [restartedMain] [] o.hibernate.orm.connections.pooling - HHH10001005: Database info:
	Database JDBC URL [Connecting through datasource 'HikariDataSource (HikariPool-1)']
	Database driver: undefined/unknown
	Database version: 10.5.12
	Autocommit mode: undefined/unknown
	Isolation level: undefined/unknown
	Minimum pool size: undefined/unknown
	Maximum pool size: undefined/unknown
2025-10-21 15:16:50.352 INFO  [restartedMain] [] o.h.e.t.j.p.i.JtaPlatformInitiator - HHH000489: No JTA platform available (set 'hibernate.transaction.jta.platform' to enable JTA platform integration)
2025-10-21 15:16:50.590 INFO  [restartedMain] [] o.s.o.j.LocalContainerEntityManagerFactoryBean - Initialized JPA EntityManagerFactory for persistence unit 'default'
2025-10-21 15:16:50.792 INFO  [restartedMain] [] o.s.d.j.r.query.QueryEnhancerFactory - Hibernate is in classpath; If applicable, HQL parser will be used.
2025-10-21 15:16:51.745 WARN  [restartedMain] [] o.s.b.a.o.j.JpaBaseConfiguration$JpaWebConfiguration - spring.jpa.open-in-view is enabled by default. Therefore, database queries may be performed during view rendering. Explicitly configure spring.jpa.open-in-view to disable this warning
2025-10-21 15:16:51.833 INFO  [restartedMain] [] o.s.b.a.w.s.WelcomePageHandlerMapping - Adding welcome page template: index
2025-10-21 15:16:52.661 INFO  [restartedMain] [] o.s.b.d.a.OptionalLiveReloadServer - LiveReload server is running on port 35729
2025-10-21 15:16:52.681 INFO  [restartedMain] [] o.a.coyote.http11.Http11NioProtocol - Starting ProtocolHandler ["http-nio-8081"]
2025-10-21 15:16:52.713 INFO  [restartedMain] [] o.s.b.w.e.tomcat.TomcatWebServer - Tomcat started on port 8081 (http) with context path '/admin'
2025-10-21 15:16:52.723 INFO  [restartedMain] [] c.b.i.Ict05FinalAdminApplication - Started Ict05FinalAdminApplication in 5.765 seconds (process running for 6.04)
2025-10-21 15:16:54.489 INFO  [http-nio-8081-exec-1] [] o.a.c.c.C.[.[localhost].[/admin] - Initializing Spring DispatcherServlet 'dispatcherServlet'
2025-10-21 15:16:54.489 INFO  [http-nio-8081-exec-1] [] o.s.web.servlet.DispatcherServlet - Initializing Servlet 'dispatcherServlet'
2025-10-21 15:16:54.490 INFO  [http-nio-8081-exec-1] [] o.s.web.servlet.DispatcherServlet - Completed initialization in 1 ms
2025-10-21 15:16:54.669 INFO  [http-nio-8081-exec-1] [b550edcd] p6spy - #1761027414669 | took 0ms | resultset | connection -1| url 
select n1_0.notice_id,n1_0.member_id_fk,n1_0.notice_category,n1_0.notice_priority,n1_0.notice_status,n1_0.is_show,n1_0.notice_title,n1_0.notice_content,n1_0.writer,n1_0.notice_count,n1_0.notice_reg_date from notice n1_0 order by n1_0.notice_id desc limit ?,?
1 = 100, 2 = 100, 3 = 'EVENT', 4 = 'IMPORTANT', 5 = 'DELETED', 6 = false, 7 = '공지 제목 100', 8 = '공지 내용 100', 9 = '작성자01', 10 = 500, 11 = '2025-10-19T12:30:47.079+0900';
2025-10-21 15:16:54.670 INFO  [http-nio-8081-exec-1] [b550edcd] p6spy - #1761027414670 | took 0ms | resultset | connection -1| url 
select n1_0.notice_id,n1_0.member_id_fk,n1_0.notice_category,n1_0.notice_priority,n1_0.notice_status,n1_0.is_show,n1_0.notice_title,n1_0.notice_content,n1_0.writer,n1_0.notice_count,n1_0.notice_reg_date from notice n1_0 order by n1_0.notice_id desc limit ?,?
1 = 99, 2 = 99, 3 = 'SYSTEM', 4 = 'EMERGENCY', 5 = 'ACTIVE', 6 = true, 7 = '공지 제목 99', 8 = '공지 내용 99', 9 = '작성자10', 10 = 495, 11 = '2025-10-18T12:30:47.079+0900';
2025-10-21 15:16:54.671 INFO  [http-nio-8081-exec-1] [b550edcd] p6spy - #1761027414671 | took 0ms | resultset | connection -1| url 
select n1_0.notice_id,n1_0.member_id_fk,n1_0.notice_category,n1_0.notice_priority,n1_0.notice_status,n1_0.is_show,n1_0.notice_title,n1_0.notice_content,n1_0.writer,n1_0.notice_count,n1_0.notice_reg_date from notice n1_0 order by n1_0.notice_id desc limit ?,?
1 = 98, 2 = 98, 3 = 'POLICY', 4 = 'NORMAL', 5 = 'INACTIVE', 6 = false, 7 = '공지 제목 98', 8 = '공지 내용 98', 9 = '작성자09', 10 = 490, 11 = '2025-10-17T12:30:47.079+0900';
2025-10-21 15:16:54.671 INFO  [http-nio-8081-exec-1] [b550edcd] p6spy - #1761027414671 | took 0ms | resultset | connection -1| url 
select n1_0.notice_id,n1_0.member_id_fk,n1_0.notice_category,n1_0.notice_priority,n1_0.notice_status,n1_0.is_show,n1_0.notice_title,n1_0.notice_content,n1_0.writer,n1_0.notice_count,n1_0.notice_reg_date from notice n1_0 order by n1_0.notice_id desc limit ?,?
1 = 97, 2 = 97, 3 = 'NORMAL', 4 = 'IMPORTANT', 5 = 'DELETED', 6 = true, 7 = '공지 제목 97', 8 = '공지 내용 97', 9 = '작성자08', 10 = 485, 11 = '2025-10-16T12:30:47.079+0900';
2025-10-21 15:16:54.672 INFO  [http-nio-8081-exec-1] [b550edcd] p6spy - #1761027414672 | took 0ms | resultset | connection -1| url 
select n1_0.notice_id,n1_0.member_id_fk,n1_0.notice_category,n1_0.notice_priority,n1_0.notice_status,n1_0.is_show,n1_0.notice_title,n1_0.notice_content,n1_0.writer,n1_0.notice_count,n1_0.notice_reg_date from notice n1_0 order by n1_0.notice_id desc limit ?,?
1 = 96, 2 = 96, 3 = 'EVENT', 4 = 'EMERGENCY', 5 = 'ACTIVE', 6 = false, 7 = '공지 제목 96', 8 = '공지 내용 96', 9 = '작성자07', 10 = 480, 11 = '2025-10-15T12:30:47.079+0900';
2025-10-21 15:16:54.672 INFO  [http-nio-8081-exec-1] [b550edcd] p6spy - #1761027414672 | took 0ms | resultset | connection -1| url 
select n1_0.notice_id,n1_0.member_id_fk,n1_0.notice_category,n1_0.notice_priority,n1_0.notice_status,n1_0.is_show,n1_0.notice_title,n1_0.notice_content,n1_0.writer,n1_0.notice_count,n1_0.notice_reg_date from notice n1_0 order by n1_0.notice_id desc limit ?,?
1 = 95, 2 = 95, 3 = 'SYSTEM', 4 = 'NORMAL', 5 = 'INACTIVE', 6 = true, 7 = '공지 제목 95', 8 = '공지 내용 95', 9 = '작성자06', 10 = 475, 11 = '2025-10-14T12:30:47.079+0900';
2025-10-21 15:16:54.673 INFO  [http-nio-8081-exec-1] [b550edcd] p6spy - #1761027414673 | took 0ms | resultset | connection -1| url 
select n1_0.notice_id,n1_0.member_id_fk,n1_0.notice_category,n1_0.notice_priority,n1_0.notice_status,n1_0.is_show,n1_0.notice_title,n1_0.notice_content,n1_0.writer,n1_0.notice_count,n1_0.notice_reg_date from notice n1_0 order by n1_0.notice_id desc limit ?,?
1 = 94, 2 = 94, 3 = 'POLICY', 4 = 'IMPORTANT', 5 = 'DELETED', 6 = false, 7 = '공지 제목 94', 8 = '공지 내용 94', 9 = '작성자05', 10 = 470, 11 = '2025-10-13T12:30:47.079+0900';
2025-10-21 15:16:54.673 INFO  [http-nio-8081-exec-1] [b550edcd] p6spy - #1761027414673 | took 0ms | resultset | connection -1| url 
select n1_0.notice_id,n1_0.member_id_fk,n1_0.notice_category,n1_0.notice_priority,n1_0.notice_status,n1_0.is_show,n1_0.notice_title,n1_0.notice_content,n1_0.writer,n1_0.notice_count,n1_0.notice_reg_date from notice n1_0 order by n1_0.notice_id desc limit ?,?
1 = 93, 2 = 93, 3 = 'NORMAL', 4 = 'EMERGENCY', 5 = 'ACTIVE', 6 = true, 7 = '공지 제목 93', 8 = '공지 내용 93', 9 = '작성자04', 10 = 465, 11 = '2025-10-12T12:30:47.079+0900';
2025-10-21 15:16:54.674 INFO  [http-nio-8081-exec-1] [b550edcd] p6spy - #1761027414674 | took 0ms | resultset | connection -1| url 
select n1_0.notice_id,n1_0.member_id_fk,n1_0.notice_category,n1_0.notice_priority,n1_0.notice_status,n1_0.is_show,n1_0.notice_title,n1_0.notice_content,n1_0.writer,n1_0.notice_count,n1_0.notice_reg_date from notice n1_0 order by n1_0.notice_id desc limit ?,?
1 = 92, 2 = 92, 3 = 'EVENT', 4 = 'NORMAL', 5 = 'INACTIVE', 6 = false, 7 = '공지 제목 92', 8 = '공지 내용 92', 9 = '작성자03', 10 = 460, 11 = '2025-10-11T12:30:47.079+0900';
2025-10-21 15:16:54.674 INFO  [http-nio-8081-exec-1] [b550edcd] p6spy - #1761027414674 | took 0ms | resultset | connection -1| url 
select n1_0.notice_id,n1_0.member_id_fk,n1_0.notice_category,n1_0.notice_priority,n1_0.notice_status,n1_0.is_show,n1_0.notice_title,n1_0.notice_content,n1_0.writer,n1_0.notice_count,n1_0.notice_reg_date from notice n1_0 order by n1_0.notice_id desc limit ?,?
1 = 91, 2 = 91, 3 = 'SYSTEM', 4 = 'IMPORTANT', 5 = 'DELETED', 6 = true, 7 = '공지 제목 91', 8 = '공지 내용 91', 9 = '작성자02', 10 = 455, 11 = '2025-10-10T12:30:47.079+0900';
2025-10-21 15:16:54.692 INFO  [http-nio-8081-exec-1] [b550edcd] p6spy - #1761027414692 | took 0ms | resultset | connection -1| url 
select count(n1_0.notice_id) from notice n1_0
1 = 100;
2025-10-21 15:17:27.887 INFO  [background-preinit] [] o.h.validator.internal.util.Version - HV000001: Hibernate Validator 8.0.3.Final
2025-10-21 15:17:27.923 INFO  [restartedMain] [] c.b.i.Ict05FinalAdminApplication - Starting Ict05FinalAdminApplication using Java 17.0.12 with PID 19476 (D:\DEV05\workspace_IntelliJ\ict05_final_project\ict05_final_admin\build\classes\java\main started by ict1 in D:\DEV05\workspace_IntelliJ\ict05_final_project\ict05_final_admin)
2025-10-21 15:17:27.923 DEBUG [restartedMain] [] c.b.i.Ict05FinalAdminApplication - Running with Spring Boot v3.5.6, Spring v6.2.11
2025-10-21 15:17:27.923 INFO  [restartedMain] [] c.b.i.Ict05FinalAdminApplication - The following 1 profile is active: "dev"
2025-10-21 15:17:27.950 INFO  [restartedMain] [] o.s.b.d.e.DevToolsPropertyDefaultsPostProcessor - Devtools property defaults active! Set 'spring.devtools.add-properties' to 'false' to disable
2025-10-21 15:17:27.950 INFO  [restartedMain] [] o.s.b.d.e.DevToolsPropertyDefaultsPostProcessor - For additional web related logging consider setting the 'logging.level.web' property to 'DEBUG'
2025-10-21 15:17:28.580 INFO  [restartedMain] [] o.s.d.r.c.RepositoryConfigurationDelegate - Bootstrapping Spring Data JPA repositories in DEFAULT mode.
2025-10-21 15:17:28.653 INFO  [restartedMain] [] o.s.d.r.c.RepositoryConfigurationDelegate - Finished Spring Data repository scanning in 62 ms. Found 9 JPA repository interfaces.
2025-10-21 15:17:29.185 INFO  [restartedMain] [] o.s.b.w.e.tomcat.TomcatWebServer - Tomcat initialized with port 8081 (http)
2025-10-21 15:17:29.196 INFO  [restartedMain] [] o.a.coyote.http11.Http11NioProtocol - Initializing ProtocolHandler ["http-nio-8081"]
2025-10-21 15:17:29.198 INFO  [restartedMain] [] o.a.catalina.core.StandardService - Starting service [Tomcat]
2025-10-21 15:17:29.198 INFO  [restartedMain] [] o.a.catalina.core.StandardEngine - Starting Servlet engine: [Apache Tomcat/10.1.46]
2025-10-21 15:17:29.246 INFO  [restartedMain] [] o.a.c.c.C.[.[localhost].[/admin] - Initializing Spring embedded WebApplicationContext
2025-10-21 15:17:29.262 INFO  [restartedMain] [] o.s.b.w.s.c.ServletWebServerApplicationContext - Root WebApplicationContext: initialization completed in 1281 ms
2025-10-21 15:17:29.496 INFO  [restartedMain] [] o.h.jpa.internal.util.LogHelper - HHH000204: Processing PersistenceUnitInfo [name: default]
2025-10-21 15:17:29.731 INFO  [restartedMain] [] org.hibernate.Version - HHH000412: Hibernate ORM core version 6.6.29.Final
2025-10-21 15:17:29.748 INFO  [restartedMain] [] o.h.c.i.RegionFactoryInitiator - HHH000026: Second-level cache disabled
2025-10-21 15:17:29.965 INFO  [restartedMain] [] o.s.o.j.p.SpringPersistenceUnitInfo - No LoadTimeWeaver setup: ignoring JPA class transformer
2025-10-21 15:17:30.000 INFO  [restartedMain] [] com.zaxxer.hikari.HikariDataSource - HikariPool-1 - Starting...
2025-10-21 15:17:30.137 INFO  [restartedMain] [] com.zaxxer.hikari.pool.HikariPool - HikariPool-1 - Added connection com.p6spy.engine.wrapper.ConnectionWrapper@79f77b61
2025-10-21 15:17:30.137 INFO  [restartedMain] [] com.zaxxer.hikari.HikariDataSource - HikariPool-1 - Start completed.
2025-10-21 15:17:30.153 WARN  [restartedMain] [] org.hibernate.orm.deprecation - HHH90000025: MariaDBDialect does not need to be specified explicitly using 'hibernate.dialect' (remove the property setting and it will be selected by default)
2025-10-21 15:17:30.172 INFO  [restartedMain] [] o.hibernate.orm.connections.pooling - HHH10001005: Database info:
	Database JDBC URL [Connecting through datasource 'HikariDataSource (HikariPool-1)']
	Database driver: undefined/unknown
	Database version: 10.5.12
	Autocommit mode: undefined/unknown
	Isolation level: undefined/unknown
	Minimum pool size: undefined/unknown
	Maximum pool size: undefined/unknown
2025-10-21 15:17:30.732 INFO  [restartedMain] [] o.h.e.t.j.p.i.JtaPlatformInitiator - HHH000489: No JTA platform available (set 'hibernate.transaction.jta.platform' to enable JTA platform integration)
2025-10-21 15:17:30.985 INFO  [restartedMain] [] o.s.o.j.LocalContainerEntityManagerFactoryBean - Initialized JPA EntityManagerFactory for persistence unit 'default'
2025-10-21 15:17:31.179 INFO  [restartedMain] [] o.s.d.j.r.query.QueryEnhancerFactory - Hibernate is in classpath; If applicable, HQL parser will be used.
2025-10-21 15:17:32.098 WARN  [restartedMain] [] o.s.b.a.o.j.JpaBaseConfiguration$JpaWebConfiguration - spring.jpa.open-in-view is enabled by default. Therefore, database queries may be performed during view rendering. Explicitly configure spring.jpa.open-in-view to disable this warning
2025-10-21 15:17:32.137 INFO  [restartedMain] [] o.s.b.a.w.s.WelcomePageHandlerMapping - Adding welcome page template: index
2025-10-21 15:17:32.746 INFO  [restartedMain] [] o.s.b.d.a.OptionalLiveReloadServer - LiveReload server is running on port 35729
2025-10-21 15:17:32.763 INFO  [restartedMain] [] o.a.coyote.http11.Http11NioProtocol - Starting ProtocolHandler ["http-nio-8081"]
2025-10-21 15:17:32.778 INFO  [restartedMain] [] o.s.b.w.e.tomcat.TomcatWebServer - Tomcat started on port 8081 (http) with context path '/admin'
2025-10-21 15:17:32.778 INFO  [restartedMain] [] c.b.i.Ict05FinalAdminApplication - Started Ict05FinalAdminApplication in 5.233 seconds (process running for 5.505)
2025-10-21 15:17:34.476 INFO  [http-nio-8081-exec-1] [] o.a.c.c.C.[.[localhost].[/admin] - Initializing Spring DispatcherServlet 'dispatcherServlet'
2025-10-21 15:17:34.476 INFO  [http-nio-8081-exec-1] [] o.s.web.servlet.DispatcherServlet - Initializing Servlet 'dispatcherServlet'
2025-10-21 15:17:34.477 INFO  [http-nio-8081-exec-1] [] o.s.web.servlet.DispatcherServlet - Completed initialization in 1 ms
2025-10-21 15:17:34.680 INFO  [http-nio-8081-exec-1] [973cfd09] p6spy - #1761027454679 | took 0ms | resultset | connection -1| url 
select n1_0.notice_id,n1_0.member_id_fk,n1_0.notice_category,n1_0.notice_priority,n1_0.notice_status,n1_0.is_show,n1_0.notice_title,n1_0.notice_content,n1_0.writer,n1_0.notice_count,n1_0.notice_reg_date from notice n1_0 order by n1_0.notice_id desc limit ?,?
1 = 100, 2 = 100, 3 = 'EVENT', 4 = 'IMPORTANT', 5 = 'DELETED', 6 = false, 7 = '공지 제목 100', 8 = '공지 내용 100', 9 = '작성자01', 10 = 500, 11 = '2025-10-19T12:30:47.079+0900';
2025-10-21 15:17:34.680 INFO  [http-nio-8081-exec-1] [973cfd09] p6spy - #1761027454680 | took 0ms | resultset | connection -1| url 
select n1_0.notice_id,n1_0.member_id_fk,n1_0.notice_category,n1_0.notice_priority,n1_0.notice_status,n1_0.is_show,n1_0.notice_title,n1_0.notice_content,n1_0.writer,n1_0.notice_count,n1_0.notice_reg_date from notice n1_0 order by n1_0.notice_id desc limit ?,?
1 = 99, 2 = 99, 3 = 'SYSTEM', 4 = 'EMERGENCY', 5 = 'ACTIVE', 6 = true, 7 = '공지 제목 99', 8 = '공지 내용 99', 9 = '작성자10', 10 = 495, 11 = '2025-10-18T12:30:47.079+0900';
2025-10-21 15:17:34.680 INFO  [http-nio-8081-exec-1] [973cfd09] p6spy - #1761027454680 | took 0ms | resultset | connection -1| url 
select n1_0.notice_id,n1_0.member_id_fk,n1_0.notice_category,n1_0.notice_priority,n1_0.notice_status,n1_0.is_show,n1_0.notice_title,n1_0.notice_content,n1_0.writer,n1_0.notice_count,n1_0.notice_reg_date from notice n1_0 order by n1_0.notice_id desc limit ?,?
1 = 98, 2 = 98, 3 = 'POLICY', 4 = 'NORMAL', 5 = 'INACTIVE', 6 = false, 7 = '공지 제목 98', 8 = '공지 내용 98', 9 = '작성자09', 10 = 490, 11 = '2025-10-17T12:30:47.079+0900';
2025-10-21 15:17:34.681 INFO  [http-nio-8081-exec-1] [973cfd09] p6spy - #1761027454681 | took 0ms | resultset | connection -1| url 
select n1_0.notice_id,n1_0.member_id_fk,n1_0.notice_category,n1_0.notice_priority,n1_0.notice_status,n1_0.is_show,n1_0.notice_title,n1_0.notice_content,n1_0.writer,n1_0.notice_count,n1_0.notice_reg_date from notice n1_0 order by n1_0.notice_id desc limit ?,?
1 = 97, 2 = 97, 3 = 'NORMAL', 4 = 'IMPORTANT', 5 = 'DELETED', 6 = true, 7 = '공지 제목 97', 8 = '공지 내용 97', 9 = '작성자08', 10 = 485, 11 = '2025-10-16T12:30:47.079+0900';
2025-10-21 15:17:34.681 INFO  [http-nio-8081-exec-1] [973cfd09] p6spy - #1761027454681 | took 0ms | resultset | connection -1| url 
select n1_0.notice_id,n1_0.member_id_fk,n1_0.notice_category,n1_0.notice_priority,n1_0.notice_status,n1_0.is_show,n1_0.notice_title,n1_0.notice_content,n1_0.writer,n1_0.notice_count,n1_0.notice_reg_date from notice n1_0 order by n1_0.notice_id desc limit ?,?
1 = 96, 2 = 96, 3 = 'EVENT', 4 = 'EMERGENCY', 5 = 'ACTIVE', 6 = false, 7 = '공지 제목 96', 8 = '공지 내용 96', 9 = '작성자07', 10 = 480, 11 = '2025-10-15T12:30:47.079+0900';
2025-10-21 15:17:34.681 INFO  [http-nio-8081-exec-1] [973cfd09] p6spy - #1761027454681 | took 0ms | resultset | connection -1| url 
select n1_0.notice_id,n1_0.member_id_fk,n1_0.notice_category,n1_0.notice_priority,n1_0.notice_status,n1_0.is_show,n1_0.notice_title,n1_0.notice_content,n1_0.writer,n1_0.notice_count,n1_0.notice_reg_date from notice n1_0 order by n1_0.notice_id desc limit ?,?
1 = 95, 2 = 95, 3 = 'SYSTEM', 4 = 'NORMAL', 5 = 'INACTIVE', 6 = true, 7 = '공지 제목 95', 8 = '공지 내용 95', 9 = '작성자06', 10 = 475, 11 = '2025-10-14T12:30:47.079+0900';
2025-10-21 15:17:34.681 INFO  [http-nio-8081-exec-1] [973cfd09] p6spy - #1761027454681 | took 0ms | resultset | connection -1| url 
select n1_0.notice_id,n1_0.member_id_fk,n1_0.notice_category,n1_0.notice_priority,n1_0.notice_status,n1_0.is_show,n1_0.notice_title,n1_0.notice_content,n1_0.writer,n1_0.notice_count,n1_0.notice_reg_date from notice n1_0 order by n1_0.notice_id desc limit ?,?
1 = 94, 2 = 94, 3 = 'POLICY', 4 = 'IMPORTANT', 5 = 'DELETED', 6 = false, 7 = '공지 제목 94', 8 = '공지 내용 94', 9 = '작성자05', 10 = 470, 11 = '2025-10-13T12:30:47.079+0900';
2025-10-21 15:17:34.682 INFO  [http-nio-8081-exec-1] [973cfd09] p6spy - #1761027454682 | took 0ms | resultset | connection -1| url 
select n1_0.notice_id,n1_0.member_id_fk,n1_0.notice_category,n1_0.notice_priority,n1_0.notice_status,n1_0.is_show,n1_0.notice_title,n1_0.notice_content,n1_0.writer,n1_0.notice_count,n1_0.notice_reg_date from notice n1_0 order by n1_0.notice_id desc limit ?,?
1 = 93, 2 = 93, 3 = 'NORMAL', 4 = 'EMERGENCY', 5 = 'ACTIVE', 6 = true, 7 = '공지 제목 93', 8 = '공지 내용 93', 9 = '작성자04', 10 = 465, 11 = '2025-10-12T12:30:47.079+0900';
2025-10-21 15:17:34.683 INFO  [http-nio-8081-exec-1] [973cfd09] p6spy - #1761027454682 | took 0ms | resultset | connection -1| url 
select n1_0.notice_id,n1_0.member_id_fk,n1_0.notice_category,n1_0.notice_priority,n1_0.notice_status,n1_0.is_show,n1_0.notice_title,n1_0.notice_content,n1_0.writer,n1_0.notice_count,n1_0.notice_reg_date from notice n1_0 order by n1_0.notice_id desc limit ?,?
1 = 92, 2 = 92, 3 = 'EVENT', 4 = 'NORMAL', 5 = 'INACTIVE', 6 = false, 7 = '공지 제목 92', 8 = '공지 내용 92', 9 = '작성자03', 10 = 460, 11 = '2025-10-11T12:30:47.079+0900';
2025-10-21 15:17:34.683 INFO  [http-nio-8081-exec-1] [973cfd09] p6spy - #1761027454683 | took 0ms | resultset | connection -1| url 
select n1_0.notice_id,n1_0.member_id_fk,n1_0.notice_category,n1_0.notice_priority,n1_0.notice_status,n1_0.is_show,n1_0.notice_title,n1_0.notice_content,n1_0.writer,n1_0.notice_count,n1_0.notice_reg_date from notice n1_0 order by n1_0.notice_id desc limit ?,?
1 = 91, 2 = 91, 3 = 'SYSTEM', 4 = 'IMPORTANT', 5 = 'DELETED', 6 = true, 7 = '공지 제목 91', 8 = '공지 내용 91', 9 = '작성자02', 10 = 455, 11 = '2025-10-10T12:30:47.079+0900';
2025-10-21 15:17:34.700 INFO  [http-nio-8081-exec-1] [973cfd09] p6spy - #1761027454700 | took 0ms | resultset | connection -1| url 
select count(n1_0.notice_id) from notice n1_0
1 = 100;
2025-10-21 15:18:25.681 INFO  [background-preinit] [] o.h.validator.internal.util.Version - HV000001: Hibernate Validator 8.0.3.Final
2025-10-21 15:18:25.709 INFO  [restartedMain] [] c.b.i.Ict05FinalAdminApplication - Starting Ict05FinalAdminApplication using Java 17.0.12 with PID 5132 (D:\DEV05\workspace_IntelliJ\ict05_final_project\ict05_final_admin\build\classes\java\main started by ict1 in D:\DEV05\workspace_IntelliJ\ict05_final_project\ict05_final_admin)
2025-10-21 15:18:25.709 DEBUG [restartedMain] [] c.b.i.Ict05FinalAdminApplication - Running with Spring Boot v3.5.6, Spring v6.2.11
2025-10-21 15:18:25.709 INFO  [restartedMain] [] c.b.i.Ict05FinalAdminApplication - The following 1 profile is active: "dev"
2025-10-21 15:18:25.731 INFO  [restartedMain] [] o.s.b.d.e.DevToolsPropertyDefaultsPostProcessor - Devtools property defaults active! Set 'spring.devtools.add-properties' to 'false' to disable
2025-10-21 15:18:25.731 INFO  [restartedMain] [] o.s.b.d.e.DevToolsPropertyDefaultsPostProcessor - For additional web related logging consider setting the 'logging.level.web' property to 'DEBUG'
2025-10-21 15:18:26.391 INFO  [restartedMain] [] o.s.d.r.c.RepositoryConfigurationDelegate - Bootstrapping Spring Data JPA repositories in DEFAULT mode.
2025-10-21 15:18:26.468 INFO  [restartedMain] [] o.s.d.r.c.RepositoryConfigurationDelegate - Finished Spring Data repository scanning in 64 ms. Found 9 JPA repository interfaces.
2025-10-21 15:18:27.067 INFO  [restartedMain] [] o.s.b.w.e.tomcat.TomcatWebServer - Tomcat initialized with port 8081 (http)
2025-10-21 15:18:27.090 INFO  [restartedMain] [] o.a.coyote.http11.Http11NioProtocol - Initializing ProtocolHandler ["http-nio-8081"]
2025-10-21 15:18:27.092 INFO  [restartedMain] [] o.a.catalina.core.StandardService - Starting service [Tomcat]
2025-10-21 15:18:27.092 INFO  [restartedMain] [] o.a.catalina.core.StandardEngine - Starting Servlet engine: [Apache Tomcat/10.1.46]
2025-10-21 15:18:27.159 INFO  [restartedMain] [] o.a.c.c.C.[.[localhost].[/admin] - Initializing Spring embedded WebApplicationContext
2025-10-21 15:18:27.160 INFO  [restartedMain] [] o.s.b.w.s.c.ServletWebServerApplicationContext - Root WebApplicationContext: initialization completed in 1428 ms
2025-10-21 15:18:27.406 INFO  [restartedMain] [] o.h.jpa.internal.util.LogHelper - HHH000204: Processing PersistenceUnitInfo [name: default]
2025-10-21 15:18:27.464 INFO  [restartedMain] [] org.hibernate.Version - HHH000412: Hibernate ORM core version 6.6.29.Final
2025-10-21 15:18:27.500 INFO  [restartedMain] [] o.h.c.i.RegionFactoryInitiator - HHH000026: Second-level cache disabled
2025-10-21 15:18:27.784 INFO  [restartedMain] [] o.s.o.j.p.SpringPersistenceUnitInfo - No LoadTimeWeaver setup: ignoring JPA class transformer
2025-10-21 15:18:27.820 INFO  [restartedMain] [] com.zaxxer.hikari.HikariDataSource - HikariPool-1 - Starting...
2025-10-21 15:18:28.004 INFO  [restartedMain] [] com.zaxxer.hikari.pool.HikariPool - HikariPool-1 - Added connection com.p6spy.engine.wrapper.ConnectionWrapper@362e93cf
2025-10-21 15:18:28.006 INFO  [restartedMain] [] com.zaxxer.hikari.HikariDataSource - HikariPool-1 - Start completed.
2025-10-21 15:18:28.024 WARN  [restartedMain] [] org.hibernate.orm.deprecation - HHH90000025: MariaDBDialect does not need to be specified explicitly using 'hibernate.dialect' (remove the property setting and it will be selected by default)
2025-10-21 15:18:28.039 INFO  [restartedMain] [] o.hibernate.orm.connections.pooling - HHH10001005: Database info:
	Database JDBC URL [Connecting through datasource 'HikariDataSource (HikariPool-1)']
	Database driver: undefined/unknown
	Database version: 10.5.12
	Autocommit mode: undefined/unknown
	Isolation level: undefined/unknown
	Minimum pool size: undefined/unknown
	Maximum pool size: undefined/unknown
2025-10-21 15:18:28.628 INFO  [restartedMain] [] o.h.e.t.j.p.i.JtaPlatformInitiator - HHH000489: No JTA platform available (set 'hibernate.transaction.jta.platform' to enable JTA platform integration)
2025-10-21 15:18:28.942 INFO  [restartedMain] [] o.s.o.j.LocalContainerEntityManagerFactoryBean - Initialized JPA EntityManagerFactory for persistence unit 'default'
2025-10-21 15:18:29.140 INFO  [restartedMain] [] o.s.d.j.r.query.QueryEnhancerFactory - Hibernate is in classpath; If applicable, HQL parser will be used.
2025-10-21 15:18:30.013 WARN  [restartedMain] [] o.s.b.a.o.j.JpaBaseConfiguration$JpaWebConfiguration - spring.jpa.open-in-view is enabled by default. Therefore, database queries may be performed during view rendering. Explicitly configure spring.jpa.open-in-view to disable this warning
2025-10-21 15:18:30.048 INFO  [restartedMain] [] o.s.b.a.w.s.WelcomePageHandlerMapping - Adding welcome page template: index
2025-10-21 15:18:30.672 INFO  [restartedMain] [] o.s.b.d.a.OptionalLiveReloadServer - LiveReload server is running on port 35729
2025-10-21 15:18:30.672 INFO  [restartedMain] [] o.a.coyote.http11.Http11NioProtocol - Starting ProtocolHandler ["http-nio-8081"]
2025-10-21 15:18:30.688 INFO  [restartedMain] [] o.s.b.w.e.tomcat.TomcatWebServer - Tomcat started on port 8081 (http) with context path '/admin'
2025-10-21 15:18:30.704 INFO  [restartedMain] [] c.b.i.Ict05FinalAdminApplication - Started Ict05FinalAdminApplication in 5.383 seconds (process running for 5.656)
2025-10-21 15:18:31.804 INFO  [http-nio-8081-exec-1] [] o.a.c.c.C.[.[localhost].[/admin] - Initializing Spring DispatcherServlet 'dispatcherServlet'
2025-10-21 15:18:31.804 INFO  [http-nio-8081-exec-1] [] o.s.web.servlet.DispatcherServlet - Initializing Servlet 'dispatcherServlet'
2025-10-21 15:18:31.804 INFO  [http-nio-8081-exec-1] [] o.s.web.servlet.DispatcherServlet - Completed initialization in 0 ms
2025-10-21 15:18:32.004 INFO  [http-nio-8081-exec-1] [f95b832c] p6spy - #1761027512004 | took 0ms | resultset | connection -1| url 
select n1_0.notice_id,n1_0.member_id_fk,n1_0.notice_category,n1_0.notice_priority,n1_0.notice_status,n1_0.is_show,n1_0.notice_title,n1_0.notice_content,n1_0.writer,n1_0.notice_count,n1_0.notice_reg_date from notice n1_0 order by n1_0.notice_id desc limit ?,?
1 = 100, 2 = 100, 3 = 'EVENT', 4 = 'IMPORTANT', 5 = 'DELETED', 6 = false, 7 = '공지 제목 100', 8 = '공지 내용 100', 9 = '작성자01', 10 = 500, 11 = '2025-10-19T12:30:47.079+0900';
2025-10-21 15:18:32.005 INFO  [http-nio-8081-exec-1] [f95b832c] p6spy - #1761027512005 | took 0ms | resultset | connection -1| url 
select n1_0.notice_id,n1_0.member_id_fk,n1_0.notice_category,n1_0.notice_priority,n1_0.notice_status,n1_0.is_show,n1_0.notice_title,n1_0.notice_content,n1_0.writer,n1_0.notice_count,n1_0.notice_reg_date from notice n1_0 order by n1_0.notice_id desc limit ?,?
1 = 99, 2 = 99, 3 = 'SYSTEM', 4 = 'EMERGENCY', 5 = 'ACTIVE', 6 = true, 7 = '공지 제목 99', 8 = '공지 내용 99', 9 = '작성자10', 10 = 495, 11 = '2025-10-18T12:30:47.079+0900';
2025-10-21 15:18:32.005 INFO  [http-nio-8081-exec-1] [f95b832c] p6spy - #1761027512005 | took 0ms | resultset | connection -1| url 
select n1_0.notice_id,n1_0.member_id_fk,n1_0.notice_category,n1_0.notice_priority,n1_0.notice_status,n1_0.is_show,n1_0.notice_title,n1_0.notice_content,n1_0.writer,n1_0.notice_count,n1_0.notice_reg_date from notice n1_0 order by n1_0.notice_id desc limit ?,?
1 = 98, 2 = 98, 3 = 'POLICY', 4 = 'NORMAL', 5 = 'INACTIVE', 6 = false, 7 = '공지 제목 98', 8 = '공지 내용 98', 9 = '작성자09', 10 = 490, 11 = '2025-10-17T12:30:47.079+0900';
2025-10-21 15:18:32.005 INFO  [http-nio-8081-exec-1] [f95b832c] p6spy - #1761027512005 | took 0ms | resultset | connection -1| url 
select n1_0.notice_id,n1_0.member_id_fk,n1_0.notice_category,n1_0.notice_priority,n1_0.notice_status,n1_0.is_show,n1_0.notice_title,n1_0.notice_content,n1_0.writer,n1_0.notice_count,n1_0.notice_reg_date from notice n1_0 order by n1_0.notice_id desc limit ?,?
1 = 97, 2 = 97, 3 = 'NORMAL', 4 = 'IMPORTANT', 5 = 'DELETED', 6 = true, 7 = '공지 제목 97', 8 = '공지 내용 97', 9 = '작성자08', 10 = 485, 11 = '2025-10-16T12:30:47.079+0900';
2025-10-21 15:18:32.005 INFO  [http-nio-8081-exec-1] [f95b832c] p6spy - #1761027512005 | took 0ms | resultset | connection -1| url 
select n1_0.notice_id,n1_0.member_id_fk,n1_0.notice_category,n1_0.notice_priority,n1_0.notice_status,n1_0.is_show,n1_0.notice_title,n1_0.notice_content,n1_0.writer,n1_0.notice_count,n1_0.notice_reg_date from notice n1_0 order by n1_0.notice_id desc limit ?,?
1 = 96, 2 = 96, 3 = 'EVENT', 4 = 'EMERGENCY', 5 = 'ACTIVE', 6 = false, 7 = '공지 제목 96', 8 = '공지 내용 96', 9 = '작성자07', 10 = 480, 11 = '2025-10-15T12:30:47.079+0900';
2025-10-21 15:18:32.005 INFO  [http-nio-8081-exec-1] [f95b832c] p6spy - #1761027512005 | took 0ms | resultset | connection -1| url 
select n1_0.notice_id,n1_0.member_id_fk,n1_0.notice_category,n1_0.notice_priority,n1_0.notice_status,n1_0.is_show,n1_0.notice_title,n1_0.notice_content,n1_0.writer,n1_0.notice_count,n1_0.notice_reg_date from notice n1_0 order by n1_0.notice_id desc limit ?,?
1 = 95, 2 = 95, 3 = 'SYSTEM', 4 = 'NORMAL', 5 = 'INACTIVE', 6 = true, 7 = '공지 제목 95', 8 = '공지 내용 95', 9 = '작성자06', 10 = 475, 11 = '2025-10-14T12:30:47.079+0900';
2025-10-21 15:18:32.005 INFO  [http-nio-8081-exec-1] [f95b832c] p6spy - #1761027512005 | took 0ms | resultset | connection -1| url 
select n1_0.notice_id,n1_0.member_id_fk,n1_0.notice_category,n1_0.notice_priority,n1_0.notice_status,n1_0.is_show,n1_0.notice_title,n1_0.notice_content,n1_0.writer,n1_0.notice_count,n1_0.notice_reg_date from notice n1_0 order by n1_0.notice_id desc limit ?,?
1 = 94, 2 = 94, 3 = 'POLICY', 4 = 'IMPORTANT', 5 = 'DELETED', 6 = false, 7 = '공지 제목 94', 8 = '공지 내용 94', 9 = '작성자05', 10 = 470, 11 = '2025-10-13T12:30:47.079+0900';
2025-10-21 15:18:32.005 INFO  [http-nio-8081-exec-1] [f95b832c] p6spy - #1761027512005 | took 0ms | resultset | connection -1| url 
select n1_0.notice_id,n1_0.member_id_fk,n1_0.notice_category,n1_0.notice_priority,n1_0.notice_status,n1_0.is_show,n1_0.notice_title,n1_0.notice_content,n1_0.writer,n1_0.notice_count,n1_0.notice_reg_date from notice n1_0 order by n1_0.notice_id desc limit ?,?
1 = 93, 2 = 93, 3 = 'NORMAL', 4 = 'EMERGENCY', 5 = 'ACTIVE', 6 = true, 7 = '공지 제목 93', 8 = '공지 내용 93', 9 = '작성자04', 10 = 465, 11 = '2025-10-12T12:30:47.079+0900';
2025-10-21 15:18:32.005 INFO  [http-nio-8081-exec-1] [f95b832c] p6spy - #1761027512005 | took 0ms | resultset | connection -1| url 
select n1_0.notice_id,n1_0.member_id_fk,n1_0.notice_category,n1_0.notice_priority,n1_0.notice_status,n1_0.is_show,n1_0.notice_title,n1_0.notice_content,n1_0.writer,n1_0.notice_count,n1_0.notice_reg_date from notice n1_0 order by n1_0.notice_id desc limit ?,?
1 = 92, 2 = 92, 3 = 'EVENT', 4 = 'NORMAL', 5 = 'INACTIVE', 6 = false, 7 = '공지 제목 92', 8 = '공지 내용 92', 9 = '작성자03', 10 = 460, 11 = '2025-10-11T12:30:47.079+0900';
2025-10-21 15:18:32.005 INFO  [http-nio-8081-exec-1] [f95b832c] p6spy - #1761027512005 | took 0ms | resultset | connection -1| url 
select n1_0.notice_id,n1_0.member_id_fk,n1_0.notice_category,n1_0.notice_priority,n1_0.notice_status,n1_0.is_show,n1_0.notice_title,n1_0.notice_content,n1_0.writer,n1_0.notice_count,n1_0.notice_reg_date from notice n1_0 order by n1_0.notice_id desc limit ?,?
1 = 91, 2 = 91, 3 = 'SYSTEM', 4 = 'IMPORTANT', 5 = 'DELETED', 6 = true, 7 = '공지 제목 91', 8 = '공지 내용 91', 9 = '작성자02', 10 = 455, 11 = '2025-10-10T12:30:47.079+0900';
2025-10-21 15:18:32.024 INFO  [http-nio-8081-exec-1] [f95b832c] p6spy - #1761027512024 | took 0ms | resultset | connection -1| url 
select count(n1_0.notice_id) from notice n1_0
1 = 100;
2025-10-21 15:24:31.587 INFO  [http-nio-8081-exec-9] [0bc4dbd5] p6spy - #1761027871587 | took 0ms | resultset | connection -1| url 
select m1_0.material_id,m1_0.material_code,m1_0.material_category,m1_0.material_name,m1_0.material_base_unit,m1_0.material_sales_unit,m1_0.material_supplier,m1_0.material_temperature,m1_0.material_status from material m1_0 where ?=? order by m1_0.material_id desc limit ?,?
1 = 4, 2 = 'BAS0004', 3 = 'BASE', 4 = '콘', 5 = 'g', 6 = '개', 7 = '동원F&B', 8 = 'TEMPERATURE', 9 = 'USE';
2025-10-21 15:24:31.587 INFO  [http-nio-8081-exec-9] [0bc4dbd5] p6spy - #1761027871587 | took 0ms | resultset | connection -1| url 
select m1_0.material_id,m1_0.material_code,m1_0.material_category,m1_0.material_name,m1_0.material_base_unit,m1_0.material_sales_unit,m1_0.material_supplier,m1_0.material_temperature,m1_0.material_status from material m1_0 where ?=? order by m1_0.material_id desc limit ?,?
1 = 3, 2 = 'BAS0003', 3 = 'BASE', 4 = '치즈(모짜)', 5 = '개', 6 = '개', 7 = '서울우유', 8 = 'REFRIGERATE', 9 = 'USE';
2025-10-21 15:24:31.587 INFO  [http-nio-8081-exec-9] [0bc4dbd5] p6spy - #1761027871587 | took 0ms | resultset | connection -1| url 
select m1_0.material_id,m1_0.material_code,m1_0.material_category,m1_0.material_name,m1_0.material_base_unit,m1_0.material_sales_unit,m1_0.material_supplier,m1_0.material_temperature,m1_0.material_status from material m1_0 where ?=? order by m1_0.material_id desc limit ?,?
1 = 2, 2 = 'BAS0002', 3 = 'BASE', 4 = '치즈(체다)', 5 = '개', 6 = '개', 7 = '서울우유', 8 = 'REFRIGERATE', 9 = 'USE';
2025-10-21 15:24:31.587 INFO  [http-nio-8081-exec-9] [0bc4dbd5] p6spy - #1761027871587 | took 0ms | resultset | connection -1| url 
select m1_0.material_id,m1_0.material_code,m1_0.material_category,m1_0.material_name,m1_0.material_base_unit,m1_0.material_sales_unit,m1_0.material_supplier,m1_0.material_temperature,m1_0.material_status from material m1_0 where ?=? order by m1_0.material_id desc limit ?,?
1 = 1, 2 = 'BAS0001', 3 = 'BASE', 4 = '햄', 5 = '개', 6 = '개', 7 = 'CJ제일제당', 8 = 'REFRIGERATE', 9 = 'USE';
2025-10-21 15:24:31.600 INFO  [http-nio-8081-exec-9] [0bc4dbd5] p6spy - #1761027871600 | took 0ms | resultset | connection -1| url 
select count(m1_0.material_id) from material m1_0 where ?=? limit ?
1 = 54;
2025-10-21 15:24:33.295 INFO  [http-nio-8081-exec-3] [6c73a269] p6spy - #1761027873295 | took 0ms | resultset | connection -1| url 
select m1_0.material_id,m1_0.material_code,m1_0.material_category,m1_0.material_name,m1_0.material_base_unit,m1_0.material_sales_unit,m1_0.material_supplier,m1_0.material_temperature,m1_0.material_status from material m1_0 where ?=? order by m1_0.material_id desc limit ?,?
1 = 54, 2 = 'ETC0004', 3 = 'ETC', 4 = '냅킨', 5 = '개', 6 = '개', 7 = '유한킴벌리', 8 = 'TEMPERATURE', 9 = 'USE';
2025-10-21 15:24:33.296 INFO  [http-nio-8081-exec-3] [6c73a269] p6spy - #1761027873296 | took 0ms | resultset | connection -1| url 
select m1_0.material_id,m1_0.material_code,m1_0.material_category,m1_0.material_name,m1_0.material_base_unit,m1_0.material_sales_unit,m1_0.material_supplier,m1_0.material_temperature,m1_0.material_status from material m1_0 where ?=? order by m1_0.material_id desc limit ?,?
1 = 53, 2 = 'PAC0009', 3 = 'PACKAGE', 4 = '비닐캐리어 2구', 5 = '개', 6 = '개', 7 = 'LG생활건강', 8 = 'TEMPERATURE', 9 = 'USE';
2025-10-21 15:24:33.296 INFO  [http-nio-8081-exec-3] [6c73a269] p6spy - #1761027873296 | took 0ms | resultset | connection -1| url 
select m1_0.material_id,m1_0.material_code,m1_0.material_category,m1_0.material_name,m1_0.material_base_unit,m1_0.material_sales_unit,m1_0.material_supplier,m1_0.material_temperature,m1_0.material_status from material m1_0 where ?=? order by m1_0.material_id desc limit ?,?
1 = 52, 2 = 'PAC0008', 3 = 'PACKAGE', 4 = '비닐캐리어 1구', 5 = '개', 6 = '개', 7 = 'LG생활건강', 8 = 'TEMPERATURE', 9 = 'USE';
2025-10-21 15:24:33.297 INFO  [http-nio-8081-exec-3] [6c73a269] p6spy - #1761027873297 | took 0ms | resultset | connection -1| url 
select m1_0.material_id,m1_0.material_code,m1_0.material_category,m1_0.material_name,m1_0.material_base_unit,m1_0.material_sales_unit,m1_0.material_supplier,m1_0.material_temperature,m1_0.material_status from material m1_0 where ?=? order by m1_0.material_id desc limit ?,?
1 = 51, 2 = 'PAC0007', 3 = 'PACKAGE', 4 = '컵홀더', 5 = '개', 6 = '개', 7 = '한솔제지', 8 = 'TEMPERATURE', 9 = 'USE';
2025-10-21 15:24:33.297 INFO  [http-nio-8081-exec-3] [6c73a269] p6spy - #1761027873297 | took 0ms | resultset | connection -1| url 
select m1_0.material_id,m1_0.material_code,m1_0.material_category,m1_0.material_name,m1_0.material_base_unit,m1_0.material_sales_unit,m1_0.material_supplier,m1_0.material_temperature,m1_0.material_status from material m1_0 where ?=? order by m1_0.material_id desc limit ?,?
1 = 50, 2 = 'PAC0006', 3 = 'PACKAGE', 4 = '돔뚜껑', 5 = '개', 6 = '개', 7 = '한솔제지', 8 = 'TEMPERATURE', 9 = 'USE';
2025-10-21 15:24:33.298 INFO  [http-nio-8081-exec-3] [6c73a269] p6spy - #1761027873298 | took 0ms | resultset | connection -1| url 
select m1_0.material_id,m1_0.material_code,m1_0.material_category,m1_0.material_name,m1_0.material_base_unit,m1_0.material_sales_unit,m1_0.material_supplier,m1_0.material_temperature,m1_0.material_status from material m1_0 where ?=? order by m1_0.material_id desc limit ?,?
1 = 49, 2 = 'PAC0005', 3 = 'PACKAGE', 4 = '냉컵', 5 = '개', 6 = '개', 7 = '한솔제지', 8 = 'TEMPERATURE', 9 = 'USE';
2025-10-21 15:24:33.299 INFO  [http-nio-8081-exec-3] [6c73a269] p6spy - #1761027873298 | took 0ms | resultset | connection -1| url 
select m1_0.material_id,m1_0.material_code,m1_0.material_category,m1_0.material_name,m1_0.material_base_unit,m1_0.material_sales_unit,m1_0.material_supplier,m1_0.material_temperature,m1_0.material_status from material m1_0 where ?=? order by m1_0.material_id desc limit ?,?
1 = 48, 2 = 'PAC0004', 3 = 'PACKAGE', 4 = '비닐봉투(중)', 5 = '개', 6 = '개', 7 = 'LG생활건강', 8 = 'TEMPERATURE', 9 = 'USE';
2025-10-21 15:24:33.299 INFO  [http-nio-8081-exec-3] [6c73a269] p6spy - #1761027873299 | took 0ms | resultset | connection -1| url 
select m1_0.material_id,m1_0.material_code,m1_0.material_category,m1_0.material_name,m1_0.material_base_unit,m1_0.material_sales_unit,m1_0.material_supplier,m1_0.material_temperature,m1_0.material_status from material m1_0 where ?=? order by m1_0.material_id desc limit ?,?
1 = 47, 2 = 'PAC0003', 3 = 'PACKAGE', 4 = '비닐봉투(소)', 5 = '개', 6 = '개', 7 = 'LG생활건강', 8 = 'TEMPERATURE', 9 = 'USE';
2025-10-21 15:24:33.299 INFO  [http-nio-8081-exec-3] [6c73a269] p6spy - #1761027873299 | took 0ms | resultset | connection -1| url 
select m1_0.material_id,m1_0.material_code,m1_0.material_category,m1_0.material_name,m1_0.material_base_unit,m1_0.material_sales_unit,m1_0.material_supplier,m1_0.material_temperature,m1_0.material_status from material m1_0 where ?=? order by m1_0.material_id desc limit ?,?
1 = 46, 2 = 'PAC0002', 3 = 'PACKAGE', 4 = '쇼핑백', 5 = '개', 6 = '개', 7 = '유한킴벌리', 8 = 'TEMPERATURE', 9 = 'USE';
2025-10-21 15:24:33.300 INFO  [http-nio-8081-exec-3] [6c73a269] p6spy - #1761027873300 | took 0ms | resultset | connection -1| url 
select m1_0.material_id,m1_0.material_code,m1_0.material_category,m1_0.material_name,m1_0.material_base_unit,m1_0.material_sales_unit,m1_0.material_supplier,m1_0.material_temperature,m1_0.material_status from material m1_0 where ?=? order by m1_0.material_id desc limit ?,?
1 = 45, 2 = 'PAC0001', 3 = 'PACKAGE', 4 = '반봉투', 5 = '개', 6 = '개', 7 = '유한킴벌리', 8 = 'TEMPERATURE', 9 = 'USE';
2025-10-21 15:24:33.303 INFO  [http-nio-8081-exec-3] [6c73a269] p6spy - #1761027873303 | took 0ms | resultset | connection -1| url 
select count(m1_0.material_id) from material m1_0 where ?=? limit ?
1 = 54;
2025-10-21 15:38:19.045 INFO  [background-preinit] [] o.h.validator.internal.util.Version - HV000001: Hibernate Validator 8.0.3.Final
2025-10-21 15:38:19.077 INFO  [restartedMain] [] c.b.i.Ict05FinalAdminApplication - Starting Ict05FinalAdminApplication using Java 17.0.12 with PID 3536 (D:\DEV05\workspace_IntelliJ\ict05_final_project\ict05_final_admin\build\classes\java\main started by ict1 in D:\DEV05\workspace_IntelliJ\ict05_final_project\ict05_final_admin)
2025-10-21 15:38:19.077 DEBUG [restartedMain] [] c.b.i.Ict05FinalAdminApplication - Running with Spring Boot v3.5.6, Spring v6.2.11
2025-10-21 15:38:19.078 INFO  [restartedMain] [] c.b.i.Ict05FinalAdminApplication - The following 1 profile is active: "dev"
2025-10-21 15:38:19.108 INFO  [restartedMain] [] o.s.b.d.e.DevToolsPropertyDefaultsPostProcessor - Devtools property defaults active! Set 'spring.devtools.add-properties' to 'false' to disable
2025-10-21 15:38:19.108 INFO  [restartedMain] [] o.s.b.d.e.DevToolsPropertyDefaultsPostProcessor - For additional web related logging consider setting the 'logging.level.web' property to 'DEBUG'
2025-10-21 15:38:19.746 INFO  [restartedMain] [] o.s.d.r.c.RepositoryConfigurationDelegate - Bootstrapping Spring Data JPA repositories in DEFAULT mode.
2025-10-21 15:38:19.810 INFO  [restartedMain] [] o.s.d.r.c.RepositoryConfigurationDelegate - Finished Spring Data repository scanning in 62 ms. Found 9 JPA repository interfaces.
2025-10-21 15:38:20.468 INFO  [restartedMain] [] o.s.b.w.e.tomcat.TomcatWebServer - Tomcat initialized with port 8081 (http)
2025-10-21 15:38:20.486 INFO  [restartedMain] [] o.a.coyote.http11.Http11NioProtocol - Initializing ProtocolHandler ["http-nio-8081"]
2025-10-21 15:38:20.486 INFO  [restartedMain] [] o.a.catalina.core.StandardService - Starting service [Tomcat]
2025-10-21 15:38:20.486 INFO  [restartedMain] [] o.a.catalina.core.StandardEngine - Starting Servlet engine: [Apache Tomcat/10.1.46]
2025-10-21 15:38:20.571 INFO  [restartedMain] [] o.a.c.c.C.[.[localhost].[/admin] - Initializing Spring embedded WebApplicationContext
2025-10-21 15:38:20.571 INFO  [restartedMain] [] o.s.b.w.s.c.ServletWebServerApplicationContext - Root WebApplicationContext: initialization completed in 1463 ms
2025-10-21 15:38:20.771 INFO  [restartedMain] [] o.h.jpa.internal.util.LogHelper - HHH000204: Processing PersistenceUnitInfo [name: default]
2025-10-21 15:38:20.834 INFO  [restartedMain] [] org.hibernate.Version - HHH000412: Hibernate ORM core version 6.6.29.Final
2025-10-21 15:38:20.869 INFO  [restartedMain] [] o.h.c.i.RegionFactoryInitiator - HHH000026: Second-level cache disabled
2025-10-21 15:38:21.230 INFO  [restartedMain] [] o.s.o.j.p.SpringPersistenceUnitInfo - No LoadTimeWeaver setup: ignoring JPA class transformer
2025-10-21 15:38:21.265 INFO  [restartedMain] [] com.zaxxer.hikari.HikariDataSource - HikariPool-1 - Starting...
2025-10-21 15:38:21.402 INFO  [restartedMain] [] com.zaxxer.hikari.pool.HikariPool - HikariPool-1 - Added connection com.p6spy.engine.wrapper.ConnectionWrapper@6481609a
2025-10-21 15:38:21.402 INFO  [restartedMain] [] com.zaxxer.hikari.HikariDataSource - HikariPool-1 - Start completed.
2025-10-21 15:38:21.434 WARN  [restartedMain] [] org.hibernate.orm.deprecation - HHH90000025: MariaDBDialect does not need to be specified explicitly using 'hibernate.dialect' (remove the property setting and it will be selected by default)
2025-10-21 15:38:21.434 INFO  [restartedMain] [] o.hibernate.orm.connections.pooling - HHH10001005: Database info:
	Database JDBC URL [Connecting through datasource 'HikariDataSource (HikariPool-1)']
	Database driver: undefined/unknown
	Database version: 10.5.12
	Autocommit mode: undefined/unknown
	Isolation level: undefined/unknown
	Minimum pool size: undefined/unknown
	Maximum pool size: undefined/unknown
2025-10-21 15:38:22.080 INFO  [restartedMain] [] o.h.e.t.j.p.i.JtaPlatformInitiator - HHH000489: No JTA platform available (set 'hibernate.transaction.jta.platform' to enable JTA platform integration)
2025-10-21 15:38:22.310 INFO  [restartedMain] [] o.s.o.j.LocalContainerEntityManagerFactoryBean - Initialized JPA EntityManagerFactory for persistence unit 'default'
2025-10-21 15:38:22.497 INFO  [restartedMain] [] o.s.d.j.r.query.QueryEnhancerFactory - Hibernate is in classpath; If applicable, HQL parser will be used.
2025-10-21 15:38:23.340 WARN  [restartedMain] [] o.s.b.a.o.j.JpaBaseConfiguration$JpaWebConfiguration - spring.jpa.open-in-view is enabled by default. Therefore, database queries may be performed during view rendering. Explicitly configure spring.jpa.open-in-view to disable this warning
2025-10-21 15:38:23.388 INFO  [restartedMain] [] o.s.b.a.w.s.WelcomePageHandlerMapping - Adding welcome page template: index
2025-10-21 15:38:24.009 INFO  [restartedMain] [] o.s.b.d.a.OptionalLiveReloadServer - LiveReload server is running on port 35729
2025-10-21 15:38:24.017 INFO  [restartedMain] [] o.a.coyote.http11.Http11NioProtocol - Starting ProtocolHandler ["http-nio-8081"]
2025-10-21 15:38:24.044 INFO  [restartedMain] [] o.s.b.w.e.tomcat.TomcatWebServer - Tomcat started on port 8081 (http) with context path '/admin'
2025-10-21 15:38:24.050 INFO  [restartedMain] [] c.b.i.Ict05FinalAdminApplication - Started Ict05FinalAdminApplication in 5.376 seconds (process running for 5.641)
2025-10-21 15:57:31.712 INFO  [background-preinit] [] o.h.validator.internal.util.Version - HV000001: Hibernate Validator 8.0.3.Final
2025-10-21 15:57:31.755 INFO  [restartedMain] [] c.b.i.Ict05FinalAdminApplication - Starting Ict05FinalAdminApplication using Java 17.0.12 with PID 3272 (D:\DEV05\workspace_IntelliJ\ict05_final_project\ict05_final_admin\build\classes\java\main started by ict1 in D:\DEV05\workspace_IntelliJ\ict05_final_project\ict05_final_admin)
2025-10-21 15:57:31.755 DEBUG [restartedMain] [] c.b.i.Ict05FinalAdminApplication - Running with Spring Boot v3.5.6, Spring v6.2.11
2025-10-21 15:57:31.755 INFO  [restartedMain] [] c.b.i.Ict05FinalAdminApplication - The following 1 profile is active: "dev"
2025-10-21 15:57:31.780 INFO  [restartedMain] [] o.s.b.d.e.DevToolsPropertyDefaultsPostProcessor - Devtools property defaults active! Set 'spring.devtools.add-properties' to 'false' to disable
2025-10-21 15:57:31.780 INFO  [restartedMain] [] o.s.b.d.e.DevToolsPropertyDefaultsPostProcessor - For additional web related logging consider setting the 'logging.level.web' property to 'DEBUG'
2025-10-21 15:57:32.387 INFO  [restartedMain] [] o.s.d.r.c.RepositoryConfigurationDelegate - Bootstrapping Spring Data JPA repositories in DEFAULT mode.
2025-10-21 15:57:32.466 INFO  [restartedMain] [] o.s.d.r.c.RepositoryConfigurationDelegate - Finished Spring Data repository scanning in 62 ms. Found 9 JPA repository interfaces.
2025-10-21 15:57:33.048 INFO  [restartedMain] [] o.s.b.w.e.tomcat.TomcatWebServer - Tomcat initialized with port 8081 (http)
2025-10-21 15:57:33.066 INFO  [restartedMain] [] o.a.coyote.http11.Http11NioProtocol - Initializing ProtocolHandler ["http-nio-8081"]
2025-10-21 15:57:33.068 INFO  [restartedMain] [] o.a.catalina.core.StandardService - Starting service [Tomcat]
2025-10-21 15:57:33.068 INFO  [restartedMain] [] o.a.catalina.core.StandardEngine - Starting Servlet engine: [Apache Tomcat/10.1.46]
2025-10-21 15:57:33.143 INFO  [restartedMain] [] o.a.c.c.C.[.[localhost].[/admin] - Initializing Spring embedded WebApplicationContext
2025-10-21 15:57:33.143 INFO  [restartedMain] [] o.s.b.w.s.c.ServletWebServerApplicationContext - Root WebApplicationContext: initialization completed in 1363 ms
2025-10-21 15:57:33.379 INFO  [restartedMain] [] o.h.jpa.internal.util.LogHelper - HHH000204: Processing PersistenceUnitInfo [name: default]
2025-10-21 15:57:33.458 INFO  [restartedMain] [] org.hibernate.Version - HHH000412: Hibernate ORM core version 6.6.29.Final
2025-10-21 15:57:33.508 INFO  [restartedMain] [] o.h.c.i.RegionFactoryInitiator - HHH000026: Second-level cache disabled
2025-10-21 15:57:33.883 INFO  [restartedMain] [] o.s.o.j.p.SpringPersistenceUnitInfo - No LoadTimeWeaver setup: ignoring JPA class transformer
2025-10-21 15:57:33.905 INFO  [restartedMain] [] com.zaxxer.hikari.HikariDataSource - HikariPool-1 - Starting...
2025-10-21 15:57:34.041 INFO  [restartedMain] [] com.zaxxer.hikari.pool.HikariPool - HikariPool-1 - Added connection com.p6spy.engine.wrapper.ConnectionWrapper@2da41d67
2025-10-21 15:57:34.041 INFO  [restartedMain] [] com.zaxxer.hikari.HikariDataSource - HikariPool-1 - Start completed.
2025-10-21 15:57:34.058 WARN  [restartedMain] [] org.hibernate.orm.deprecation - HHH90000025: MariaDBDialect does not need to be specified explicitly using 'hibernate.dialect' (remove the property setting and it will be selected by default)
2025-10-21 15:57:34.073 INFO  [restartedMain] [] o.hibernate.orm.connections.pooling - HHH10001005: Database info:
	Database JDBC URL [Connecting through datasource 'HikariDataSource (HikariPool-1)']
	Database driver: undefined/unknown
	Database version: 10.5.12
	Autocommit mode: undefined/unknown
	Isolation level: undefined/unknown
	Minimum pool size: undefined/unknown
	Maximum pool size: undefined/unknown
2025-10-21 15:57:34.672 INFO  [restartedMain] [] o.h.e.t.j.p.i.JtaPlatformInitiator - HHH000489: No JTA platform available (set 'hibernate.transaction.jta.platform' to enable JTA platform integration)
2025-10-21 15:57:35.155 INFO  [restartedMain] [] o.s.o.j.LocalContainerEntityManagerFactoryBean - Initialized JPA EntityManagerFactory for persistence unit 'default'
2025-10-21 15:57:35.336 INFO  [restartedMain] [] o.s.d.j.r.query.QueryEnhancerFactory - Hibernate is in classpath; If applicable, HQL parser will be used.
2025-10-21 15:57:36.307 WARN  [restartedMain] [] o.s.b.a.o.j.JpaBaseConfiguration$JpaWebConfiguration - spring.jpa.open-in-view is enabled by default. Therefore, database queries may be performed during view rendering. Explicitly configure spring.jpa.open-in-view to disable this warning
2025-10-21 15:57:36.373 INFO  [restartedMain] [] o.s.b.a.w.s.WelcomePageHandlerMapping - Adding welcome page template: index
2025-10-21 15:57:37.114 INFO  [restartedMain] [] o.s.b.d.a.OptionalLiveReloadServer - LiveReload server is running on port 35729
2025-10-21 15:57:37.119 INFO  [restartedMain] [] o.a.coyote.http11.Http11NioProtocol - Starting ProtocolHandler ["http-nio-8081"]
2025-10-21 15:57:37.134 INFO  [restartedMain] [] o.s.b.w.e.tomcat.TomcatWebServer - Tomcat started on port 8081 (http) with context path '/admin'
2025-10-21 15:57:37.139 INFO  [restartedMain] [] c.b.i.Ict05FinalAdminApplication - Started Ict05FinalAdminApplication in 5.768 seconds (process running for 6.026)
2025-10-21 15:57:38.539 INFO  [http-nio-8081-exec-1] [] o.a.c.c.C.[.[localhost].[/admin] - Initializing Spring DispatcherServlet 'dispatcherServlet'
2025-10-21 15:57:38.539 INFO  [http-nio-8081-exec-1] [] o.s.web.servlet.DispatcherServlet - Initializing Servlet 'dispatcherServlet'
2025-10-21 15:57:38.539 INFO  [http-nio-8081-exec-1] [] o.s.web.servlet.DispatcherServlet - Completed initialization in 0 ms
2025-10-21 15:57:38.741 INFO  [http-nio-8081-exec-1] [410f3f05] p6spy - #1761029858741 | took 0ms | resultset | connection -1| url 
select n1_0.notice_id,n1_0.member_id_fk,n1_0.notice_category,n1_0.notice_priority,n1_0.notice_status,n1_0.is_show,n1_0.notice_title,n1_0.notice_content,n1_0.writer,n1_0.notice_count,n1_0.notice_reg_date from notice n1_0 order by n1_0.notice_id desc limit ?,?
1 = 100, 2 = 100, 3 = 'EVENT', 4 = 'IMPORTANT', 5 = 'DELETED', 6 = false, 7 = '공지 제목 100', 8 = '공지 내용 100', 9 = '작성자01', 10 = 500, 11 = '2025-10-19T12:30:47.079+0900';
2025-10-21 15:57:38.741 INFO  [http-nio-8081-exec-1] [410f3f05] p6spy - #1761029858741 | took 0ms | resultset | connection -1| url 
select n1_0.notice_id,n1_0.member_id_fk,n1_0.notice_category,n1_0.notice_priority,n1_0.notice_status,n1_0.is_show,n1_0.notice_title,n1_0.notice_content,n1_0.writer,n1_0.notice_count,n1_0.notice_reg_date from notice n1_0 order by n1_0.notice_id desc limit ?,?
1 = 99, 2 = 99, 3 = 'SYSTEM', 4 = 'EMERGENCY', 5 = 'ACTIVE', 6 = true, 7 = '공지 제목 99', 8 = '공지 내용 99', 9 = '작성자10', 10 = 495, 11 = '2025-10-18T12:30:47.079+0900';
2025-10-21 15:57:38.741 INFO  [http-nio-8081-exec-1] [410f3f05] p6spy - #1761029858741 | took 0ms | resultset | connection -1| url 
select n1_0.notice_id,n1_0.member_id_fk,n1_0.notice_category,n1_0.notice_priority,n1_0.notice_status,n1_0.is_show,n1_0.notice_title,n1_0.notice_content,n1_0.writer,n1_0.notice_count,n1_0.notice_reg_date from notice n1_0 order by n1_0.notice_id desc limit ?,?
1 = 98, 2 = 98, 3 = 'POLICY', 4 = 'NORMAL', 5 = 'INACTIVE', 6 = false, 7 = '공지 제목 98', 8 = '공지 내용 98', 9 = '작성자09', 10 = 490, 11 = '2025-10-17T12:30:47.079+0900';
2025-10-21 15:57:38.741 INFO  [http-nio-8081-exec-1] [410f3f05] p6spy - #1761029858741 | took 0ms | resultset | connection -1| url 
select n1_0.notice_id,n1_0.member_id_fk,n1_0.notice_category,n1_0.notice_priority,n1_0.notice_status,n1_0.is_show,n1_0.notice_title,n1_0.notice_content,n1_0.writer,n1_0.notice_count,n1_0.notice_reg_date from notice n1_0 order by n1_0.notice_id desc limit ?,?
1 = 97, 2 = 97, 3 = 'NORMAL', 4 = 'IMPORTANT', 5 = 'DELETED', 6 = true, 7 = '공지 제목 97', 8 = '공지 내용 97', 9 = '작성자08', 10 = 485, 11 = '2025-10-16T12:30:47.079+0900';
2025-10-21 15:57:38.741 INFO  [http-nio-8081-exec-1] [410f3f05] p6spy - #1761029858741 | took 0ms | resultset | connection -1| url 
select n1_0.notice_id,n1_0.member_id_fk,n1_0.notice_category,n1_0.notice_priority,n1_0.notice_status,n1_0.is_show,n1_0.notice_title,n1_0.notice_content,n1_0.writer,n1_0.notice_count,n1_0.notice_reg_date from notice n1_0 order by n1_0.notice_id desc limit ?,?
1 = 96, 2 = 96, 3 = 'EVENT', 4 = 'EMERGENCY', 5 = 'ACTIVE', 6 = false, 7 = '공지 제목 96', 8 = '공지 내용 96', 9 = '작성자07', 10 = 480, 11 = '2025-10-15T12:30:47.079+0900';
2025-10-21 15:57:38.741 INFO  [http-nio-8081-exec-1] [410f3f05] p6spy - #1761029858741 | took 0ms | resultset | connection -1| url 
select n1_0.notice_id,n1_0.member_id_fk,n1_0.notice_category,n1_0.notice_priority,n1_0.notice_status,n1_0.is_show,n1_0.notice_title,n1_0.notice_content,n1_0.writer,n1_0.notice_count,n1_0.notice_reg_date from notice n1_0 order by n1_0.notice_id desc limit ?,?
1 = 95, 2 = 95, 3 = 'SYSTEM', 4 = 'NORMAL', 5 = 'INACTIVE', 6 = true, 7 = '공지 제목 95', 8 = '공지 내용 95', 9 = '작성자06', 10 = 475, 11 = '2025-10-14T12:30:47.079+0900';
2025-10-21 15:57:38.741 INFO  [http-nio-8081-exec-1] [410f3f05] p6spy - #1761029858741 | took 0ms | resultset | connection -1| url 
select n1_0.notice_id,n1_0.member_id_fk,n1_0.notice_category,n1_0.notice_priority,n1_0.notice_status,n1_0.is_show,n1_0.notice_title,n1_0.notice_content,n1_0.writer,n1_0.notice_count,n1_0.notice_reg_date from notice n1_0 order by n1_0.notice_id desc limit ?,?
1 = 94, 2 = 94, 3 = 'POLICY', 4 = 'IMPORTANT', 5 = 'DELETED', 6 = false, 7 = '공지 제목 94', 8 = '공지 내용 94', 9 = '작성자05', 10 = 470, 11 = '2025-10-13T12:30:47.079+0900';
2025-10-21 15:57:38.741 INFO  [http-nio-8081-exec-1] [410f3f05] p6spy - #1761029858741 | took 0ms | resultset | connection -1| url 
select n1_0.notice_id,n1_0.member_id_fk,n1_0.notice_category,n1_0.notice_priority,n1_0.notice_status,n1_0.is_show,n1_0.notice_title,n1_0.notice_content,n1_0.writer,n1_0.notice_count,n1_0.notice_reg_date from notice n1_0 order by n1_0.notice_id desc limit ?,?
1 = 93, 2 = 93, 3 = 'NORMAL', 4 = 'EMERGENCY', 5 = 'ACTIVE', 6 = true, 7 = '공지 제목 93', 8 = '공지 내용 93', 9 = '작성자04', 10 = 465, 11 = '2025-10-12T12:30:47.079+0900';
2025-10-21 15:57:38.741 INFO  [http-nio-8081-exec-1] [410f3f05] p6spy - #1761029858741 | took 0ms | resultset | connection -1| url 
select n1_0.notice_id,n1_0.member_id_fk,n1_0.notice_category,n1_0.notice_priority,n1_0.notice_status,n1_0.is_show,n1_0.notice_title,n1_0.notice_content,n1_0.writer,n1_0.notice_count,n1_0.notice_reg_date from notice n1_0 order by n1_0.notice_id desc limit ?,?
1 = 92, 2 = 92, 3 = 'EVENT', 4 = 'NORMAL', 5 = 'INACTIVE', 6 = false, 7 = '공지 제목 92', 8 = '공지 내용 92', 9 = '작성자03', 10 = 460, 11 = '2025-10-11T12:30:47.079+0900';
2025-10-21 15:57:38.741 INFO  [http-nio-8081-exec-1] [410f3f05] p6spy - #1761029858741 | took 0ms | resultset | connection -1| url 
select n1_0.notice_id,n1_0.member_id_fk,n1_0.notice_category,n1_0.notice_priority,n1_0.notice_status,n1_0.is_show,n1_0.notice_title,n1_0.notice_content,n1_0.writer,n1_0.notice_count,n1_0.notice_reg_date from notice n1_0 order by n1_0.notice_id desc limit ?,?
1 = 91, 2 = 91, 3 = 'SYSTEM', 4 = 'IMPORTANT', 5 = 'DELETED', 6 = true, 7 = '공지 제목 91', 8 = '공지 내용 91', 9 = '작성자02', 10 = 455, 11 = '2025-10-10T12:30:47.079+0900';
2025-10-21 15:57:38.766 INFO  [http-nio-8081-exec-1] [410f3f05] p6spy - #1761029858766 | took 0ms | resultset | connection -1| url 
select count(n1_0.notice_id) from notice n1_0
1 = 100;
2025-10-21 16:23:14.424 WARN  [http-nio-8081-exec-4] [16bebc45] c.b.i.c.error.GlobalExceptionHandler - [COMMON-400] [WEB][rid=16bebc45][GET /admin/material/list] Page index must not be less than zero
2025-10-21 16:23:14.424 WARN  [http-nio-8081-exec-4] [16bebc45] o.s.w.s.m.m.a.ExceptionHandlerExceptionResolver - Resolved [java.lang.IllegalArgumentException: Page index must not be less than zero]
2025-10-21 17:23:16.506 INFO  [http-nio-8081-exec-8] [527050c9] p6spy - #1761034996506 | took 0ms | resultset | connection -1| url 
select sp1_0.staff_id,sp1_0.staff_name,sp1_0.staff_employment_type,sp1_0.staff_department,sp1_0.staff_birth,sp1_0.staff_start_date,sp1_0.staff_end_date from staff_profile sp1_0 order by sp1_0.staff_id desc limit ?,?
1 = 5, 2 = '정연우', 3 = 'OWNER', 4 = 'STORE', 5 = '2003-08-06T00:00:00.000+0900', 6 = '2020-01-15T09:00:00.000+0900', 7 = NULL;
2025-10-21 17:23:16.506 INFO  [http-nio-8081-exec-8] [527050c9] p6spy - #1761034996506 | took 0ms | resultset | connection -1| url 
select sp1_0.staff_id,sp1_0.staff_name,sp1_0.staff_employment_type,sp1_0.staff_department,sp1_0.staff_birth,sp1_0.staff_start_date,sp1_0.staff_end_date from staff_profile sp1_0 order by sp1_0.staff_id desc limit ?,?
1 = 3, 2 = '김매니저', 3 = 'WORKER', 4 = 'STORE', 5 = '1985-03-15T00:00:00.000+0900', 6 = '2020-01-15T09:00:00.000+0900', 7 = NULL;
2025-10-21 17:23:16.538 INFO  [http-nio-8081-exec-8] [527050c9] p6spy - #1761034996538 | took 0ms | resultset | connection -1| url 
select count(sp1_0.staff_id) from staff_profile sp1_0
1 = 2;
2025-10-21 17:25:32.832 INFO  [http-nio-8081-exec-6] [c52a95db] p6spy - #1761035132832 | took 0ms | resultset | connection -1| url 
select n1_0.notice_id,n1_0.member_id_fk,n1_0.notice_category,n1_0.notice_priority,n1_0.notice_status,n1_0.is_show,n1_0.notice_title,n1_0.notice_content,n1_0.writer,n1_0.notice_count,n1_0.notice_reg_date from notice n1_0 order by n1_0.notice_id desc limit ?,?
1 = 100, 2 = 100, 3 = 'EVENT', 4 = 'IMPORTANT', 5 = 'DELETED', 6 = false, 7 = '공지 제목 100', 8 = '공지 내용 100', 9 = '작성자01', 10 = 500, 11 = '2025-10-19T12:30:47.079+0900';
2025-10-21 17:25:32.835 INFO  [http-nio-8081-exec-6] [c52a95db] p6spy - #1761035132835 | took 0ms | resultset | connection -1| url 
select n1_0.notice_id,n1_0.member_id_fk,n1_0.notice_category,n1_0.notice_priority,n1_0.notice_status,n1_0.is_show,n1_0.notice_title,n1_0.notice_content,n1_0.writer,n1_0.notice_count,n1_0.notice_reg_date from notice n1_0 order by n1_0.notice_id desc limit ?,?
1 = 99, 2 = 99, 3 = 'SYSTEM', 4 = 'EMERGENCY', 5 = 'ACTIVE', 6 = true, 7 = '공지 제목 99', 8 = '공지 내용 99', 9 = '작성자10', 10 = 495, 11 = '2025-10-18T12:30:47.079+0900';
2025-10-21 17:25:32.838 INFO  [http-nio-8081-exec-6] [c52a95db] p6spy - #1761035132838 | took 0ms | resultset | connection -1| url 
select n1_0.notice_id,n1_0.member_id_fk,n1_0.notice_category,n1_0.notice_priority,n1_0.notice_status,n1_0.is_show,n1_0.notice_title,n1_0.notice_content,n1_0.writer,n1_0.notice_count,n1_0.notice_reg_date from notice n1_0 order by n1_0.notice_id desc limit ?,?
1 = 98, 2 = 98, 3 = 'POLICY', 4 = 'NORMAL', 5 = 'INACTIVE', 6 = false, 7 = '공지 제목 98', 8 = '공지 내용 98', 9 = '작성자09', 10 = 490, 11 = '2025-10-17T12:30:47.079+0900';
2025-10-21 17:25:32.841 INFO  [http-nio-8081-exec-6] [c52a95db] p6spy - #1761035132841 | took 0ms | resultset | connection -1| url 
select n1_0.notice_id,n1_0.member_id_fk,n1_0.notice_category,n1_0.notice_priority,n1_0.notice_status,n1_0.is_show,n1_0.notice_title,n1_0.notice_content,n1_0.writer,n1_0.notice_count,n1_0.notice_reg_date from notice n1_0 order by n1_0.notice_id desc limit ?,?
1 = 97, 2 = 97, 3 = 'NORMAL', 4 = 'IMPORTANT', 5 = 'DELETED', 6 = true, 7 = '공지 제목 97', 8 = '공지 내용 97', 9 = '작성자08', 10 = 485, 11 = '2025-10-16T12:30:47.079+0900';
2025-10-21 17:25:32.842 INFO  [http-nio-8081-exec-6] [c52a95db] p6spy - #1761035132842 | took 0ms | resultset | connection -1| url 
select n1_0.notice_id,n1_0.member_id_fk,n1_0.notice_category,n1_0.notice_priority,n1_0.notice_status,n1_0.is_show,n1_0.notice_title,n1_0.notice_content,n1_0.writer,n1_0.notice_count,n1_0.notice_reg_date from notice n1_0 order by n1_0.notice_id desc limit ?,?
1 = 96, 2 = 96, 3 = 'EVENT', 4 = 'EMERGENCY', 5 = 'ACTIVE', 6 = false, 7 = '공지 제목 96', 8 = '공지 내용 96', 9 = '작성자07', 10 = 480, 11 = '2025-10-15T12:30:47.079+0900';
2025-10-21 17:25:32.846 INFO  [http-nio-8081-exec-6] [c52a95db] p6spy - #1761035132846 | took 0ms | resultset | connection -1| url 
select n1_0.notice_id,n1_0.member_id_fk,n1_0.notice_category,n1_0.notice_priority,n1_0.notice_status,n1_0.is_show,n1_0.notice_title,n1_0.notice_content,n1_0.writer,n1_0.notice_count,n1_0.notice_reg_date from notice n1_0 order by n1_0.notice_id desc limit ?,?
1 = 95, 2 = 95, 3 = 'SYSTEM', 4 = 'NORMAL', 5 = 'INACTIVE', 6 = true, 7 = '공지 제목 95', 8 = '공지 내용 95', 9 = '작성자06', 10 = 475, 11 = '2025-10-14T12:30:47.079+0900';
2025-10-21 17:25:32.847 INFO  [http-nio-8081-exec-6] [c52a95db] p6spy - #1761035132847 | took 0ms | resultset | connection -1| url 
select n1_0.notice_id,n1_0.member_id_fk,n1_0.notice_category,n1_0.notice_priority,n1_0.notice_status,n1_0.is_show,n1_0.notice_title,n1_0.notice_content,n1_0.writer,n1_0.notice_count,n1_0.notice_reg_date from notice n1_0 order by n1_0.notice_id desc limit ?,?
1 = 94, 2 = 94, 3 = 'POLICY', 4 = 'IMPORTANT', 5 = 'DELETED', 6 = false, 7 = '공지 제목 94', 8 = '공지 내용 94', 9 = '작성자05', 10 = 470, 11 = '2025-10-13T12:30:47.079+0900';
2025-10-21 17:25:32.851 INFO  [http-nio-8081-exec-6] [c52a95db] p6spy - #1761035132851 | took 0ms | resultset | connection -1| url 
select n1_0.notice_id,n1_0.member_id_fk,n1_0.notice_category,n1_0.notice_priority,n1_0.notice_status,n1_0.is_show,n1_0.notice_title,n1_0.notice_content,n1_0.writer,n1_0.notice_count,n1_0.notice_reg_date from notice n1_0 order by n1_0.notice_id desc limit ?,?
1 = 93, 2 = 93, 3 = 'NORMAL', 4 = 'EMERGENCY', 5 = 'ACTIVE', 6 = true, 7 = '공지 제목 93', 8 = '공지 내용 93', 9 = '작성자04', 10 = 465, 11 = '2025-10-12T12:30:47.079+0900';
2025-10-21 17:25:32.851 INFO  [http-nio-8081-exec-6] [c52a95db] p6spy - #1761035132851 | took 0ms | resultset | connection -1| url 
select n1_0.notice_id,n1_0.member_id_fk,n1_0.notice_category,n1_0.notice_priority,n1_0.notice_status,n1_0.is_show,n1_0.notice_title,n1_0.notice_content,n1_0.writer,n1_0.notice_count,n1_0.notice_reg_date from notice n1_0 order by n1_0.notice_id desc limit ?,?
1 = 92, 2 = 92, 3 = 'EVENT', 4 = 'NORMAL', 5 = 'INACTIVE', 6 = false, 7 = '공지 제목 92', 8 = '공지 내용 92', 9 = '작성자03', 10 = 460, 11 = '2025-10-11T12:30:47.079+0900';
2025-10-21 17:25:32.860 INFO  [http-nio-8081-exec-6] [c52a95db] p6spy - #1761035132860 | took 0ms | resultset | connection -1| url 
select n1_0.notice_id,n1_0.member_id_fk,n1_0.notice_category,n1_0.notice_priority,n1_0.notice_status,n1_0.is_show,n1_0.notice_title,n1_0.notice_content,n1_0.writer,n1_0.notice_count,n1_0.notice_reg_date from notice n1_0 order by n1_0.notice_id desc limit ?,?
1 = 91, 2 = 91, 3 = 'SYSTEM', 4 = 'IMPORTANT', 5 = 'DELETED', 6 = true, 7 = '공지 제목 91', 8 = '공지 내용 91', 9 = '작성자02', 10 = 455, 11 = '2025-10-10T12:30:47.079+0900';
2025-10-21 17:25:32.862 INFO  [http-nio-8081-exec-6] [c52a95db] p6spy - #1761035132862 | took 0ms | resultset | connection -1| url 
select count(n1_0.notice_id) from notice n1_0
1 = 100;
2025-10-21 17:27:15.086 INFO  [File Watcher] [] o.s.b.d.a.LocalDevToolsAutoConfiguration$RestartingClassPathChangeChangedEventListener - Restarting due to 2 class path changes (0 additions, 2 deletions, 0 modifications)
2025-10-21 17:27:15.086 INFO  [Thread-7] [] o.s.b.w.e.tomcat.GracefulShutdown - Commencing graceful shutdown. Waiting for active requests to complete
2025-10-21 17:27:15.086 INFO  [tomcat-shutdown] [] o.a.coyote.http11.Http11NioProtocol - Pausing ProtocolHandler ["http-nio-8081"]
2025-10-21 17:27:15.171 INFO  [tomcat-shutdown] [] o.s.b.w.e.tomcat.GracefulShutdown - Graceful shutdown complete
2025-10-21 17:27:15.171 INFO  [Thread-7] [] o.a.coyote.http11.Http11NioProtocol - Stopping ProtocolHandler ["http-nio-8081"]
2025-10-21 17:27:15.171 INFO  [Thread-7] [] o.s.o.j.LocalContainerEntityManagerFactoryBean - Closing JPA EntityManagerFactory for persistence unit 'default'
2025-10-21 17:27:15.181 INFO  [Thread-7] [] com.zaxxer.hikari.HikariDataSource - HikariPool-1 - Shutdown initiated...
2025-10-21 17:27:15.197 INFO  [Thread-7] [] com.zaxxer.hikari.HikariDataSource - HikariPool-1 - Shutdown completed.
2025-10-21 17:27:15.307 INFO  [restartedMain] [] c.b.i.Ict05FinalAdminApplication - Starting Ict05FinalAdminApplication using Java 17.0.12 with PID 3272 (D:\DEV05\workspace_IntelliJ\ict05_final_project\ict05_final_admin\build\classes\java\main started by ict1 in D:\DEV05\workspace_IntelliJ\ict05_final_project\ict05_final_admin)
2025-10-21 17:27:15.307 DEBUG [restartedMain] [] c.b.i.Ict05FinalAdminApplication - Running with Spring Boot v3.5.6, Spring v6.2.11
2025-10-21 17:27:15.307 INFO  [restartedMain] [] c.b.i.Ict05FinalAdminApplication - The following 1 profile is active: "dev"
2025-10-21 17:27:15.660 INFO  [restartedMain] [] o.s.d.r.c.RepositoryConfigurationDelegate - Bootstrapping Spring Data JPA repositories in DEFAULT mode.
2025-10-21 17:27:15.686 INFO  [restartedMain] [] o.s.d.r.c.RepositoryConfigurationDelegate - Finished Spring Data repository scanning in 30 ms. Found 9 JPA repository interfaces.
2025-10-21 17:27:15.747 INFO  [restartedMain] [] o.s.b.w.e.tomcat.TomcatWebServer - Tomcat initialized with port 8081 (http)
2025-10-21 17:27:15.760 INFO  [restartedMain] [] o.a.coyote.http11.Http11NioProtocol - Initializing ProtocolHandler ["http-nio-8081"]
2025-10-21 17:27:15.760 INFO  [restartedMain] [] o.a.catalina.core.StandardService - Starting service [Tomcat]
2025-10-21 17:27:15.760 INFO  [restartedMain] [] o.a.catalina.core.StandardEngine - Starting Servlet engine: [Apache Tomcat/10.1.46]
2025-10-21 17:27:15.771 INFO  [restartedMain] [] o.a.c.c.C.[.[localhost].[/admin] - Initializing Spring embedded WebApplicationContext
2025-10-21 17:27:15.771 INFO  [restartedMain] [] o.s.b.w.s.c.ServletWebServerApplicationContext - Root WebApplicationContext: initialization completed in 464 ms
2025-10-21 17:27:15.789 INFO  [restartedMain] [] o.h.jpa.internal.util.LogHelper - HHH000204: Processing PersistenceUnitInfo [name: default]
2025-10-21 17:27:15.789 INFO  [restartedMain] [] o.h.c.i.RegionFactoryInitiator - HHH000026: Second-level cache disabled
2025-10-21 17:27:15.810 INFO  [restartedMain] [] o.s.o.j.p.SpringPersistenceUnitInfo - No LoadTimeWeaver setup: ignoring JPA class transformer
2025-10-21 17:27:15.810 INFO  [restartedMain] [] com.zaxxer.hikari.HikariDataSource - HikariPool-2 - Starting...
2025-10-21 17:27:15.821 INFO  [restartedMain] [] com.zaxxer.hikari.pool.HikariPool - HikariPool-2 - Added connection com.p6spy.engine.wrapper.ConnectionWrapper@4cfd32c3
2025-10-21 17:27:15.821 INFO  [restartedMain] [] com.zaxxer.hikari.HikariDataSource - HikariPool-2 - Start completed.
2025-10-21 17:27:15.821 WARN  [restartedMain] [] org.hibernate.orm.deprecation - HHH90000025: MariaDBDialect does not need to be specified explicitly using 'hibernate.dialect' (remove the property setting and it will be selected by default)
2025-10-21 17:27:15.821 INFO  [restartedMain] [] o.hibernate.orm.connections.pooling - HHH10001005: Database info:
	Database JDBC URL [Connecting through datasource 'HikariDataSource (HikariPool-2)']
	Database driver: undefined/unknown
	Database version: 10.5.12
	Autocommit mode: undefined/unknown
	Isolation level: undefined/unknown
	Minimum pool size: undefined/unknown
	Maximum pool size: undefined/unknown
2025-10-21 17:27:16.017 INFO  [restartedMain] [] o.h.e.t.j.p.i.JtaPlatformInitiator - HHH000489: No JTA platform available (set 'hibernate.transaction.jta.platform' to enable JTA platform integration)
2025-10-21 17:27:16.192 INFO  [restartedMain] [] o.s.o.j.LocalContainerEntityManagerFactoryBean - Initialized JPA EntityManagerFactory for persistence unit 'default'
2025-10-21 17:27:16.351 WARN  [restartedMain] [] o.s.b.a.o.j.JpaBaseConfiguration$JpaWebConfiguration - spring.jpa.open-in-view is enabled by default. Therefore, database queries may be performed during view rendering. Explicitly configure spring.jpa.open-in-view to disable this warning
2025-10-21 17:27:16.357 INFO  [restartedMain] [] o.s.b.a.w.s.WelcomePageHandlerMapping - Adding welcome page template: index
2025-10-21 17:27:16.482 INFO  [restartedMain] [] o.s.b.d.a.OptionalLiveReloadServer - LiveReload server is running on port 35729
2025-10-21 17:27:16.487 INFO  [restartedMain] [] o.a.coyote.http11.Http11NioProtocol - Starting ProtocolHandler ["http-nio-8081"]
2025-10-21 17:27:16.492 INFO  [restartedMain] [] o.s.b.w.e.tomcat.TomcatWebServer - Tomcat started on port 8081 (http) with context path '/admin'
2025-10-21 17:27:16.494 INFO  [restartedMain] [] c.b.i.Ict05FinalAdminApplication - Started Ict05FinalAdminApplication in 1.219 seconds (process running for 5385.275)
2025-10-21 17:27:16.494 INFO  [restartedMain] [] o.s.b.d.a.ConditionEvaluationDeltaLoggingListener - Condition evaluation unchanged
2025-10-21 17:27:17.118 INFO  [background-preinit] [] o.h.validator.internal.util.Version - HV000001: Hibernate Validator 8.0.3.Final
2025-10-21 17:27:17.160 INFO  [restartedMain] [] c.b.i.Ict05FinalAdminApplication - Starting Ict05FinalAdminApplication using Java 17.0.12 with PID 20608 (D:\DEV05\workspace_IntelliJ\ict05_final_project\ict05_final_admin\build\classes\java\main started by ict1 in D:\DEV05\workspace_IntelliJ\ict05_final_project\ict05_final_admin)
2025-10-21 17:27:17.163 DEBUG [restartedMain] [] c.b.i.Ict05FinalAdminApplication - Running with Spring Boot v3.5.6, Spring v6.2.11
2025-10-21 17:27:17.163 INFO  [restartedMain] [] c.b.i.Ict05FinalAdminApplication - The following 1 profile is active: "dev"
2025-10-21 17:27:17.195 INFO  [restartedMain] [] o.s.b.d.e.DevToolsPropertyDefaultsPostProcessor - Devtools property defaults active! Set 'spring.devtools.add-properties' to 'false' to disable
2025-10-21 17:27:17.195 INFO  [restartedMain] [] o.s.b.d.e.DevToolsPropertyDefaultsPostProcessor - For additional web related logging consider setting the 'logging.level.web' property to 'DEBUG'
2025-10-21 17:27:17.822 INFO  [restartedMain] [] o.s.d.r.c.RepositoryConfigurationDelegate - Bootstrapping Spring Data JPA repositories in DEFAULT mode.
2025-10-21 17:27:17.915 INFO  [restartedMain] [] o.s.d.r.c.RepositoryConfigurationDelegate - Finished Spring Data repository scanning in 63 ms. Found 9 JPA repository interfaces.
2025-10-21 17:27:17.933 INFO  [File Watcher] [] o.s.b.d.a.LocalDevToolsAutoConfiguration$RestartingClassPathChangeChangedEventListener - Restarting due to 265 class path changes (2 additions, 0 deletions, 263 modifications)
2025-10-21 17:27:17.934 INFO  [Thread-9] [] o.s.b.w.e.tomcat.GracefulShutdown - Commencing graceful shutdown. Waiting for active requests to complete
2025-10-21 17:27:17.934 INFO  [tomcat-shutdown] [] o.a.coyote.http11.Http11NioProtocol - Pausing ProtocolHandler ["http-nio-8081"]
2025-10-21 17:27:18.032 INFO  [tomcat-shutdown] [] o.s.b.w.e.tomcat.GracefulShutdown - Graceful shutdown complete
2025-10-21 17:27:18.032 INFO  [Thread-9] [] o.a.coyote.http11.Http11NioProtocol - Stopping ProtocolHandler ["http-nio-8081"]
2025-10-21 17:27:18.034 INFO  [Thread-9] [] o.s.o.j.LocalContainerEntityManagerFactoryBean - Closing JPA EntityManagerFactory for persistence unit 'default'
2025-10-21 17:27:18.034 INFO  [Thread-9] [] com.zaxxer.hikari.HikariDataSource - HikariPool-2 - Shutdown initiated...
2025-10-21 17:27:18.056 INFO  [Thread-9] [] com.zaxxer.hikari.HikariDataSource - HikariPool-2 - Shutdown completed.
2025-10-21 17:27:18.154 INFO  [restartedMain] [] c.b.i.Ict05FinalAdminApplication - Starting Ict05FinalAdminApplication using Java 17.0.12 with PID 3272 (D:\DEV05\workspace_IntelliJ\ict05_final_project\ict05_final_admin\build\classes\java\main started by ict1 in D:\DEV05\workspace_IntelliJ\ict05_final_project\ict05_final_admin)
2025-10-21 17:27:18.154 DEBUG [restartedMain] [] c.b.i.Ict05FinalAdminApplication - Running with Spring Boot v3.5.6, Spring v6.2.11
2025-10-21 17:27:18.154 INFO  [restartedMain] [] c.b.i.Ict05FinalAdminApplication - The following 1 profile is active: "dev"
2025-10-21 17:27:18.316 INFO  [restartedMain] [] o.s.d.r.c.RepositoryConfigurationDelegate - Bootstrapping Spring Data JPA repositories in DEFAULT mode.
2025-10-21 17:27:18.373 INFO  [restartedMain] [] o.s.d.r.c.RepositoryConfigurationDelegate - Finished Spring Data repository scanning in 51 ms. Found 9 JPA repository interfaces.
2025-10-21 17:27:18.430 INFO  [restartedMain] [] o.s.b.w.e.tomcat.TomcatWebServer - Tomcat initialized with port 8081 (http)
2025-10-21 17:27:18.430 INFO  [restartedMain] [] o.a.coyote.http11.Http11NioProtocol - Initializing ProtocolHandler ["http-nio-8081"]
2025-10-21 17:27:18.430 INFO  [restartedMain] [] o.a.catalina.core.StandardService - Starting service [Tomcat]
2025-10-21 17:27:18.430 INFO  [restartedMain] [] o.a.catalina.core.StandardEngine - Starting Servlet engine: [Apache Tomcat/10.1.46]
2025-10-21 17:27:18.448 INFO  [restartedMain] [] o.a.c.c.C.[.[localhost].[/admin] - Initializing Spring embedded WebApplicationContext
2025-10-21 17:27:18.448 INFO  [restartedMain] [] o.s.b.w.s.c.ServletWebServerApplicationContext - Root WebApplicationContext: initialization completed in 292 ms
2025-10-21 17:27:18.473 INFO  [restartedMain] [] o.h.jpa.internal.util.LogHelper - HHH000204: Processing PersistenceUnitInfo [name: default]
2025-10-21 17:27:18.473 INFO  [restartedMain] [] o.h.c.i.RegionFactoryInitiator - HHH000026: Second-level cache disabled
2025-10-21 17:27:18.480 INFO  [restartedMain] [] o.s.o.j.p.SpringPersistenceUnitInfo - No LoadTimeWeaver setup: ignoring JPA class transformer
2025-10-21 17:27:18.481 INFO  [restartedMain] [] com.zaxxer.hikari.HikariDataSource - HikariPool-3 - Starting...
2025-10-21 17:27:18.493 INFO  [restartedMain] [] com.zaxxer.hikari.pool.HikariPool - HikariPool-3 - Added connection com.p6spy.engine.wrapper.ConnectionWrapper@16ccc98a
2025-10-21 17:27:18.493 INFO  [restartedMain] [] com.zaxxer.hikari.HikariDataSource - HikariPool-3 - Start completed.
2025-10-21 17:27:18.493 WARN  [restartedMain] [] org.hibernate.orm.deprecation - HHH90000025: MariaDBDialect does not need to be specified explicitly using 'hibernate.dialect' (remove the property setting and it will be selected by default)
2025-10-21 17:27:18.502 INFO  [restartedMain] [] o.hibernate.orm.connections.pooling - HHH10001005: Database info:
	Database JDBC URL [Connecting through datasource 'HikariDataSource (HikariPool-3)']
	Database driver: undefined/unknown
	Database version: 10.5.12
	Autocommit mode: undefined/unknown
	Isolation level: undefined/unknown
	Minimum pool size: undefined/unknown
	Maximum pool size: undefined/unknown
2025-10-21 17:27:18.711 INFO  [restartedMain] [] o.s.b.w.e.tomcat.TomcatWebServer - Tomcat initialized with port 8081 (http)
2025-10-21 17:27:18.730 INFO  [restartedMain] [] o.a.coyote.http11.Http11NioProtocol - Initializing ProtocolHandler ["http-nio-8081"]
2025-10-21 17:27:18.743 INFO  [restartedMain] [] o.a.catalina.core.StandardService - Starting service [Tomcat]
2025-10-21 17:27:18.743 INFO  [restartedMain] [] o.a.catalina.core.StandardEngine - Starting Servlet engine: [Apache Tomcat/10.1.46]
2025-10-21 17:27:18.743 INFO  [restartedMain] [] o.h.e.t.j.p.i.JtaPlatformInitiator - HHH000489: No JTA platform available (set 'hibernate.transaction.jta.platform' to enable JTA platform integration)
2025-10-21 17:27:18.855 INFO  [restartedMain] [] o.a.c.c.C.[.[localhost].[/admin] - Initializing Spring embedded WebApplicationContext
2025-10-21 17:27:18.856 INFO  [restartedMain] [] o.s.b.w.s.c.ServletWebServerApplicationContext - Root WebApplicationContext: initialization completed in 1660 ms
2025-10-21 17:27:18.914 INFO  [restartedMain] [] o.s.o.j.LocalContainerEntityManagerFactoryBean - Initialized JPA EntityManagerFactory for persistence unit 'default'
2025-10-21 17:27:19.146 WARN  [restartedMain] [] o.s.b.a.o.j.JpaBaseConfiguration$JpaWebConfiguration - spring.jpa.open-in-view is enabled by default. Therefore, database queries may be performed during view rendering. Explicitly configure spring.jpa.open-in-view to disable this warning
2025-10-21 17:27:19.148 INFO  [restartedMain] [] o.s.b.a.w.s.WelcomePageHandlerMapping - Adding welcome page template: index
2025-10-21 17:27:19.148 INFO  [restartedMain] [] o.h.jpa.internal.util.LogHelper - HHH000204: Processing PersistenceUnitInfo [name: default]
2025-10-21 17:27:19.227 INFO  [restartedMain] [] o.s.b.d.a.OptionalLiveReloadServer - LiveReload server is running on port 35729
2025-10-21 17:27:19.247 INFO  [restartedMain] [] o.a.coyote.http11.Http11NioProtocol - Starting ProtocolHandler ["http-nio-8081"]
2025-10-21 17:27:19.253 INFO  [restartedMain] [] o.s.b.w.e.tomcat.TomcatWebServer - Tomcat started on port 8081 (http) with context path '/admin'
2025-10-21 17:27:19.257 INFO  [restartedMain] [] c.b.i.Ict05FinalAdminApplication - Started Ict05FinalAdminApplication in 1.138 seconds (process running for 5388.033)
2025-10-21 17:27:19.258 INFO  [restartedMain] [] o.s.b.d.a.ConditionEvaluationDeltaLoggingListener - Condition evaluation unchanged
2025-10-21 17:27:19.258 INFO  [restartedMain] [] org.hibernate.Version - HHH000412: Hibernate ORM core version 6.6.29.Final
2025-10-21 17:27:19.322 INFO  [restartedMain] [] o.h.c.i.RegionFactoryInitiator - HHH000026: Second-level cache disabled
2025-10-21 17:27:19.676 INFO  [restartedMain] [] o.s.o.j.p.SpringPersistenceUnitInfo - No LoadTimeWeaver setup: ignoring JPA class transformer
2025-10-21 17:27:19.694 INFO  [restartedMain] [] com.zaxxer.hikari.HikariDataSource - HikariPool-1 - Starting...
2025-10-21 17:27:19.821 INFO  [restartedMain] [] com.zaxxer.hikari.pool.HikariPool - HikariPool-1 - Added connection com.p6spy.engine.wrapper.ConnectionWrapper@76adb27
2025-10-21 17:27:19.821 INFO  [restartedMain] [] com.zaxxer.hikari.HikariDataSource - HikariPool-1 - Start completed.
2025-10-21 17:27:19.842 WARN  [restartedMain] [] org.hibernate.orm.deprecation - HHH90000025: MariaDBDialect does not need to be specified explicitly using 'hibernate.dialect' (remove the property setting and it will be selected by default)
2025-10-21 17:27:19.853 INFO  [restartedMain] [] o.hibernate.orm.connections.pooling - HHH10001005: Database info:
	Database JDBC URL [Connecting through datasource 'HikariDataSource (HikariPool-1)']
	Database driver: undefined/unknown
	Database version: 10.5.12
	Autocommit mode: undefined/unknown
	Isolation level: undefined/unknown
	Minimum pool size: undefined/unknown
	Maximum pool size: undefined/unknown
2025-10-21 17:27:20.462 INFO  [restartedMain] [] o.h.e.t.j.p.i.JtaPlatformInitiator - HHH000489: No JTA platform available (set 'hibernate.transaction.jta.platform' to enable JTA platform integration)
2025-10-21 17:27:20.708 INFO  [restartedMain] [] o.s.o.j.LocalContainerEntityManagerFactoryBean - Initialized JPA EntityManagerFactory for persistence unit 'default'
2025-10-21 17:27:20.885 INFO  [restartedMain] [] o.s.d.j.r.query.QueryEnhancerFactory - Hibernate is in classpath; If applicable, HQL parser will be used.
2025-10-21 17:27:21.696 WARN  [restartedMain] [] o.s.b.a.o.j.JpaBaseConfiguration$JpaWebConfiguration - spring.jpa.open-in-view is enabled by default. Therefore, database queries may be performed during view rendering. Explicitly configure spring.jpa.open-in-view to disable this warning
2025-10-21 17:27:21.749 INFO  [restartedMain] [] o.s.b.a.w.s.WelcomePageHandlerMapping - Adding welcome page template: index
2025-10-21 17:27:22.524 WARN  [restartedMain] [] o.s.b.d.a.OptionalLiveReloadServer - Unable to start LiveReload server
2025-10-21 17:27:22.539 INFO  [restartedMain] [] o.a.coyote.http11.Http11NioProtocol - Starting ProtocolHandler ["http-nio-8081"]
2025-10-21 17:27:22.539 WARN  [restartedMain] [] o.s.b.w.s.c.AnnotationConfigServletWebServerApplicationContext - Exception encountered during context initialization - cancelling refresh attempt: org.springframework.context.ApplicationContextException: Failed to start bean 'webServerStartStop'
2025-10-21 17:27:22.539 INFO  [restartedMain] [] o.s.o.j.LocalContainerEntityManagerFactoryBean - Closing JPA EntityManagerFactory for persistence unit 'default'
2025-10-21 17:27:22.555 INFO  [restartedMain] [] com.zaxxer.hikari.HikariDataSource - HikariPool-1 - Shutdown initiated...
2025-10-21 17:27:22.577 INFO  [restartedMain] [] com.zaxxer.hikari.HikariDataSource - HikariPool-1 - Shutdown completed.
2025-10-21 17:27:22.587 INFO  [restartedMain] [] o.s.b.a.l.ConditionEvaluationReportLogger - 

Error starting ApplicationContext. To display the condition evaluation report re-run your application with 'debug' enabled.
2025-10-21 17:27:22.605 ERROR [restartedMain] [] o.s.b.d.LoggingFailureAnalysisReporter - 

***************************
APPLICATION FAILED TO START
***************************

Description:

Web server failed to start. Port 8081 was already in use.

Action:

Identify and stop the process that's listening on port 8081 or configure this application to listen on another port.

2025-10-21 17:27:27.681 INFO  [background-preinit] [] o.h.validator.internal.util.Version - HV000001: Hibernate Validator 8.0.3.Final
2025-10-21 17:27:27.707 INFO  [restartedMain] [] c.b.i.Ict05FinalAdminApplication - Starting Ict05FinalAdminApplication using Java 17.0.12 with PID 18604 (D:\DEV05\workspace_IntelliJ\ict05_final_project\ict05_final_admin\build\classes\java\main started by ict1 in D:\DEV05\workspace_IntelliJ\ict05_final_project\ict05_final_admin)
2025-10-21 17:27:27.707 DEBUG [restartedMain] [] c.b.i.Ict05FinalAdminApplication - Running with Spring Boot v3.5.6, Spring v6.2.11
2025-10-21 17:27:27.707 INFO  [restartedMain] [] c.b.i.Ict05FinalAdminApplication - The following 1 profile is active: "dev"
2025-10-21 17:27:27.739 INFO  [restartedMain] [] o.s.b.d.e.DevToolsPropertyDefaultsPostProcessor - Devtools property defaults active! Set 'spring.devtools.add-properties' to 'false' to disable
2025-10-21 17:27:27.739 INFO  [restartedMain] [] o.s.b.d.e.DevToolsPropertyDefaultsPostProcessor - For additional web related logging consider setting the 'logging.level.web' property to 'DEBUG'
2025-10-21 17:27:28.369 INFO  [restartedMain] [] o.s.d.r.c.RepositoryConfigurationDelegate - Bootstrapping Spring Data JPA repositories in DEFAULT mode.
2025-10-21 17:27:28.447 INFO  [restartedMain] [] o.s.d.r.c.RepositoryConfigurationDelegate - Finished Spring Data repository scanning in 64 ms. Found 9 JPA repository interfaces.
2025-10-21 17:27:29.009 INFO  [restartedMain] [] o.s.b.w.e.tomcat.TomcatWebServer - Tomcat initialized with port 8081 (http)
2025-10-21 17:27:29.025 INFO  [restartedMain] [] o.a.coyote.http11.Http11NioProtocol - Initializing ProtocolHandler ["http-nio-8081"]
2025-10-21 17:27:29.025 INFO  [restartedMain] [] o.a.catalina.core.StandardService - Starting service [Tomcat]
2025-10-21 17:27:29.025 INFO  [restartedMain] [] o.a.catalina.core.StandardEngine - Starting Servlet engine: [Apache Tomcat/10.1.46]
2025-10-21 17:27:29.102 INFO  [restartedMain] [] o.a.c.c.C.[.[localhost].[/admin] - Initializing Spring embedded WebApplicationContext
2025-10-21 17:27:29.102 INFO  [restartedMain] [] o.s.b.w.s.c.ServletWebServerApplicationContext - Root WebApplicationContext: initialization completed in 1363 ms
2025-10-21 17:27:29.338 INFO  [restartedMain] [] o.h.jpa.internal.util.LogHelper - HHH000204: Processing PersistenceUnitInfo [name: default]
2025-10-21 17:27:29.415 INFO  [restartedMain] [] org.hibernate.Version - HHH000412: Hibernate ORM core version 6.6.29.Final
2025-10-21 17:27:29.480 INFO  [restartedMain] [] o.h.c.i.RegionFactoryInitiator - HHH000026: Second-level cache disabled
2025-10-21 17:27:29.853 INFO  [restartedMain] [] o.s.o.j.p.SpringPersistenceUnitInfo - No LoadTimeWeaver setup: ignoring JPA class transformer
2025-10-21 17:27:29.884 INFO  [restartedMain] [] com.zaxxer.hikari.HikariDataSource - HikariPool-1 - Starting...
2025-10-21 17:27:30.025 INFO  [restartedMain] [] com.zaxxer.hikari.pool.HikariPool - HikariPool-1 - Added connection com.p6spy.engine.wrapper.ConnectionWrapper@5fb61265
2025-10-21 17:27:30.027 INFO  [restartedMain] [] com.zaxxer.hikari.HikariDataSource - HikariPool-1 - Start completed.
2025-10-21 17:27:30.045 WARN  [restartedMain] [] org.hibernate.orm.deprecation - HHH90000025: MariaDBDialect does not need to be specified explicitly using 'hibernate.dialect' (remove the property setting and it will be selected by default)
2025-10-21 17:27:30.056 INFO  [restartedMain] [] o.hibernate.orm.connections.pooling - HHH10001005: Database info:
	Database JDBC URL [Connecting through datasource 'HikariDataSource (HikariPool-1)']
	Database driver: undefined/unknown
	Database version: 10.5.12
	Autocommit mode: undefined/unknown
	Isolation level: undefined/unknown
	Minimum pool size: undefined/unknown
	Maximum pool size: undefined/unknown
2025-10-21 17:27:30.661 INFO  [restartedMain] [] o.h.e.t.j.p.i.JtaPlatformInitiator - HHH000489: No JTA platform available (set 'hibernate.transaction.jta.platform' to enable JTA platform integration)
2025-10-21 17:27:30.900 INFO  [restartedMain] [] o.s.o.j.LocalContainerEntityManagerFactoryBean - Initialized JPA EntityManagerFactory for persistence unit 'default'
2025-10-21 17:27:31.072 INFO  [restartedMain] [] o.s.d.j.r.query.QueryEnhancerFactory - Hibernate is in classpath; If applicable, HQL parser will be used.
2025-10-21 17:27:31.869 WARN  [restartedMain] [] o.s.b.a.o.j.JpaBaseConfiguration$JpaWebConfiguration - spring.jpa.open-in-view is enabled by default. Therefore, database queries may be performed during view rendering. Explicitly configure spring.jpa.open-in-view to disable this warning
2025-10-21 17:27:31.915 INFO  [restartedMain] [] o.s.b.a.w.s.WelcomePageHandlerMapping - Adding welcome page template: index
2025-10-21 17:27:32.672 WARN  [restartedMain] [] o.s.b.d.a.OptionalLiveReloadServer - Unable to start LiveReload server
2025-10-21 17:27:32.680 INFO  [restartedMain] [] o.a.coyote.http11.Http11NioProtocol - Starting ProtocolHandler ["http-nio-8081"]
2025-10-21 17:27:32.697 WARN  [restartedMain] [] o.s.b.w.s.c.AnnotationConfigServletWebServerApplicationContext - Exception encountered during context initialization - cancelling refresh attempt: org.springframework.context.ApplicationContextException: Failed to start bean 'webServerStartStop'
2025-10-21 17:27:32.697 INFO  [restartedMain] [] o.s.o.j.LocalContainerEntityManagerFactoryBean - Closing JPA EntityManagerFactory for persistence unit 'default'
2025-10-21 17:27:32.712 INFO  [restartedMain] [] com.zaxxer.hikari.HikariDataSource - HikariPool-1 - Shutdown initiated...
2025-10-21 17:27:32.744 INFO  [restartedMain] [] com.zaxxer.hikari.HikariDataSource - HikariPool-1 - Shutdown completed.
2025-10-21 17:27:32.757 INFO  [restartedMain] [] o.s.b.a.l.ConditionEvaluationReportLogger - 

Error starting ApplicationContext. To display the condition evaluation report re-run your application with 'debug' enabled.
2025-10-21 17:27:32.780 ERROR [restartedMain] [] o.s.b.d.LoggingFailureAnalysisReporter - 

***************************
APPLICATION FAILED TO START
***************************

Description:

Web server failed to start. Port 8081 was already in use.

Action:

Identify and stop the process that's listening on port 8081 or configure this application to listen on another port.

2025-10-21 17:27:57.930 INFO  [background-preinit] [] o.h.validator.internal.util.Version - HV000001: Hibernate Validator 8.0.3.Final
2025-10-21 17:27:57.951 INFO  [restartedMain] [] c.b.i.Ict05FinalAdminApplication - Starting Ict05FinalAdminApplication using Java 17.0.12 with PID 5644 (D:\DEV05\workspace_IntelliJ\ict05_final_project\ict05_final_admin\build\classes\java\main started by ict1 in D:\DEV05\workspace_IntelliJ\ict05_final_project\ict05_final_admin)
2025-10-21 17:27:57.951 DEBUG [restartedMain] [] c.b.i.Ict05FinalAdminApplication - Running with Spring Boot v3.5.6, Spring v6.2.11
2025-10-21 17:27:57.951 INFO  [restartedMain] [] c.b.i.Ict05FinalAdminApplication - The following 1 profile is active: "dev"
2025-10-21 17:27:57.991 INFO  [restartedMain] [] o.s.b.d.e.DevToolsPropertyDefaultsPostProcessor - Devtools property defaults active! Set 'spring.devtools.add-properties' to 'false' to disable
2025-10-21 17:27:57.991 INFO  [restartedMain] [] o.s.b.d.e.DevToolsPropertyDefaultsPostProcessor - For additional web related logging consider setting the 'logging.level.web' property to 'DEBUG'
2025-10-21 17:27:58.640 INFO  [restartedMain] [] o.s.d.r.c.RepositoryConfigurationDelegate - Bootstrapping Spring Data JPA repositories in DEFAULT mode.
2025-10-21 17:27:58.713 INFO  [restartedMain] [] o.s.d.r.c.RepositoryConfigurationDelegate - Finished Spring Data repository scanning in 64 ms. Found 9 JPA repository interfaces.
2025-10-21 17:27:59.369 INFO  [restartedMain] [] o.s.b.w.e.tomcat.TomcatWebServer - Tomcat initialized with port 8081 (http)
2025-10-21 17:27:59.391 INFO  [restartedMain] [] o.a.coyote.http11.Http11NioProtocol - Initializing ProtocolHandler ["http-nio-8081"]
2025-10-21 17:27:59.394 INFO  [restartedMain] [] o.a.catalina.core.StandardService - Starting service [Tomcat]
2025-10-21 17:27:59.394 INFO  [restartedMain] [] o.a.catalina.core.StandardEngine - Starting Servlet engine: [Apache Tomcat/10.1.46]
2025-10-21 17:27:59.463 INFO  [restartedMain] [] o.a.c.c.C.[.[localhost].[/admin] - Initializing Spring embedded WebApplicationContext
2025-10-21 17:27:59.463 INFO  [restartedMain] [] o.s.b.w.s.c.ServletWebServerApplicationContext - Root WebApplicationContext: initialization completed in 1472 ms
2025-10-21 17:27:59.744 INFO  [restartedMain] [] o.h.jpa.internal.util.LogHelper - HHH000204: Processing PersistenceUnitInfo [name: default]
2025-10-21 17:27:59.826 INFO  [restartedMain] [] org.hibernate.Version - HHH000412: Hibernate ORM core version 6.6.29.Final
2025-10-21 17:27:59.853 INFO  [restartedMain] [] o.h.c.i.RegionFactoryInitiator - HHH000026: Second-level cache disabled
2025-10-21 17:28:00.174 INFO  [restartedMain] [] o.s.o.j.p.SpringPersistenceUnitInfo - No LoadTimeWeaver setup: ignoring JPA class transformer
2025-10-21 17:28:00.201 INFO  [restartedMain] [] com.zaxxer.hikari.HikariDataSource - HikariPool-1 - Starting...
2025-10-21 17:28:00.337 INFO  [restartedMain] [] com.zaxxer.hikari.pool.HikariPool - HikariPool-1 - Added connection com.p6spy.engine.wrapper.ConnectionWrapper@39a1719e
2025-10-21 17:28:00.337 INFO  [restartedMain] [] com.zaxxer.hikari.HikariDataSource - HikariPool-1 - Start completed.
2025-10-21 17:28:00.353 WARN  [restartedMain] [] org.hibernate.orm.deprecation - HHH90000025: MariaDBDialect does not need to be specified explicitly using 'hibernate.dialect' (remove the property setting and it will be selected by default)
2025-10-21 17:28:00.369 INFO  [restartedMain] [] o.hibernate.orm.connections.pooling - HHH10001005: Database info:
	Database JDBC URL [Connecting through datasource 'HikariDataSource (HikariPool-1)']
	Database driver: undefined/unknown
	Database version: 10.5.12
	Autocommit mode: undefined/unknown
	Isolation level: undefined/unknown
	Minimum pool size: undefined/unknown
	Maximum pool size: undefined/unknown
2025-10-21 17:28:00.978 INFO  [restartedMain] [] o.h.e.t.j.p.i.JtaPlatformInitiator - HHH000489: No JTA platform available (set 'hibernate.transaction.jta.platform' to enable JTA platform integration)
2025-10-21 17:28:01.619 INFO  [restartedMain] [] o.s.o.j.LocalContainerEntityManagerFactoryBean - Initialized JPA EntityManagerFactory for persistence unit 'default'
2025-10-21 17:28:01.792 INFO  [restartedMain] [] o.s.d.j.r.query.QueryEnhancerFactory - Hibernate is in classpath; If applicable, HQL parser will be used.
2025-10-21 17:28:02.770 WARN  [restartedMain] [] o.s.b.a.o.j.JpaBaseConfiguration$JpaWebConfiguration - spring.jpa.open-in-view is enabled by default. Therefore, database queries may be performed during view rendering. Explicitly configure spring.jpa.open-in-view to disable this warning
2025-10-21 17:28:02.806 INFO  [restartedMain] [] o.s.b.a.w.s.WelcomePageHandlerMapping - Adding welcome page template: index
2025-10-21 17:28:03.384 INFO  [restartedMain] [] o.s.b.d.a.OptionalLiveReloadServer - LiveReload server is running on port 35729
2025-10-21 17:28:03.402 INFO  [restartedMain] [] o.a.coyote.http11.Http11NioProtocol - Starting ProtocolHandler ["http-nio-8081"]
2025-10-21 17:28:03.416 INFO  [restartedMain] [] o.s.b.w.e.tomcat.TomcatWebServer - Tomcat started on port 8081 (http) with context path '/admin'
2025-10-21 17:28:03.432 INFO  [restartedMain] [] c.b.i.Ict05FinalAdminApplication - Started Ict05FinalAdminApplication in 5.86 seconds (process running for 6.135)
2025-10-21 17:28:09.217 INFO  [http-nio-8081-exec-1] [] o.a.c.c.C.[.[localhost].[/admin] - Initializing Spring DispatcherServlet 'dispatcherServlet'
2025-10-21 17:28:09.217 INFO  [http-nio-8081-exec-1] [] o.s.web.servlet.DispatcherServlet - Initializing Servlet 'dispatcherServlet'
2025-10-21 17:28:09.218 INFO  [http-nio-8081-exec-1] [] o.s.web.servlet.DispatcherServlet - Completed initialization in 1 ms
2025-10-21 17:29:28.886 INFO  [background-preinit] [] o.h.validator.internal.util.Version - HV000001: Hibernate Validator 8.0.3.Final
2025-10-21 17:29:28.908 INFO  [restartedMain] [] c.b.i.Ict05FinalAdminApplication - Starting Ict05FinalAdminApplication using Java 17.0.12 with PID 21024 (D:\DEV05\workspace_IntelliJ\ict05_final_project\ict05_final_admin\build\classes\java\main started by ict1 in D:\DEV05\workspace_IntelliJ\ict05_final_project\ict05_final_admin)
2025-10-21 17:29:28.908 DEBUG [restartedMain] [] c.b.i.Ict05FinalAdminApplication - Running with Spring Boot v3.5.6, Spring v6.2.11
2025-10-21 17:29:28.908 INFO  [restartedMain] [] c.b.i.Ict05FinalAdminApplication - The following 1 profile is active: "dev"
2025-10-21 17:29:28.947 INFO  [restartedMain] [] o.s.b.d.e.DevToolsPropertyDefaultsPostProcessor - Devtools property defaults active! Set 'spring.devtools.add-properties' to 'false' to disable
2025-10-21 17:29:28.947 INFO  [restartedMain] [] o.s.b.d.e.DevToolsPropertyDefaultsPostProcessor - For additional web related logging consider setting the 'logging.level.web' property to 'DEBUG'
2025-10-21 17:29:29.565 INFO  [restartedMain] [] o.s.d.r.c.RepositoryConfigurationDelegate - Bootstrapping Spring Data JPA repositories in DEFAULT mode.
2025-10-21 17:29:29.651 INFO  [restartedMain] [] o.s.d.r.c.RepositoryConfigurationDelegate - Finished Spring Data repository scanning in 64 ms. Found 9 JPA repository interfaces.
2025-10-21 17:29:30.245 INFO  [restartedMain] [] o.s.b.w.e.tomcat.TomcatWebServer - Tomcat initialized with port 8081 (http)
2025-10-21 17:29:30.266 INFO  [restartedMain] [] o.a.coyote.http11.Http11NioProtocol - Initializing ProtocolHandler ["http-nio-8081"]
2025-10-21 17:29:30.269 INFO  [restartedMain] [] o.a.catalina.core.StandardService - Starting service [Tomcat]
2025-10-21 17:29:30.269 INFO  [restartedMain] [] o.a.catalina.core.StandardEngine - Starting Servlet engine: [Apache Tomcat/10.1.46]
2025-10-21 17:29:30.338 INFO  [restartedMain] [] o.a.c.c.C.[.[localhost].[/admin] - Initializing Spring embedded WebApplicationContext
2025-10-21 17:29:30.338 INFO  [restartedMain] [] o.s.b.w.s.c.ServletWebServerApplicationContext - Root WebApplicationContext: initialization completed in 1391 ms
2025-10-21 17:29:30.708 INFO  [restartedMain] [] o.h.jpa.internal.util.LogHelper - HHH000204: Processing PersistenceUnitInfo [name: default]
2025-10-21 17:29:30.759 INFO  [restartedMain] [] org.hibernate.Version - HHH000412: Hibernate ORM core version 6.6.29.Final
2025-10-21 17:29:30.799 INFO  [restartedMain] [] o.h.c.i.RegionFactoryInitiator - HHH000026: Second-level cache disabled
2025-10-21 17:29:31.006 INFO  [restartedMain] [] o.s.o.j.p.SpringPersistenceUnitInfo - No LoadTimeWeaver setup: ignoring JPA class transformer
2025-10-21 17:29:31.028 INFO  [restartedMain] [] com.zaxxer.hikari.HikariDataSource - HikariPool-1 - Starting...
2025-10-21 17:29:31.135 INFO  [restartedMain] [] com.zaxxer.hikari.pool.HikariPool - HikariPool-1 - Added connection com.p6spy.engine.wrapper.ConnectionWrapper@779d6b82
2025-10-21 17:29:31.135 INFO  [restartedMain] [] com.zaxxer.hikari.HikariDataSource - HikariPool-1 - Start completed.
2025-10-21 17:29:31.151 WARN  [restartedMain] [] org.hibernate.orm.deprecation - HHH90000025: MariaDBDialect does not need to be specified explicitly using 'hibernate.dialect' (remove the property setting and it will be selected by default)
2025-10-21 17:29:31.167 INFO  [restartedMain] [] o.hibernate.orm.connections.pooling - HHH10001005: Database info:
	Database JDBC URL [Connecting through datasource 'HikariDataSource (HikariPool-1)']
	Database driver: undefined/unknown
	Database version: 10.5.12
	Autocommit mode: undefined/unknown
	Isolation level: undefined/unknown
	Minimum pool size: undefined/unknown
	Maximum pool size: undefined/unknown
2025-10-21 17:29:31.746 INFO  [restartedMain] [] o.h.e.t.j.p.i.JtaPlatformInitiator - HHH000489: No JTA platform available (set 'hibernate.transaction.jta.platform' to enable JTA platform integration)
2025-10-21 17:29:31.983 INFO  [restartedMain] [] o.s.o.j.LocalContainerEntityManagerFactoryBean - Initialized JPA EntityManagerFactory for persistence unit 'default'
2025-10-21 17:29:32.167 INFO  [restartedMain] [] o.s.d.j.r.query.QueryEnhancerFactory - Hibernate is in classpath; If applicable, HQL parser will be used.
2025-10-21 17:29:33.064 WARN  [restartedMain] [] o.s.b.a.o.j.JpaBaseConfiguration$JpaWebConfiguration - spring.jpa.open-in-view is enabled by default. Therefore, database queries may be performed during view rendering. Explicitly configure spring.jpa.open-in-view to disable this warning
2025-10-21 17:29:33.115 INFO  [restartedMain] [] o.s.b.a.w.s.WelcomePageHandlerMapping - Adding welcome page template: index
2025-10-21 17:29:33.761 INFO  [restartedMain] [] o.s.b.d.a.OptionalLiveReloadServer - LiveReload server is running on port 35729
2025-10-21 17:29:33.777 INFO  [restartedMain] [] o.a.coyote.http11.Http11NioProtocol - Starting ProtocolHandler ["http-nio-8081"]
2025-10-21 17:29:33.792 INFO  [restartedMain] [] o.s.b.w.e.tomcat.TomcatWebServer - Tomcat started on port 8081 (http) with context path '/admin'
2025-10-21 17:29:33.812 INFO  [restartedMain] [] c.b.i.Ict05FinalAdminApplication - Started Ict05FinalAdminApplication in 5.285 seconds (process running for 5.535)
2025-10-21 17:29:37.954 INFO  [http-nio-8081-exec-1] [] o.a.c.c.C.[.[localhost].[/admin] - Initializing Spring DispatcherServlet 'dispatcherServlet'
2025-10-21 17:29:37.954 INFO  [http-nio-8081-exec-1] [] o.s.web.servlet.DispatcherServlet - Initializing Servlet 'dispatcherServlet'
2025-10-21 17:29:37.954 INFO  [http-nio-8081-exec-1] [] o.s.web.servlet.DispatcherServlet - Completed initialization in 0 ms
2025-10-21 17:44:12.413 INFO  [http-nio-8081-exec-8] [5eea2303] p6spy - #1761036252413 | took 0ms | resultset | connection -1| url 
select s1_0.store_id,s1_0.store_affiliate_price,s1_0.business_registration_number,s1_0.store_comment,s1_0.store_contract_affiliate_date,s1_0.store_contract_start_date,s1_0.store_contract_term,s1_0.store_location,s1_0.member_id_fk,s1_0.store_monthly_sales,s1_0.store_name,s1_0.store_phone,s1_0.store_royalty,s1_0.store_status,s1_0.store_type from store s1_0 where s1_0.store_id=?
2 = 1000000.00, 3 = '123-45-67890', 4 = '첫 매장입니다.', 5 = '2023-01-10T00:00:00.000+0900', 6 = '2023-01-01T00:00:00.000+0900', 7 = 12, 8 = '서울 강남구', 9 = 1, 10 = 5000000.00, 11 = '강남점', 12 = '02-1234-5678', 13 = 0.0500, 14 = 'OPERATING', 15 = 'FRANCHISE';
2025-10-21 17:46:59.842 INFO  [http-nio-8081-exec-2] [f669327e] p6spy - #1761036419842 | took 0ms | resultset | connection -1| url 
select s1_0.store_id,s1_0.store_affiliate_price,s1_0.business_registration_number,s1_0.store_comment,s1_0.store_contract_affiliate_date,s1_0.store_contract_start_date,s1_0.store_contract_term,s1_0.store_location,s1_0.member_id_fk,s1_0.store_monthly_sales,s1_0.store_name,s1_0.store_phone,s1_0.store_royalty,s1_0.store_status,s1_0.store_type from store s1_0 where s1_0.store_id=?
2 = 1000000.00, 3 = '123-45-67890', 4 = '첫 매장입니다.', 5 = '2023-01-10T00:00:00.000+0900', 6 = '2023-01-01T00:00:00.000+0900', 7 = 12, 8 = '서울 강남구', 9 = 1, 10 = 5000000.00, 11 = '강남점', 12 = '02-1234-5678', 13 = 0.0500, 14 = 'OPERATING', 15 = 'FRANCHISE';
2025-10-21 17:49:40.051 INFO  [http-nio-8081-exec-3] [8474eeb0] p6spy - #1761036580051 | took 0ms | resultset | connection -1| url 
select n1_0.notice_id,n1_0.member_id_fk,n1_0.notice_category,n1_0.notice_priority,n1_0.notice_status,n1_0.is_show,n1_0.notice_title,n1_0.notice_content,n1_0.writer,n1_0.notice_count,n1_0.notice_reg_date from notice n1_0 order by n1_0.notice_id desc limit ?,?
1 = 100, 2 = 100, 3 = 'EVENT', 4 = 'IMPORTANT', 5 = 'DELETED', 6 = false, 7 = '공지 제목 100', 8 = '공지 내용 100', 9 = '작성자01', 10 = 500, 11 = '2025-10-19T12:30:47.079+0900';
2025-10-21 17:49:40.051 INFO  [http-nio-8081-exec-3] [8474eeb0] p6spy - #1761036580051 | took 0ms | resultset | connection -1| url 
select n1_0.notice_id,n1_0.member_id_fk,n1_0.notice_category,n1_0.notice_priority,n1_0.notice_status,n1_0.is_show,n1_0.notice_title,n1_0.notice_content,n1_0.writer,n1_0.notice_count,n1_0.notice_reg_date from notice n1_0 order by n1_0.notice_id desc limit ?,?
1 = 99, 2 = 99, 3 = 'SYSTEM', 4 = 'EMERGENCY', 5 = 'ACTIVE', 6 = true, 7 = '공지 제목 99', 8 = '공지 내용 99', 9 = '작성자10', 10 = 495, 11 = '2025-10-18T12:30:47.079+0900';
2025-10-21 17:49:40.052 INFO  [http-nio-8081-exec-3] [8474eeb0] p6spy - #1761036580052 | took 0ms | resultset | connection -1| url 
select n1_0.notice_id,n1_0.member_id_fk,n1_0.notice_category,n1_0.notice_priority,n1_0.notice_status,n1_0.is_show,n1_0.notice_title,n1_0.notice_content,n1_0.writer,n1_0.notice_count,n1_0.notice_reg_date from notice n1_0 order by n1_0.notice_id desc limit ?,?
1 = 98, 2 = 98, 3 = 'POLICY', 4 = 'NORMAL', 5 = 'INACTIVE', 6 = false, 7 = '공지 제목 98', 8 = '공지 내용 98', 9 = '작성자09', 10 = 490, 11 = '2025-10-17T12:30:47.079+0900';
2025-10-21 17:49:40.053 INFO  [http-nio-8081-exec-3] [8474eeb0] p6spy - #1761036580053 | took 0ms | resultset | connection -1| url 
select n1_0.notice_id,n1_0.member_id_fk,n1_0.notice_category,n1_0.notice_priority,n1_0.notice_status,n1_0.is_show,n1_0.notice_title,n1_0.notice_content,n1_0.writer,n1_0.notice_count,n1_0.notice_reg_date from notice n1_0 order by n1_0.notice_id desc limit ?,?
1 = 97, 2 = 97, 3 = 'NORMAL', 4 = 'IMPORTANT', 5 = 'DELETED', 6 = true, 7 = '공지 제목 97', 8 = '공지 내용 97', 9 = '작성자08', 10 = 485, 11 = '2025-10-16T12:30:47.079+0900';
2025-10-21 17:49:40.053 INFO  [http-nio-8081-exec-3] [8474eeb0] p6spy - #1761036580053 | took 0ms | resultset | connection -1| url 
select n1_0.notice_id,n1_0.member_id_fk,n1_0.notice_category,n1_0.notice_priority,n1_0.notice_status,n1_0.is_show,n1_0.notice_title,n1_0.notice_content,n1_0.writer,n1_0.notice_count,n1_0.notice_reg_date from notice n1_0 order by n1_0.notice_id desc limit ?,?
1 = 96, 2 = 96, 3 = 'EVENT', 4 = 'EMERGENCY', 5 = 'ACTIVE', 6 = false, 7 = '공지 제목 96', 8 = '공지 내용 96', 9 = '작성자07', 10 = 480, 11 = '2025-10-15T12:30:47.079+0900';
2025-10-21 17:49:40.055 INFO  [http-nio-8081-exec-3] [8474eeb0] p6spy - #1761036580055 | took 0ms | resultset | connection -1| url 
select n1_0.notice_id,n1_0.member_id_fk,n1_0.notice_category,n1_0.notice_priority,n1_0.notice_status,n1_0.is_show,n1_0.notice_title,n1_0.notice_content,n1_0.writer,n1_0.notice_count,n1_0.notice_reg_date from notice n1_0 order by n1_0.notice_id desc limit ?,?
1 = 95, 2 = 95, 3 = 'SYSTEM', 4 = 'NORMAL', 5 = 'INACTIVE', 6 = true, 7 = '공지 제목 95', 8 = '공지 내용 95', 9 = '작성자06', 10 = 475, 11 = '2025-10-14T12:30:47.079+0900';
2025-10-21 17:49:40.058 INFO  [http-nio-8081-exec-3] [8474eeb0] p6spy - #1761036580058 | took 0ms | resultset | connection -1| url 
select n1_0.notice_id,n1_0.member_id_fk,n1_0.notice_category,n1_0.notice_priority,n1_0.notice_status,n1_0.is_show,n1_0.notice_title,n1_0.notice_content,n1_0.writer,n1_0.notice_count,n1_0.notice_reg_date from notice n1_0 order by n1_0.notice_id desc limit ?,?
1 = 94, 2 = 94, 3 = 'POLICY', 4 = 'IMPORTANT', 5 = 'DELETED', 6 = false, 7 = '공지 제목 94', 8 = '공지 내용 94', 9 = '작성자05', 10 = 470, 11 = '2025-10-13T12:30:47.079+0900';
2025-10-21 17:49:40.060 INFO  [http-nio-8081-exec-3] [8474eeb0] p6spy - #1761036580060 | took 0ms | resultset | connection -1| url 
select n1_0.notice_id,n1_0.member_id_fk,n1_0.notice_category,n1_0.notice_priority,n1_0.notice_status,n1_0.is_show,n1_0.notice_title,n1_0.notice_content,n1_0.writer,n1_0.notice_count,n1_0.notice_reg_date from notice n1_0 order by n1_0.notice_id desc limit ?,?
1 = 93, 2 = 93, 3 = 'NORMAL', 4 = 'EMERGENCY', 5 = 'ACTIVE', 6 = true, 7 = '공지 제목 93', 8 = '공지 내용 93', 9 = '작성자04', 10 = 465, 11 = '2025-10-12T12:30:47.079+0900';
2025-10-21 17:49:40.061 INFO  [http-nio-8081-exec-3] [8474eeb0] p6spy - #1761036580061 | took 0ms | resultset | connection -1| url 
select n1_0.notice_id,n1_0.member_id_fk,n1_0.notice_category,n1_0.notice_priority,n1_0.notice_status,n1_0.is_show,n1_0.notice_title,n1_0.notice_content,n1_0.writer,n1_0.notice_count,n1_0.notice_reg_date from notice n1_0 order by n1_0.notice_id desc limit ?,?
1 = 92, 2 = 92, 3 = 'EVENT', 4 = 'NORMAL', 5 = 'INACTIVE', 6 = false, 7 = '공지 제목 92', 8 = '공지 내용 92', 9 = '작성자03', 10 = 460, 11 = '2025-10-11T12:30:47.079+0900';
2025-10-21 17:49:40.062 INFO  [http-nio-8081-exec-3] [8474eeb0] p6spy - #1761036580062 | took 0ms | resultset | connection -1| url 
select n1_0.notice_id,n1_0.member_id_fk,n1_0.notice_category,n1_0.notice_priority,n1_0.notice_status,n1_0.is_show,n1_0.notice_title,n1_0.notice_content,n1_0.writer,n1_0.notice_count,n1_0.notice_reg_date from notice n1_0 order by n1_0.notice_id desc limit ?,?
1 = 91, 2 = 91, 3 = 'SYSTEM', 4 = 'IMPORTANT', 5 = 'DELETED', 6 = true, 7 = '공지 제목 91', 8 = '공지 내용 91', 9 = '작성자02', 10 = 455, 11 = '2025-10-10T12:30:47.079+0900';
2025-10-21 17:49:40.102 INFO  [http-nio-8081-exec-3] [8474eeb0] p6spy - #1761036580102 | took 0ms | resultset | connection -1| url 
select count(n1_0.notice_id) from notice n1_0
1 = 100;
2025-10-21 17:49:42.746 INFO  [http-nio-8081-exec-5] [4bb3b501] p6spy - #1761036582746 | took 0ms | resultset | connection -1| url 
select n1_0.notice_id,n1_0.member_id_fk,n1_0.notice_category,n1_0.notice_priority,n1_0.notice_status,n1_0.is_show,n1_0.notice_title,n1_0.notice_content,n1_0.writer,n1_0.notice_count,n1_0.notice_reg_date from notice n1_0 order by n1_0.notice_id desc limit ?,?
1 = 100, 2 = 100, 3 = 'EVENT', 4 = 'IMPORTANT', 5 = 'DELETED', 6 = false, 7 = '공지 제목 100', 8 = '공지 내용 100', 9 = '작성자01', 10 = 500, 11 = '2025-10-19T12:30:47.079+0900';
2025-10-21 17:49:42.748 INFO  [http-nio-8081-exec-5] [4bb3b501] p6spy - #1761036582748 | took 0ms | resultset | connection -1| url 
select n1_0.notice_id,n1_0.member_id_fk,n1_0.notice_category,n1_0.notice_priority,n1_0.notice_status,n1_0.is_show,n1_0.notice_title,n1_0.notice_content,n1_0.writer,n1_0.notice_count,n1_0.notice_reg_date from notice n1_0 order by n1_0.notice_id desc limit ?,?
1 = 99, 2 = 99, 3 = 'SYSTEM', 4 = 'EMERGENCY', 5 = 'ACTIVE', 6 = true, 7 = '공지 제목 99', 8 = '공지 내용 99', 9 = '작성자10', 10 = 495, 11 = '2025-10-18T12:30:47.079+0900';
2025-10-21 17:49:42.752 INFO  [http-nio-8081-exec-5] [4bb3b501] p6spy - #1761036582752 | took 0ms | resultset | connection -1| url 
select n1_0.notice_id,n1_0.member_id_fk,n1_0.notice_category,n1_0.notice_priority,n1_0.notice_status,n1_0.is_show,n1_0.notice_title,n1_0.notice_content,n1_0.writer,n1_0.notice_count,n1_0.notice_reg_date from notice n1_0 order by n1_0.notice_id desc limit ?,?
1 = 98, 2 = 98, 3 = 'POLICY', 4 = 'NORMAL', 5 = 'INACTIVE', 6 = false, 7 = '공지 제목 98', 8 = '공지 내용 98', 9 = '작성자09', 10 = 490, 11 = '2025-10-17T12:30:47.079+0900';
2025-10-21 17:49:42.754 INFO  [http-nio-8081-exec-5] [4bb3b501] p6spy - #1761036582754 | took 0ms | resultset | connection -1| url 
select n1_0.notice_id,n1_0.member_id_fk,n1_0.notice_category,n1_0.notice_priority,n1_0.notice_status,n1_0.is_show,n1_0.notice_title,n1_0.notice_content,n1_0.writer,n1_0.notice_count,n1_0.notice_reg_date from notice n1_0 order by n1_0.notice_id desc limit ?,?
1 = 97, 2 = 97, 3 = 'NORMAL', 4 = 'IMPORTANT', 5 = 'DELETED', 6 = true, 7 = '공지 제목 97', 8 = '공지 내용 97', 9 = '작성자08', 10 = 485, 11 = '2025-10-16T12:30:47.079+0900';
2025-10-21 17:49:42.756 INFO  [http-nio-8081-exec-5] [4bb3b501] p6spy - #1761036582756 | took 0ms | resultset | connection -1| url 
select n1_0.notice_id,n1_0.member_id_fk,n1_0.notice_category,n1_0.notice_priority,n1_0.notice_status,n1_0.is_show,n1_0.notice_title,n1_0.notice_content,n1_0.writer,n1_0.notice_count,n1_0.notice_reg_date from notice n1_0 order by n1_0.notice_id desc limit ?,?
1 = 96, 2 = 96, 3 = 'EVENT', 4 = 'EMERGENCY', 5 = 'ACTIVE', 6 = false, 7 = '공지 제목 96', 8 = '공지 내용 96', 9 = '작성자07', 10 = 480, 11 = '2025-10-15T12:30:47.079+0900';
2025-10-21 17:49:42.761 INFO  [http-nio-8081-exec-5] [4bb3b501] p6spy - #1761036582761 | took 0ms | resultset | connection -1| url 
select n1_0.notice_id,n1_0.member_id_fk,n1_0.notice_category,n1_0.notice_priority,n1_0.notice_status,n1_0.is_show,n1_0.notice_title,n1_0.notice_content,n1_0.writer,n1_0.notice_count,n1_0.notice_reg_date from notice n1_0 order by n1_0.notice_id desc limit ?,?
1 = 95, 2 = 95, 3 = 'SYSTEM', 4 = 'NORMAL', 5 = 'INACTIVE', 6 = true, 7 = '공지 제목 95', 8 = '공지 내용 95', 9 = '작성자06', 10 = 475, 11 = '2025-10-14T12:30:47.079+0900';
2025-10-21 17:49:42.763 INFO  [http-nio-8081-exec-5] [4bb3b501] p6spy - #1761036582763 | took 0ms | resultset | connection -1| url 
select n1_0.notice_id,n1_0.member_id_fk,n1_0.notice_category,n1_0.notice_priority,n1_0.notice_status,n1_0.is_show,n1_0.notice_title,n1_0.notice_content,n1_0.writer,n1_0.notice_count,n1_0.notice_reg_date from notice n1_0 order by n1_0.notice_id desc limit ?,?
1 = 94, 2 = 94, 3 = 'POLICY', 4 = 'IMPORTANT', 5 = 'DELETED', 6 = false, 7 = '공지 제목 94', 8 = '공지 내용 94', 9 = '작성자05', 10 = 470, 11 = '2025-10-13T12:30:47.079+0900';
2025-10-21 17:49:42.764 INFO  [http-nio-8081-exec-5] [4bb3b501] p6spy - #1761036582764 | took 0ms | resultset | connection -1| url 
select n1_0.notice_id,n1_0.member_id_fk,n1_0.notice_category,n1_0.notice_priority,n1_0.notice_status,n1_0.is_show,n1_0.notice_title,n1_0.notice_content,n1_0.writer,n1_0.notice_count,n1_0.notice_reg_date from notice n1_0 order by n1_0.notice_id desc limit ?,?
1 = 93, 2 = 93, 3 = 'NORMAL', 4 = 'EMERGENCY', 5 = 'ACTIVE', 6 = true, 7 = '공지 제목 93', 8 = '공지 내용 93', 9 = '작성자04', 10 = 465, 11 = '2025-10-12T12:30:47.079+0900';
2025-10-21 17:49:42.766 INFO  [http-nio-8081-exec-5] [4bb3b501] p6spy - #1761036582766 | took 0ms | resultset | connection -1| url 
select n1_0.notice_id,n1_0.member_id_fk,n1_0.notice_category,n1_0.notice_priority,n1_0.notice_status,n1_0.is_show,n1_0.notice_title,n1_0.notice_content,n1_0.writer,n1_0.notice_count,n1_0.notice_reg_date from notice n1_0 order by n1_0.notice_id desc limit ?,?
1 = 92, 2 = 92, 3 = 'EVENT', 4 = 'NORMAL', 5 = 'INACTIVE', 6 = false, 7 = '공지 제목 92', 8 = '공지 내용 92', 9 = '작성자03', 10 = 460, 11 = '2025-10-11T12:30:47.079+0900';
2025-10-21 17:49:42.766 INFO  [http-nio-8081-exec-5] [4bb3b501] p6spy - #1761036582766 | took 0ms | resultset | connection -1| url 
select n1_0.notice_id,n1_0.member_id_fk,n1_0.notice_category,n1_0.notice_priority,n1_0.notice_status,n1_0.is_show,n1_0.notice_title,n1_0.notice_content,n1_0.writer,n1_0.notice_count,n1_0.notice_reg_date from notice n1_0 order by n1_0.notice_id desc limit ?,?
1 = 91, 2 = 91, 3 = 'SYSTEM', 4 = 'IMPORTANT', 5 = 'DELETED', 6 = true, 7 = '공지 제목 91', 8 = '공지 내용 91', 9 = '작성자02', 10 = 455, 11 = '2025-10-10T12:30:47.079+0900';
2025-10-21 17:49:42.766 INFO  [http-nio-8081-exec-5] [4bb3b501] p6spy - #1761036582766 | took 0ms | resultset | connection -1| url 
select count(n1_0.notice_id) from notice n1_0
1 = 100;
2025-10-21 17:49:43.429 INFO  [http-nio-8081-exec-10] [d8b2b5e5] p6spy - #1761036583429 | took 0ms | resultset | connection -1| url 
select n1_0.notice_id,n1_0.member_id_fk,n1_0.notice_category,n1_0.notice_priority,n1_0.notice_status,n1_0.is_show,n1_0.notice_title,n1_0.notice_content,n1_0.writer,n1_0.notice_count,n1_0.notice_reg_date from notice n1_0 order by n1_0.notice_id desc limit ?,?
1 = 100, 2 = 100, 3 = 'EVENT', 4 = 'IMPORTANT', 5 = 'DELETED', 6 = false, 7 = '공지 제목 100', 8 = '공지 내용 100', 9 = '작성자01', 10 = 500, 11 = '2025-10-19T12:30:47.079+0900';
2025-10-21 17:49:43.432 INFO  [http-nio-8081-exec-10] [d8b2b5e5] p6spy - #1761036583432 | took 0ms | resultset | connection -1| url 
select n1_0.notice_id,n1_0.member_id_fk,n1_0.notice_category,n1_0.notice_priority,n1_0.notice_status,n1_0.is_show,n1_0.notice_title,n1_0.notice_content,n1_0.writer,n1_0.notice_count,n1_0.notice_reg_date from notice n1_0 order by n1_0.notice_id desc limit ?,?
1 = 99, 2 = 99, 3 = 'SYSTEM', 4 = 'EMERGENCY', 5 = 'ACTIVE', 6 = true, 7 = '공지 제목 99', 8 = '공지 내용 99', 9 = '작성자10', 10 = 495, 11 = '2025-10-18T12:30:47.079+0900';
2025-10-21 17:49:43.433 INFO  [http-nio-8081-exec-10] [d8b2b5e5] p6spy - #1761036583433 | took 0ms | resultset | connection -1| url 
select n1_0.notice_id,n1_0.member_id_fk,n1_0.notice_category,n1_0.notice_priority,n1_0.notice_status,n1_0.is_show,n1_0.notice_title,n1_0.notice_content,n1_0.writer,n1_0.notice_count,n1_0.notice_reg_date from notice n1_0 order by n1_0.notice_id desc limit ?,?
1 = 98, 2 = 98, 3 = 'POLICY', 4 = 'NORMAL', 5 = 'INACTIVE', 6 = false, 7 = '공지 제목 98', 8 = '공지 내용 98', 9 = '작성자09', 10 = 490, 11 = '2025-10-17T12:30:47.079+0900';
2025-10-21 17:49:43.434 INFO  [http-nio-8081-exec-10] [d8b2b5e5] p6spy - #1761036583434 | took 0ms | resultset | connection -1| url 
select n1_0.notice_id,n1_0.member_id_fk,n1_0.notice_category,n1_0.notice_priority,n1_0.notice_status,n1_0.is_show,n1_0.notice_title,n1_0.notice_content,n1_0.writer,n1_0.notice_count,n1_0.notice_reg_date from notice n1_0 order by n1_0.notice_id desc limit ?,?
1 = 97, 2 = 97, 3 = 'NORMAL', 4 = 'IMPORTANT', 5 = 'DELETED', 6 = true, 7 = '공지 제목 97', 8 = '공지 내용 97', 9 = '작성자08', 10 = 485, 11 = '2025-10-16T12:30:47.079+0900';
2025-10-21 17:49:43.436 INFO  [http-nio-8081-exec-10] [d8b2b5e5] p6spy - #1761036583436 | took 0ms | resultset | connection -1| url 
select n1_0.notice_id,n1_0.member_id_fk,n1_0.notice_category,n1_0.notice_priority,n1_0.notice_status,n1_0.is_show,n1_0.notice_title,n1_0.notice_content,n1_0.writer,n1_0.notice_count,n1_0.notice_reg_date from notice n1_0 order by n1_0.notice_id desc limit ?,?
1 = 96, 2 = 96, 3 = 'EVENT', 4 = 'EMERGENCY', 5 = 'ACTIVE', 6 = false, 7 = '공지 제목 96', 8 = '공지 내용 96', 9 = '작성자07', 10 = 480, 11 = '2025-10-15T12:30:47.079+0900';
2025-10-21 17:49:43.441 INFO  [http-nio-8081-exec-10] [d8b2b5e5] p6spy - #1761036583441 | took 0ms | resultset | connection -1| url 
select n1_0.notice_id,n1_0.member_id_fk,n1_0.notice_category,n1_0.notice_priority,n1_0.notice_status,n1_0.is_show,n1_0.notice_title,n1_0.notice_content,n1_0.writer,n1_0.notice_count,n1_0.notice_reg_date from notice n1_0 order by n1_0.notice_id desc limit ?,?
1 = 95, 2 = 95, 3 = 'SYSTEM', 4 = 'NORMAL', 5 = 'INACTIVE', 6 = true, 7 = '공지 제목 95', 8 = '공지 내용 95', 9 = '작성자06', 10 = 475, 11 = '2025-10-14T12:30:47.079+0900';
2025-10-21 17:49:43.444 INFO  [http-nio-8081-exec-10] [d8b2b5e5] p6spy - #1761036583444 | took 0ms | resultset | connection -1| url 
select n1_0.notice_id,n1_0.member_id_fk,n1_0.notice_category,n1_0.notice_priority,n1_0.notice_status,n1_0.is_show,n1_0.notice_title,n1_0.notice_content,n1_0.writer,n1_0.notice_count,n1_0.notice_reg_date from notice n1_0 order by n1_0.notice_id desc limit ?,?
1 = 94, 2 = 94, 3 = 'POLICY', 4 = 'IMPORTANT', 5 = 'DELETED', 6 = false, 7 = '공지 제목 94', 8 = '공지 내용 94', 9 = '작성자05', 10 = 470, 11 = '2025-10-13T12:30:47.079+0900';
2025-10-21 17:49:43.447 INFO  [http-nio-8081-exec-10] [d8b2b5e5] p6spy - #1761036583447 | took 0ms | resultset | connection -1| url 
select n1_0.notice_id,n1_0.member_id_fk,n1_0.notice_category,n1_0.notice_priority,n1_0.notice_status,n1_0.is_show,n1_0.notice_title,n1_0.notice_content,n1_0.writer,n1_0.notice_count,n1_0.notice_reg_date from notice n1_0 order by n1_0.notice_id desc limit ?,?
1 = 93, 2 = 93, 3 = 'NORMAL', 4 = 'EMERGENCY', 5 = 'ACTIVE', 6 = true, 7 = '공지 제목 93', 8 = '공지 내용 93', 9 = '작성자04', 10 = 465, 11 = '2025-10-12T12:30:47.079+0900';
2025-10-21 17:49:43.448 INFO  [http-nio-8081-exec-10] [d8b2b5e5] p6spy - #1761036583448 | took 0ms | resultset | connection -1| url 
select n1_0.notice_id,n1_0.member_id_fk,n1_0.notice_category,n1_0.notice_priority,n1_0.notice_status,n1_0.is_show,n1_0.notice_title,n1_0.notice_content,n1_0.writer,n1_0.notice_count,n1_0.notice_reg_date from notice n1_0 order by n1_0.notice_id desc limit ?,?
1 = 92, 2 = 92, 3 = 'EVENT', 4 = 'NORMAL', 5 = 'INACTIVE', 6 = false, 7 = '공지 제목 92', 8 = '공지 내용 92', 9 = '작성자03', 10 = 460, 11 = '2025-10-11T12:30:47.079+0900';
2025-10-21 17:49:43.448 INFO  [http-nio-8081-exec-10] [d8b2b5e5] p6spy - #1761036583448 | took 0ms | resultset | connection -1| url 
select n1_0.notice_id,n1_0.member_id_fk,n1_0.notice_category,n1_0.notice_priority,n1_0.notice_status,n1_0.is_show,n1_0.notice_title,n1_0.notice_content,n1_0.writer,n1_0.notice_count,n1_0.notice_reg_date from notice n1_0 order by n1_0.notice_id desc limit ?,?
1 = 91, 2 = 91, 3 = 'SYSTEM', 4 = 'IMPORTANT', 5 = 'DELETED', 6 = true, 7 = '공지 제목 91', 8 = '공지 내용 91', 9 = '작성자02', 10 = 455, 11 = '2025-10-10T12:30:47.079+0900';
2025-10-21 17:49:43.453 INFO  [http-nio-8081-exec-10] [d8b2b5e5] p6spy - #1761036583453 | took 0ms | resultset | connection -1| url 
select count(n1_0.notice_id) from notice n1_0
1 = 100;
2025-10-21 17:50:48.771 WARN  [http-nio-8081-exec-6] [11857d6d] o.m.jdbc.message.server.ErrorPacket - Error: 1406-22001: Data too long for column 'notice_content' at row 1
2025-10-21 17:50:48.772 WARN  [http-nio-8081-exec-6] [11857d6d] o.h.e.jdbc.spi.SqlExceptionHelper - SQL Error: 1406, SQLState: 22001
2025-10-21 17:50:48.772 ERROR [http-nio-8081-exec-6] [11857d6d] o.h.e.jdbc.spi.SqlExceptionHelper - (conn=678252) Data too long for column 'notice_content' at row 1
2025-10-21 17:50:48.780 INFO  [http-nio-8081-exec-6] [11857d6d] p6spy - #1761036648780 | took 2ms | rollback | connection 0| url jdbc:p6spy:mariadb://ict05final.wwwbiz.kr:3306/ict05final

;
2025-10-21 17:50:48.784 ERROR [http-nio-8081-exec-6] [11857d6d] c.b.i.c.error.GlobalExceptionHandler - [COMMON-500] [WEB][rid=11857d6d][POST /admin/API/notice/write] 예상치 못한 오류
2025-10-21 17:50:48.785 WARN  [http-nio-8081-exec-6] [11857d6d] o.s.w.s.m.m.a.ExceptionHandlerExceptionResolver - Resolved [org.springframework.dao.InvalidDataAccessResourceUsageException: could not execute statement [(conn=678252) Data too long for column 'notice_content' at row 1] [insert into notice (notice_content,is_show,member_id_fk,notice_category,notice_confirmed,notice_count,notice_priority,notice_status,notice_reg_date,notice_title,writer) values (?,?,?,?,?,?,?,?,?,?,?)]; SQL [insert into notice (notice_content,is_show,member_id_fk,notice_category,notice_confirmed,notice_count,notice_priority,notice_status,notice_reg_date,notice_title,writer) values (?,?,?,?,?,?,?,?,?,?,?)]]
2025-10-21 17:50:49.824 WARN  [http-nio-8081-exec-8] [427e61d0] o.m.jdbc.message.server.ErrorPacket - Error: 1406-22001: Data too long for column 'notice_content' at row 1
2025-10-21 17:50:49.824 WARN  [http-nio-8081-exec-8] [427e61d0] o.h.e.jdbc.spi.SqlExceptionHelper - SQL Error: 1406, SQLState: 22001
2025-10-21 17:50:49.824 ERROR [http-nio-8081-exec-8] [427e61d0] o.h.e.jdbc.spi.SqlExceptionHelper - (conn=678252) Data too long for column 'notice_content' at row 1
2025-10-21 17:50:49.834 INFO  [http-nio-8081-exec-8] [427e61d0] p6spy - #1761036649834 | took 3ms | rollback | connection 0| url jdbc:p6spy:mariadb://ict05final.wwwbiz.kr:3306/ict05final

;
2025-10-21 17:50:49.834 ERROR [http-nio-8081-exec-8] [427e61d0] c.b.i.c.error.GlobalExceptionHandler - [COMMON-500] [WEB][rid=427e61d0][POST /admin/API/notice/write] 예상치 못한 오류
2025-10-21 17:50:49.834 WARN  [http-nio-8081-exec-8] [427e61d0] o.s.w.s.m.m.a.ExceptionHandlerExceptionResolver - Resolved [org.springframework.dao.InvalidDataAccessResourceUsageException: could not execute statement [(conn=678252) Data too long for column 'notice_content' at row 1] [insert into notice (notice_content,is_show,member_id_fk,notice_category,notice_confirmed,notice_count,notice_priority,notice_status,notice_reg_date,notice_title,writer) values (?,?,?,?,?,?,?,?,?,?,?)]; SQL [insert into notice (notice_content,is_show,member_id_fk,notice_category,notice_confirmed,notice_count,notice_priority,notice_status,notice_reg_date,notice_title,writer) values (?,?,?,?,?,?,?,?,?,?,?)]]
2025-10-21 17:50:50.444 WARN  [http-nio-8081-exec-9] [8c6ddc39] o.m.jdbc.message.server.ErrorPacket - Error: 1406-22001: Data too long for column 'notice_content' at row 1
2025-10-21 17:50:50.444 WARN  [http-nio-8081-exec-9] [8c6ddc39] o.h.e.jdbc.spi.SqlExceptionHelper - SQL Error: 1406, SQLState: 22001
2025-10-21 17:50:50.444 ERROR [http-nio-8081-exec-9] [8c6ddc39] o.h.e.jdbc.spi.SqlExceptionHelper - (conn=678252) Data too long for column 'notice_content' at row 1
2025-10-21 17:50:50.444 INFO  [http-nio-8081-exec-9] [8c6ddc39] p6spy - #1761036650444 | took 2ms | rollback | connection 0| url jdbc:p6spy:mariadb://ict05final.wwwbiz.kr:3306/ict05final

;
2025-10-21 17:50:50.444 ERROR [http-nio-8081-exec-9] [8c6ddc39] c.b.i.c.error.GlobalExceptionHandler - [COMMON-500] [WEB][rid=8c6ddc39][POST /admin/API/notice/write] 예상치 못한 오류
2025-10-21 17:50:50.444 WARN  [http-nio-8081-exec-9] [8c6ddc39] o.s.w.s.m.m.a.ExceptionHandlerExceptionResolver - Resolved [org.springframework.dao.InvalidDataAccessResourceUsageException: could not execute statement [(conn=678252) Data too long for column 'notice_content' at row 1] [insert into notice (notice_content,is_show,member_id_fk,notice_category,notice_confirmed,notice_count,notice_priority,notice_status,notice_reg_date,notice_title,writer) values (?,?,?,?,?,?,?,?,?,?,?)]; SQL [insert into notice (notice_content,is_show,member_id_fk,notice_category,notice_confirmed,notice_count,notice_priority,notice_status,notice_reg_date,notice_title,writer) values (?,?,?,?,?,?,?,?,?,?,?)]]
2025-10-21 17:50:51.319 WARN  [http-nio-8081-exec-7] [bf5a8689] o.m.jdbc.message.server.ErrorPacket - Error: 1406-22001: Data too long for column 'notice_content' at row 1
2025-10-21 17:50:51.320 WARN  [http-nio-8081-exec-7] [bf5a8689] o.h.e.jdbc.spi.SqlExceptionHelper - SQL Error: 1406, SQLState: 22001
2025-10-21 17:50:51.320 ERROR [http-nio-8081-exec-7] [bf5a8689] o.h.e.jdbc.spi.SqlExceptionHelper - (conn=678252) Data too long for column 'notice_content' at row 1
2025-10-21 17:50:51.323 INFO  [http-nio-8081-exec-7] [bf5a8689] p6spy - #1761036651323 | took 2ms | rollback | connection 0| url jdbc:p6spy:mariadb://ict05final.wwwbiz.kr:3306/ict05final

;
2025-10-21 17:50:51.324 ERROR [http-nio-8081-exec-7] [bf5a8689] c.b.i.c.error.GlobalExceptionHandler - [COMMON-500] [WEB][rid=bf5a8689][POST /admin/API/notice/write] 예상치 못한 오류
2025-10-21 17:50:51.324 WARN  [http-nio-8081-exec-7] [bf5a8689] o.s.w.s.m.m.a.ExceptionHandlerExceptionResolver - Resolved [org.springframework.dao.InvalidDataAccessResourceUsageException: could not execute statement [(conn=678252) Data too long for column 'notice_content' at row 1] [insert into notice (notice_content,is_show,member_id_fk,notice_category,notice_confirmed,notice_count,notice_priority,notice_status,notice_reg_date,notice_title,writer) values (?,?,?,?,?,?,?,?,?,?,?)]; SQL [insert into notice (notice_content,is_show,member_id_fk,notice_category,notice_confirmed,notice_count,notice_priority,notice_status,notice_reg_date,notice_title,writer) values (?,?,?,?,?,?,?,?,?,?,?)]]
2025-10-21 17:50:56.638 WARN  [http-nio-8081-exec-2] [9a09e818] o.m.jdbc.message.server.ErrorPacket - Error: 1406-22001: Data too long for column 'notice_content' at row 1
2025-10-21 17:50:56.639 WARN  [http-nio-8081-exec-2] [9a09e818] o.h.e.jdbc.spi.SqlExceptionHelper - SQL Error: 1406, SQLState: 22001
2025-10-21 17:50:56.639 ERROR [http-nio-8081-exec-2] [9a09e818] o.h.e.jdbc.spi.SqlExceptionHelper - (conn=678252) Data too long for column 'notice_content' at row 1
2025-10-21 17:50:56.641 INFO  [http-nio-8081-exec-2] [9a09e818] p6spy - #1761036656641 | took 1ms | rollback | connection 0| url jdbc:p6spy:mariadb://ict05final.wwwbiz.kr:3306/ict05final

;
2025-10-21 17:50:56.644 ERROR [http-nio-8081-exec-2] [9a09e818] c.b.i.c.error.GlobalExceptionHandler - [COMMON-500] [WEB][rid=9a09e818][POST /admin/API/notice/write] 예상치 못한 오류
2025-10-21 17:50:56.645 WARN  [http-nio-8081-exec-2] [9a09e818] o.s.w.s.m.m.a.ExceptionHandlerExceptionResolver - Resolved [org.springframework.dao.InvalidDataAccessResourceUsageException: could not execute statement [(conn=678252) Data too long for column 'notice_content' at row 1] [insert into notice (notice_content,is_show,member_id_fk,notice_category,notice_confirmed,notice_count,notice_priority,notice_status,notice_reg_date,notice_title,writer) values (?,?,?,?,?,?,?,?,?,?,?)]; SQL [insert into notice (notice_content,is_show,member_id_fk,notice_category,notice_confirmed,notice_count,notice_priority,notice_status,notice_reg_date,notice_title,writer) values (?,?,?,?,?,?,?,?,?,?,?)]]
2025-10-21 17:50:57.324 WARN  [http-nio-8081-exec-4] [ab94a3ca] o.m.jdbc.message.server.ErrorPacket - Error: 1406-22001: Data too long for column 'notice_content' at row 1
2025-10-21 17:50:57.324 WARN  [http-nio-8081-exec-4] [ab94a3ca] o.h.e.jdbc.spi.SqlExceptionHelper - SQL Error: 1406, SQLState: 22001
2025-10-21 17:50:57.324 ERROR [http-nio-8081-exec-4] [ab94a3ca] o.h.e.jdbc.spi.SqlExceptionHelper - (conn=678252) Data too long for column 'notice_content' at row 1
2025-10-21 17:50:57.324 INFO  [http-nio-8081-exec-4] [ab94a3ca] p6spy - #1761036657324 | took 2ms | rollback | connection 0| url jdbc:p6spy:mariadb://ict05final.wwwbiz.kr:3306/ict05final

;
2025-10-21 17:50:57.333 ERROR [http-nio-8081-exec-4] [ab94a3ca] c.b.i.c.error.GlobalExceptionHandler - [COMMON-500] [WEB][rid=ab94a3ca][POST /admin/API/notice/write] 예상치 못한 오류
2025-10-21 17:50:57.334 WARN  [http-nio-8081-exec-4] [ab94a3ca] o.s.w.s.m.m.a.ExceptionHandlerExceptionResolver - Resolved [org.springframework.dao.InvalidDataAccessResourceUsageException: could not execute statement [(conn=678252) Data too long for column 'notice_content' at row 1] [insert into notice (notice_content,is_show,member_id_fk,notice_category,notice_confirmed,notice_count,notice_priority,notice_status,notice_reg_date,notice_title,writer) values (?,?,?,?,?,?,?,?,?,?,?)]; SQL [insert into notice (notice_content,is_show,member_id_fk,notice_category,notice_confirmed,notice_count,notice_priority,notice_status,notice_reg_date,notice_title,writer) values (?,?,?,?,?,?,?,?,?,?,?)]]
2025-10-21 17:50:57.843 WARN  [http-nio-8081-exec-10] [de826e12] o.m.jdbc.message.server.ErrorPacket - Error: 1406-22001: Data too long for column 'notice_content' at row 1
2025-10-21 17:50:57.843 WARN  [http-nio-8081-exec-10] [de826e12] o.h.e.jdbc.spi.SqlExceptionHelper - SQL Error: 1406, SQLState: 22001
2025-10-21 17:50:57.843 ERROR [http-nio-8081-exec-10] [de826e12] o.h.e.jdbc.spi.SqlExceptionHelper - (conn=678252) Data too long for column 'notice_content' at row 1
2025-10-21 17:50:57.843 INFO  [http-nio-8081-exec-10] [de826e12] p6spy - #1761036657843 | took 2ms | rollback | connection 0| url jdbc:p6spy:mariadb://ict05final.wwwbiz.kr:3306/ict05final

;
2025-10-21 17:50:57.843 ERROR [http-nio-8081-exec-10] [de826e12] c.b.i.c.error.GlobalExceptionHandler - [COMMON-500] [WEB][rid=de826e12][POST /admin/API/notice/write] 예상치 못한 오류
2025-10-21 17:50:57.843 WARN  [http-nio-8081-exec-10] [de826e12] o.s.w.s.m.m.a.ExceptionHandlerExceptionResolver - Resolved [org.springframework.dao.InvalidDataAccessResourceUsageException: could not execute statement [(conn=678252) Data too long for column 'notice_content' at row 1] [insert into notice (notice_content,is_show,member_id_fk,notice_category,notice_confirmed,notice_count,notice_priority,notice_status,notice_reg_date,notice_title,writer) values (?,?,?,?,?,?,?,?,?,?,?)]; SQL [insert into notice (notice_content,is_show,member_id_fk,notice_category,notice_confirmed,notice_count,notice_priority,notice_status,notice_reg_date,notice_title,writer) values (?,?,?,?,?,?,?,?,?,?,?)]]
2025-10-21 17:50:58.048 WARN  [http-nio-8081-exec-3] [03013712] o.m.jdbc.message.server.ErrorPacket - Error: 1406-22001: Data too long for column 'notice_content' at row 1
2025-10-21 17:50:58.048 WARN  [http-nio-8081-exec-3] [03013712] o.h.e.jdbc.spi.SqlExceptionHelper - SQL Error: 1406, SQLState: 22001
2025-10-21 17:50:58.048 ERROR [http-nio-8081-exec-3] [03013712] o.h.e.jdbc.spi.SqlExceptionHelper - (conn=678252) Data too long for column 'notice_content' at row 1
2025-10-21 17:50:58.052 INFO  [http-nio-8081-exec-3] [03013712] p6spy - #1761036658052 | took 2ms | rollback | connection 0| url jdbc:p6spy:mariadb://ict05final.wwwbiz.kr:3306/ict05final

;
2025-10-21 17:50:58.054 ERROR [http-nio-8081-exec-3] [03013712] c.b.i.c.error.GlobalExceptionHandler - [COMMON-500] [WEB][rid=03013712][POST /admin/API/notice/write] 예상치 못한 오류
2025-10-21 17:50:58.055 WARN  [http-nio-8081-exec-3] [03013712] o.s.w.s.m.m.a.ExceptionHandlerExceptionResolver - Resolved [org.springframework.dao.InvalidDataAccessResourceUsageException: could not execute statement [(conn=678252) Data too long for column 'notice_content' at row 1] [insert into notice (notice_content,is_show,member_id_fk,notice_category,notice_confirmed,notice_count,notice_priority,notice_status,notice_reg_date,notice_title,writer) values (?,?,?,?,?,?,?,?,?,?,?)]; SQL [insert into notice (notice_content,is_show,member_id_fk,notice_category,notice_confirmed,notice_count,notice_priority,notice_status,notice_reg_date,notice_title,writer) values (?,?,?,?,?,?,?,?,?,?,?)]]
2025-10-21 17:50:58.284 WARN  [http-nio-8081-exec-1] [e2068a06] o.m.jdbc.message.server.ErrorPacket - Error: 1406-22001: Data too long for column 'notice_content' at row 1
2025-10-21 17:50:58.284 WARN  [http-nio-8081-exec-1] [e2068a06] o.h.e.jdbc.spi.SqlExceptionHelper - SQL Error: 1406, SQLState: 22001
2025-10-21 17:50:58.284 ERROR [http-nio-8081-exec-1] [e2068a06] o.h.e.jdbc.spi.SqlExceptionHelper - (conn=678252) Data too long for column 'notice_content' at row 1
2025-10-21 17:50:58.284 INFO  [http-nio-8081-exec-1] [e2068a06] p6spy - #1761036658284 | took 2ms | rollback | connection 0| url jdbc:p6spy:mariadb://ict05final.wwwbiz.kr:3306/ict05final

;
2025-10-21 17:50:58.294 ERROR [http-nio-8081-exec-1] [e2068a06] c.b.i.c.error.GlobalExceptionHandler - [COMMON-500] [WEB][rid=e2068a06][POST /admin/API/notice/write] 예상치 못한 오류
2025-10-21 17:50:58.294 WARN  [http-nio-8081-exec-1] [e2068a06] o.s.w.s.m.m.a.ExceptionHandlerExceptionResolver - Resolved [org.springframework.dao.InvalidDataAccessResourceUsageException: could not execute statement [(conn=678252) Data too long for column 'notice_content' at row 1] [insert into notice (notice_content,is_show,member_id_fk,notice_category,notice_confirmed,notice_count,notice_priority,notice_status,notice_reg_date,notice_title,writer) values (?,?,?,?,?,?,?,?,?,?,?)]; SQL [insert into notice (notice_content,is_show,member_id_fk,notice_category,notice_confirmed,notice_count,notice_priority,notice_status,notice_reg_date,notice_title,writer) values (?,?,?,?,?,?,?,?,?,?,?)]]
2025-10-21 17:50:58.484 WARN  [http-nio-8081-exec-5] [10b3b3f6] o.m.jdbc.message.server.ErrorPacket - Error: 1406-22001: Data too long for column 'notice_content' at row 1
2025-10-21 17:50:58.484 WARN  [http-nio-8081-exec-5] [10b3b3f6] o.h.e.jdbc.spi.SqlExceptionHelper - SQL Error: 1406, SQLState: 22001
2025-10-21 17:50:58.484 ERROR [http-nio-8081-exec-5] [10b3b3f6] o.h.e.jdbc.spi.SqlExceptionHelper - (conn=678252) Data too long for column 'notice_content' at row 1
2025-10-21 17:50:58.494 INFO  [http-nio-8081-exec-5] [10b3b3f6] p6spy - #1761036658494 | took 6ms | rollback | connection 0| url jdbc:p6spy:mariadb://ict05final.wwwbiz.kr:3306/ict05final

;
2025-10-21 17:50:58.494 ERROR [http-nio-8081-exec-5] [10b3b3f6] c.b.i.c.error.GlobalExceptionHandler - [COMMON-500] [WEB][rid=10b3b3f6][POST /admin/API/notice/write] 예상치 못한 오류
2025-10-21 17:50:58.494 WARN  [http-nio-8081-exec-5] [10b3b3f6] o.s.w.s.m.m.a.ExceptionHandlerExceptionResolver - Resolved [org.springframework.dao.InvalidDataAccessResourceUsageException: could not execute statement [(conn=678252) Data too long for column 'notice_content' at row 1] [insert into notice (notice_content,is_show,member_id_fk,notice_category,notice_confirmed,notice_count,notice_priority,notice_status,notice_reg_date,notice_title,writer) values (?,?,?,?,?,?,?,?,?,?,?)]; SQL [insert into notice (notice_content,is_show,member_id_fk,notice_category,notice_confirmed,notice_count,notice_priority,notice_status,notice_reg_date,notice_title,writer) values (?,?,?,?,?,?,?,?,?,?,?)]]
2025-10-21 17:50:58.672 WARN  [http-nio-8081-exec-6] [942f9416] o.m.jdbc.message.server.ErrorPacket - Error: 1406-22001: Data too long for column 'notice_content' at row 1
2025-10-21 17:50:58.672 WARN  [http-nio-8081-exec-6] [942f9416] o.h.e.jdbc.spi.SqlExceptionHelper - SQL Error: 1406, SQLState: 22001
2025-10-21 17:50:58.672 ERROR [http-nio-8081-exec-6] [942f9416] o.h.e.jdbc.spi.SqlExceptionHelper - (conn=678252) Data too long for column 'notice_content' at row 1
2025-10-21 17:50:58.675 INFO  [http-nio-8081-exec-6] [942f9416] p6spy - #1761036658675 | took 1ms | rollback | connection 0| url jdbc:p6spy:mariadb://ict05final.wwwbiz.kr:3306/ict05final

;
2025-10-21 17:50:58.677 ERROR [http-nio-8081-exec-6] [942f9416] c.b.i.c.error.GlobalExceptionHandler - [COMMON-500] [WEB][rid=942f9416][POST /admin/API/notice/write] 예상치 못한 오류
2025-10-21 17:50:58.678 WARN  [http-nio-8081-exec-6] [942f9416] o.s.w.s.m.m.a.ExceptionHandlerExceptionResolver - Resolved [org.springframework.dao.InvalidDataAccessResourceUsageException: could not execute statement [(conn=678252) Data too long for column 'notice_content' at row 1] [insert into notice (notice_content,is_show,member_id_fk,notice_category,notice_confirmed,notice_count,notice_priority,notice_status,notice_reg_date,notice_title,writer) values (?,?,?,?,?,?,?,?,?,?,?)]; SQL [insert into notice (notice_content,is_show,member_id_fk,notice_category,notice_confirmed,notice_count,notice_priority,notice_status,notice_reg_date,notice_title,writer) values (?,?,?,?,?,?,?,?,?,?,?)]]
2025-10-21 17:50:58.850 WARN  [http-nio-8081-exec-8] [cff8104c] o.m.jdbc.message.server.ErrorPacket - Error: 1406-22001: Data too long for column 'notice_content' at row 1
2025-10-21 17:50:58.850 WARN  [http-nio-8081-exec-8] [cff8104c] o.h.e.jdbc.spi.SqlExceptionHelper - SQL Error: 1406, SQLState: 22001
2025-10-21 17:50:58.850 ERROR [http-nio-8081-exec-8] [cff8104c] o.h.e.jdbc.spi.SqlExceptionHelper - (conn=678252) Data too long for column 'notice_content' at row 1
2025-10-21 17:50:58.854 INFO  [http-nio-8081-exec-8] [cff8104c] p6spy - #1761036658854 | took 1ms | rollback | connection 0| url jdbc:p6spy:mariadb://ict05final.wwwbiz.kr:3306/ict05final

;
2025-10-21 17:50:58.854 ERROR [http-nio-8081-exec-8] [cff8104c] c.b.i.c.error.GlobalExceptionHandler - [COMMON-500] [WEB][rid=cff8104c][POST /admin/API/notice/write] 예상치 못한 오류
2025-10-21 17:50:58.854 WARN  [http-nio-8081-exec-8] [cff8104c] o.s.w.s.m.m.a.ExceptionHandlerExceptionResolver - Resolved [org.springframework.dao.InvalidDataAccessResourceUsageException: could not execute statement [(conn=678252) Data too long for column 'notice_content' at row 1] [insert into notice (notice_content,is_show,member_id_fk,notice_category,notice_confirmed,notice_count,notice_priority,notice_status,notice_reg_date,notice_title,writer) values (?,?,?,?,?,?,?,?,?,?,?)]; SQL [insert into notice (notice_content,is_show,member_id_fk,notice_category,notice_confirmed,notice_count,notice_priority,notice_status,notice_reg_date,notice_title,writer) values (?,?,?,?,?,?,?,?,?,?,?)]]
2025-10-21 17:51:07.528 INFO  [http-nio-8081-exec-7] [7445e095] p6spy - #1761036667528 | took 0ms | resultset | connection -1| url 
select n1_0.notice_id,n1_0.notice_content,n1_0.is_show,n1_0.member_id_fk,n1_0.notice_category,n1_0.notice_confirmed,n1_0.notice_count,n1_0.notice_priority,n1_0.notice_status,n1_0.notice_reg_date,n1_0.notice_title,n1_0.writer from notice n1_0 where n1_0.notice_id=?
2 = '<p>테스트테스트테스트테스트테스트테스트테스트테스트테스트테스트테스트테스트테스트테스트테스트테스트테스트테스트테스트테스트테스트테스트테스트테스트테스트테스트테스트테스트테스트테스트테스트테스트테스트테스트테스트테스트테스트테스트테스트테스트테스트테스트테스트테스트테스트테스트테스트테스트테스트테스트테스트테스트테스트테스트테스트테스트테스트테스트</p>', 3 = false, 4 = 0, 5 = 'NORMAL', 6 = false, 7 = 0, 8 = 'NORMAL', 9 = 'ACTIVE', 10 = '2025-10-21T17:51:04.996+0900', 11 = '테스트', 12 = '테스트';
2025-10-21 17:51:11.273 INFO  [http-nio-8081-exec-6] [00cb23b6] p6spy - #1761036671273 | took 0ms | resultset | connection -1| url 
select n1_0.notice_id,n1_0.member_id_fk,n1_0.notice_category,n1_0.notice_priority,n1_0.notice_status,n1_0.is_show,n1_0.notice_title,n1_0.notice_content,n1_0.writer,n1_0.notice_count,n1_0.notice_reg_date from notice n1_0 order by n1_0.notice_id desc limit ?,?
1 = 128, 2 = 0, 3 = 'NORMAL', 4 = 'NORMAL', 5 = 'ACTIVE', 6 = false, 7 = '테스트', 8 = '<p>테스트테스트테스트테스트테스트테스트테스트테스트테스트테스트테스트테스트테스트테스트테스트테스트테스트테스트테스트테스트테스트테스트테스트테스트테스트테스트테스트테스트테스트테스트테스트테스트테스트테스트테스트테스트테스트테스트테스트테스트테스트테스트테스트테스트테스트테스트테스트테스트테스트테스트테스트테스트테스트테스트테스트테스트테스트테스트</p>', 9 = '테스트', 10 = 0, 11 = '2025-10-21T17:51:04.996+0900';
2025-10-21 17:51:11.274 INFO  [http-nio-8081-exec-6] [00cb23b6] p6spy - #1761036671274 | took 0ms | resultset | connection -1| url 
select n1_0.notice_id,n1_0.member_id_fk,n1_0.notice_category,n1_0.notice_priority,n1_0.notice_status,n1_0.is_show,n1_0.notice_title,n1_0.notice_content,n1_0.writer,n1_0.notice_count,n1_0.notice_reg_date from notice n1_0 order by n1_0.notice_id desc limit ?,?
1 = 100, 2 = 100, 3 = 'EVENT', 4 = 'IMPORTANT', 5 = 'DELETED', 6 = false, 7 = '공지 제목 100', 8 = '공지 내용 100', 9 = '작성자01', 10 = 500, 11 = '2025-10-19T12:30:47.079+0900';
2025-10-21 17:51:11.276 INFO  [http-nio-8081-exec-6] [00cb23b6] p6spy - #1761036671276 | took 0ms | resultset | connection -1| url 
select n1_0.notice_id,n1_0.member_id_fk,n1_0.notice_category,n1_0.notice_priority,n1_0.notice_status,n1_0.is_show,n1_0.notice_title,n1_0.notice_content,n1_0.writer,n1_0.notice_count,n1_0.notice_reg_date from notice n1_0 order by n1_0.notice_id desc limit ?,?
1 = 99, 2 = 99, 3 = 'SYSTEM', 4 = 'EMERGENCY', 5 = 'ACTIVE', 6 = true, 7 = '공지 제목 99', 8 = '공지 내용 99', 9 = '작성자10', 10 = 495, 11 = '2025-10-18T12:30:47.079+0900';
2025-10-21 17:51:11.277 INFO  [http-nio-8081-exec-6] [00cb23b6] p6spy - #1761036671277 | took 0ms | resultset | connection -1| url 
select n1_0.notice_id,n1_0.member_id_fk,n1_0.notice_category,n1_0.notice_priority,n1_0.notice_status,n1_0.is_show,n1_0.notice_title,n1_0.notice_content,n1_0.writer,n1_0.notice_count,n1_0.notice_reg_date from notice n1_0 order by n1_0.notice_id desc limit ?,?
1 = 98, 2 = 98, 3 = 'POLICY', 4 = 'NORMAL', 5 = 'INACTIVE', 6 = false, 7 = '공지 제목 98', 8 = '공지 내용 98', 9 = '작성자09', 10 = 490, 11 = '2025-10-17T12:30:47.079+0900';
2025-10-21 17:51:11.278 INFO  [http-nio-8081-exec-6] [00cb23b6] p6spy - #1761036671278 | took 0ms | resultset | connection -1| url 
select n1_0.notice_id,n1_0.member_id_fk,n1_0.notice_category,n1_0.notice_priority,n1_0.notice_status,n1_0.is_show,n1_0.notice_title,n1_0.notice_content,n1_0.writer,n1_0.notice_count,n1_0.notice_reg_date from notice n1_0 order by n1_0.notice_id desc limit ?,?
1 = 97, 2 = 97, 3 = 'NORMAL', 4 = 'IMPORTANT', 5 = 'DELETED', 6 = true, 7 = '공지 제목 97', 8 = '공지 내용 97', 9 = '작성자08', 10 = 485, 11 = '2025-10-16T12:30:47.079+0900';
2025-10-21 17:51:11.279 INFO  [http-nio-8081-exec-6] [00cb23b6] p6spy - #1761036671279 | took 0ms | resultset | connection -1| url 
select n1_0.notice_id,n1_0.member_id_fk,n1_0.notice_category,n1_0.notice_priority,n1_0.notice_status,n1_0.is_show,n1_0.notice_title,n1_0.notice_content,n1_0.writer,n1_0.notice_count,n1_0.notice_reg_date from notice n1_0 order by n1_0.notice_id desc limit ?,?
1 = 96, 2 = 96, 3 = 'EVENT', 4 = 'EMERGENCY', 5 = 'ACTIVE', 6 = false, 7 = '공지 제목 96', 8 = '공지 내용 96', 9 = '작성자07', 10 = 480, 11 = '2025-10-15T12:30:47.079+0900';
2025-10-21 17:51:11.279 INFO  [http-nio-8081-exec-6] [00cb23b6] p6spy - #1761036671279 | took 0ms | resultset | connection -1| url 
select n1_0.notice_id,n1_0.member_id_fk,n1_0.notice_category,n1_0.notice_priority,n1_0.notice_status,n1_0.is_show,n1_0.notice_title,n1_0.notice_content,n1_0.writer,n1_0.notice_count,n1_0.notice_reg_date from notice n1_0 order by n1_0.notice_id desc limit ?,?
1 = 95, 2 = 95, 3 = 'SYSTEM', 4 = 'NORMAL', 5 = 'INACTIVE', 6 = true, 7 = '공지 제목 95', 8 = '공지 내용 95', 9 = '작성자06', 10 = 475, 11 = '2025-10-14T12:30:47.079+0900';
2025-10-21 17:51:11.280 INFO  [http-nio-8081-exec-6] [00cb23b6] p6spy - #1761036671280 | took 0ms | resultset | connection -1| url 
select n1_0.notice_id,n1_0.member_id_fk,n1_0.notice_category,n1_0.notice_priority,n1_0.notice_status,n1_0.is_show,n1_0.notice_title,n1_0.notice_content,n1_0.writer,n1_0.notice_count,n1_0.notice_reg_date from notice n1_0 order by n1_0.notice_id desc limit ?,?
1 = 94, 2 = 94, 3 = 'POLICY', 4 = 'IMPORTANT', 5 = 'DELETED', 6 = false, 7 = '공지 제목 94', 8 = '공지 내용 94', 9 = '작성자05', 10 = 470, 11 = '2025-10-13T12:30:47.079+0900';
2025-10-21 17:51:11.282 INFO  [http-nio-8081-exec-6] [00cb23b6] p6spy - #1761036671282 | took 0ms | resultset | connection -1| url 
select n1_0.notice_id,n1_0.member_id_fk,n1_0.notice_category,n1_0.notice_priority,n1_0.notice_status,n1_0.is_show,n1_0.notice_title,n1_0.notice_content,n1_0.writer,n1_0.notice_count,n1_0.notice_reg_date from notice n1_0 order by n1_0.notice_id desc limit ?,?
1 = 93, 2 = 93, 3 = 'NORMAL', 4 = 'EMERGENCY', 5 = 'ACTIVE', 6 = true, 7 = '공지 제목 93', 8 = '공지 내용 93', 9 = '작성자04', 10 = 465, 11 = '2025-10-12T12:30:47.079+0900';
2025-10-21 17:51:11.282 INFO  [http-nio-8081-exec-6] [00cb23b6] p6spy - #1761036671282 | took 0ms | resultset | connection -1| url 
select n1_0.notice_id,n1_0.member_id_fk,n1_0.notice_category,n1_0.notice_priority,n1_0.notice_status,n1_0.is_show,n1_0.notice_title,n1_0.notice_content,n1_0.writer,n1_0.notice_count,n1_0.notice_reg_date from notice n1_0 order by n1_0.notice_id desc limit ?,?
1 = 92, 2 = 92, 3 = 'EVENT', 4 = 'NORMAL', 5 = 'INACTIVE', 6 = false, 7 = '공지 제목 92', 8 = '공지 내용 92', 9 = '작성자03', 10 = 460, 11 = '2025-10-11T12:30:47.079+0900';
2025-10-21 17:51:11.282 INFO  [http-nio-8081-exec-6] [00cb23b6] p6spy - #1761036671282 | took 0ms | resultset | connection -1| url 
select count(n1_0.notice_id) from notice n1_0
1 = 101;
2025-10-21 17:51:13.284 INFO  [http-nio-8081-exec-7] [e8b22faa] p6spy - #1761036673284 | took 0ms | resultset | connection -1| url 
select n1_0.notice_id,n1_0.notice_content,n1_0.is_show,n1_0.member_id_fk,n1_0.notice_category,n1_0.notice_confirmed,n1_0.notice_count,n1_0.notice_priority,n1_0.notice_status,n1_0.notice_reg_date,n1_0.notice_title,n1_0.writer from notice n1_0 where n1_0.notice_id=?
2 = '<p>테스트테스트테스트테스트테스트테스트테스트테스트테스트테스트테스트테스트테스트테스트테스트테스트테스트테스트테스트테스트테스트테스트테스트테스트테스트테스트테스트테스트테스트테스트테스트테스트테스트테스트테스트테스트테스트테스트테스트테스트테스트테스트테스트테스트테스트테스트테스트테스트테스트테스트테스트테스트테스트테스트테스트테스트테스트테스트</p>', 3 = false, 4 = 0, 5 = 'NORMAL', 6 = false, 7 = 0, 8 = 'NORMAL', 9 = 'ACTIVE', 10 = '2025-10-21T17:51:04.996+0900', 11 = '테스트', 12 = '테스트';
2025-10-21 17:51:20.724 INFO  [http-nio-8081-exec-9] [897a53fc] p6spy - #1761036680724 | took 0ms | resultset | connection -1| url 
select n1_0.notice_id,n1_0.notice_content,n1_0.is_show,n1_0.member_id_fk,n1_0.notice_category,n1_0.notice_confirmed,n1_0.notice_count,n1_0.notice_priority,n1_0.notice_status,n1_0.notice_reg_date,n1_0.notice_title,n1_0.writer from notice n1_0 where n1_0.notice_id=?
2 = '<p>테스트테스트테스트테스트테스트테스트테스트테스트테스트테스트테스트테스트테스트테스트테스트테스트테스트테스트테스트테스트테스트테스트테스트테스트테스트테스트테스트테스트테스트테스트테스트테스트테스트테스트테스트테스트테스트테스트테스트테스트테스트테스트테스트테스트테스트테스트테스트테스트테스트테스트테스트테스트테스트테스트테스트테스트테스트테스트</p>', 3 = false, 4 = 0, 5 = 'NORMAL', 6 = false, 7 = 0, 8 = 'NORMAL', 9 = 'ACTIVE', 10 = '2025-10-21T17:51:04.996+0900', 11 = '테스트', 12 = '테스트';
2025-10-21 17:51:20.768 INFO  [http-nio-8081-exec-3] [e5277a70] p6spy - #1761036680768 | took 0ms | resultset | connection -1| url 
select n1_0.notice_id,n1_0.member_id_fk,n1_0.notice_category,n1_0.notice_priority,n1_0.notice_status,n1_0.is_show,n1_0.notice_title,n1_0.notice_content,n1_0.writer,n1_0.notice_count,n1_0.notice_reg_date from notice n1_0 order by n1_0.notice_id desc limit ?,?
1 = 100, 2 = 100, 3 = 'EVENT', 4 = 'IMPORTANT', 5 = 'DELETED', 6 = false, 7 = '공지 제목 100', 8 = '공지 내용 100', 9 = '작성자01', 10 = 500, 11 = '2025-10-19T12:30:47.079+0900';
2025-10-21 17:51:20.769 INFO  [http-nio-8081-exec-3] [e5277a70] p6spy - #1761036680769 | took 0ms | resultset | connection -1| url 
select n1_0.notice_id,n1_0.member_id_fk,n1_0.notice_category,n1_0.notice_priority,n1_0.notice_status,n1_0.is_show,n1_0.notice_title,n1_0.notice_content,n1_0.writer,n1_0.notice_count,n1_0.notice_reg_date from notice n1_0 order by n1_0.notice_id desc limit ?,?
1 = 99, 2 = 99, 3 = 'SYSTEM', 4 = 'EMERGENCY', 5 = 'ACTIVE', 6 = true, 7 = '공지 제목 99', 8 = '공지 내용 99', 9 = '작성자10', 10 = 495, 11 = '2025-10-18T12:30:47.079+0900';
2025-10-21 17:51:20.771 INFO  [http-nio-8081-exec-3] [e5277a70] p6spy - #1761036680771 | took 0ms | resultset | connection -1| url 
select n1_0.notice_id,n1_0.member_id_fk,n1_0.notice_category,n1_0.notice_priority,n1_0.notice_status,n1_0.is_show,n1_0.notice_title,n1_0.notice_content,n1_0.writer,n1_0.notice_count,n1_0.notice_reg_date from notice n1_0 order by n1_0.notice_id desc limit ?,?
1 = 98, 2 = 98, 3 = 'POLICY', 4 = 'NORMAL', 5 = 'INACTIVE', 6 = false, 7 = '공지 제목 98', 8 = '공지 내용 98', 9 = '작성자09', 10 = 490, 11 = '2025-10-17T12:30:47.079+0900';
2025-10-21 17:51:20.771 INFO  [http-nio-8081-exec-3] [e5277a70] p6spy - #1761036680771 | took 0ms | resultset | connection -1| url 
select n1_0.notice_id,n1_0.member_id_fk,n1_0.notice_category,n1_0.notice_priority,n1_0.notice_status,n1_0.is_show,n1_0.notice_title,n1_0.notice_content,n1_0.writer,n1_0.notice_count,n1_0.notice_reg_date from notice n1_0 order by n1_0.notice_id desc limit ?,?
1 = 97, 2 = 97, 3 = 'NORMAL', 4 = 'IMPORTANT', 5 = 'DELETED', 6 = true, 7 = '공지 제목 97', 8 = '공지 내용 97', 9 = '작성자08', 10 = 485, 11 = '2025-10-16T12:30:47.079+0900';
2025-10-21 17:51:20.771 INFO  [http-nio-8081-exec-3] [e5277a70] p6spy - #1761036680771 | took 0ms | resultset | connection -1| url 
select n1_0.notice_id,n1_0.member_id_fk,n1_0.notice_category,n1_0.notice_priority,n1_0.notice_status,n1_0.is_show,n1_0.notice_title,n1_0.notice_content,n1_0.writer,n1_0.notice_count,n1_0.notice_reg_date from notice n1_0 order by n1_0.notice_id desc limit ?,?
1 = 96, 2 = 96, 3 = 'EVENT', 4 = 'EMERGENCY', 5 = 'ACTIVE', 6 = false, 7 = '공지 제목 96', 8 = '공지 내용 96', 9 = '작성자07', 10 = 480, 11 = '2025-10-15T12:30:47.079+0900';
2025-10-21 17:51:20.772 INFO  [http-nio-8081-exec-3] [e5277a70] p6spy - #1761036680772 | took 0ms | resultset | connection -1| url 
select n1_0.notice_id,n1_0.member_id_fk,n1_0.notice_category,n1_0.notice_priority,n1_0.notice_status,n1_0.is_show,n1_0.notice_title,n1_0.notice_content,n1_0.writer,n1_0.notice_count,n1_0.notice_reg_date from notice n1_0 order by n1_0.notice_id desc limit ?,?
1 = 95, 2 = 95, 3 = 'SYSTEM', 4 = 'NORMAL', 5 = 'INACTIVE', 6 = true, 7 = '공지 제목 95', 8 = '공지 내용 95', 9 = '작성자06', 10 = 475, 11 = '2025-10-14T12:30:47.079+0900';
2025-10-21 17:51:20.772 INFO  [http-nio-8081-exec-3] [e5277a70] p6spy - #1761036680772 | took 0ms | resultset | connection -1| url 
select n1_0.notice_id,n1_0.member_id_fk,n1_0.notice_category,n1_0.notice_priority,n1_0.notice_status,n1_0.is_show,n1_0.notice_title,n1_0.notice_content,n1_0.writer,n1_0.notice_count,n1_0.notice_reg_date from notice n1_0 order by n1_0.notice_id desc limit ?,?
1 = 94, 2 = 94, 3 = 'POLICY', 4 = 'IMPORTANT', 5 = 'DELETED', 6 = false, 7 = '공지 제목 94', 8 = '공지 내용 94', 9 = '작성자05', 10 = 470, 11 = '2025-10-13T12:30:47.079+0900';
2025-10-21 17:51:20.772 INFO  [http-nio-8081-exec-3] [e5277a70] p6spy - #1761036680772 | took 0ms | resultset | connection -1| url 
select n1_0.notice_id,n1_0.member_id_fk,n1_0.notice_category,n1_0.notice_priority,n1_0.notice_status,n1_0.is_show,n1_0.notice_title,n1_0.notice_content,n1_0.writer,n1_0.notice_count,n1_0.notice_reg_date from notice n1_0 order by n1_0.notice_id desc limit ?,?
1 = 93, 2 = 93, 3 = 'NORMAL', 4 = 'EMERGENCY', 5 = 'ACTIVE', 6 = true, 7 = '공지 제목 93', 8 = '공지 내용 93', 9 = '작성자04', 10 = 465, 11 = '2025-10-12T12:30:47.079+0900';
2025-10-21 17:51:20.773 INFO  [http-nio-8081-exec-3] [e5277a70] p6spy - #1761036680773 | took 0ms | resultset | connection -1| url 
select n1_0.notice_id,n1_0.member_id_fk,n1_0.notice_category,n1_0.notice_priority,n1_0.notice_status,n1_0.is_show,n1_0.notice_title,n1_0.notice_content,n1_0.writer,n1_0.notice_count,n1_0.notice_reg_date from notice n1_0 order by n1_0.notice_id desc limit ?,?
1 = 92, 2 = 92, 3 = 'EVENT', 4 = 'NORMAL', 5 = 'INACTIVE', 6 = false, 7 = '공지 제목 92', 8 = '공지 내용 92', 9 = '작성자03', 10 = 460, 11 = '2025-10-11T12:30:47.079+0900';
2025-10-21 17:51:20.773 INFO  [http-nio-8081-exec-3] [e5277a70] p6spy - #1761036680773 | took 0ms | resultset | connection -1| url 
select n1_0.notice_id,n1_0.member_id_fk,n1_0.notice_category,n1_0.notice_priority,n1_0.notice_status,n1_0.is_show,n1_0.notice_title,n1_0.notice_content,n1_0.writer,n1_0.notice_count,n1_0.notice_reg_date from notice n1_0 order by n1_0.notice_id desc limit ?,?
1 = 91, 2 = 91, 3 = 'SYSTEM', 4 = 'IMPORTANT', 5 = 'DELETED', 6 = true, 7 = '공지 제목 91', 8 = '공지 내용 91', 9 = '작성자02', 10 = 455, 11 = '2025-10-10T12:30:47.079+0900';
2025-10-21 17:51:20.777 INFO  [http-nio-8081-exec-3] [e5277a70] p6spy - #1761036680777 | took 0ms | resultset | connection -1| url 
select count(n1_0.notice_id) from notice n1_0
1 = 100;
2025-10-21 17:51:57.132 WARN  [http-nio-8081-exec-7] [cf4c78af] o.m.jdbc.message.server.ErrorPacket - Error: 1406-22001: Data too long for column 'writer' at row 1
2025-10-21 17:51:57.132 WARN  [http-nio-8081-exec-7] [cf4c78af] o.h.e.jdbc.spi.SqlExceptionHelper - SQL Error: 1406, SQLState: 22001
2025-10-21 17:51:57.132 ERROR [http-nio-8081-exec-7] [cf4c78af] o.h.e.jdbc.spi.SqlExceptionHelper - (conn=678252) Data too long for column 'writer' at row 1
2025-10-21 17:51:57.132 INFO  [http-nio-8081-exec-7] [cf4c78af] p6spy - #1761036717132 | took 1ms | rollback | connection 0| url jdbc:p6spy:mariadb://ict05final.wwwbiz.kr:3306/ict05final

;
2025-10-21 17:51:57.132 ERROR [http-nio-8081-exec-7] [cf4c78af] c.b.i.c.error.GlobalExceptionHandler - [COMMON-500] [WEB][rid=cf4c78af][POST /admin/API/notice/write] 예상치 못한 오류
2025-10-21 17:51:57.132 WARN  [http-nio-8081-exec-7] [cf4c78af] o.s.w.s.m.m.a.ExceptionHandlerExceptionResolver - Resolved [org.springframework.dao.InvalidDataAccessResourceUsageException: could not execute statement [(conn=678252) Data too long for column 'writer' at row 1] [insert into notice (notice_content,is_show,member_id_fk,notice_category,notice_confirmed,notice_count,notice_priority,notice_status,notice_reg_date,notice_title,writer) values (?,?,?,?,?,?,?,?,?,?,?)]; SQL [insert into notice (notice_content,is_show,member_id_fk,notice_category,notice_confirmed,notice_count,notice_priority,notice_status,notice_reg_date,notice_title,writer) values (?,?,?,?,?,?,?,?,?,?,?)]]
2025-10-21 17:51:58.704 WARN  [http-nio-8081-exec-10] [54a62f19] o.m.jdbc.message.server.ErrorPacket - Error: 1406-22001: Data too long for column 'writer' at row 1
2025-10-21 17:51:58.704 WARN  [http-nio-8081-exec-10] [54a62f19] o.h.e.jdbc.spi.SqlExceptionHelper - SQL Error: 1406, SQLState: 22001
2025-10-21 17:51:58.704 ERROR [http-nio-8081-exec-10] [54a62f19] o.h.e.jdbc.spi.SqlExceptionHelper - (conn=678252) Data too long for column 'writer' at row 1
2025-10-21 17:51:58.708 INFO  [http-nio-8081-exec-10] [54a62f19] p6spy - #1761036718708 | took 2ms | rollback | connection 0| url jdbc:p6spy:mariadb://ict05final.wwwbiz.kr:3306/ict05final

;
2025-10-21 17:51:58.711 ERROR [http-nio-8081-exec-10] [54a62f19] c.b.i.c.error.GlobalExceptionHandler - [COMMON-500] [WEB][rid=54a62f19][POST /admin/API/notice/write] 예상치 못한 오류
2025-10-21 17:51:58.712 WARN  [http-nio-8081-exec-10] [54a62f19] o.s.w.s.m.m.a.ExceptionHandlerExceptionResolver - Resolved [org.springframework.dao.InvalidDataAccessResourceUsageException: could not execute statement [(conn=678252) Data too long for column 'writer' at row 1] [insert into notice (notice_content,is_show,member_id_fk,notice_category,notice_confirmed,notice_count,notice_priority,notice_status,notice_reg_date,notice_title,writer) values (?,?,?,?,?,?,?,?,?,?,?)]; SQL [insert into notice (notice_content,is_show,member_id_fk,notice_category,notice_confirmed,notice_count,notice_priority,notice_status,notice_reg_date,notice_title,writer) values (?,?,?,?,?,?,?,?,?,?,?)]]
2025-10-21 17:51:59.482 WARN  [http-nio-8081-exec-6] [12994a0a] o.m.jdbc.message.server.ErrorPacket - Error: 1406-22001: Data too long for column 'writer' at row 1
2025-10-21 17:51:59.482 WARN  [http-nio-8081-exec-6] [12994a0a] o.h.e.jdbc.spi.SqlExceptionHelper - SQL Error: 1406, SQLState: 22001
2025-10-21 17:51:59.482 ERROR [http-nio-8081-exec-6] [12994a0a] o.h.e.jdbc.spi.SqlExceptionHelper - (conn=678252) Data too long for column 'writer' at row 1
2025-10-21 17:51:59.482 INFO  [http-nio-8081-exec-6] [12994a0a] p6spy - #1761036719482 | took 2ms | rollback | connection 0| url jdbc:p6spy:mariadb://ict05final.wwwbiz.kr:3306/ict05final

;
2025-10-21 17:51:59.492 ERROR [http-nio-8081-exec-6] [12994a0a] c.b.i.c.error.GlobalExceptionHandler - [COMMON-500] [WEB][rid=12994a0a][POST /admin/API/notice/write] 예상치 못한 오류
2025-10-21 17:51:59.492 WARN  [http-nio-8081-exec-6] [12994a0a] o.s.w.s.m.m.a.ExceptionHandlerExceptionResolver - Resolved [org.springframework.dao.InvalidDataAccessResourceUsageException: could not execute statement [(conn=678252) Data too long for column 'writer' at row 1] [insert into notice (notice_content,is_show,member_id_fk,notice_category,notice_confirmed,notice_count,notice_priority,notice_status,notice_reg_date,notice_title,writer) values (?,?,?,?,?,?,?,?,?,?,?)]; SQL [insert into notice (notice_content,is_show,member_id_fk,notice_category,notice_confirmed,notice_count,notice_priority,notice_status,notice_reg_date,notice_title,writer) values (?,?,?,?,?,?,?,?,?,?,?)]]
2025-10-21 17:51:59.942 WARN  [http-nio-8081-exec-4] [5938d506] o.m.jdbc.message.server.ErrorPacket - Error: 1406-22001: Data too long for column 'writer' at row 1
2025-10-21 17:51:59.942 WARN  [http-nio-8081-exec-4] [5938d506] o.h.e.jdbc.spi.SqlExceptionHelper - SQL Error: 1406, SQLState: 22001
2025-10-21 17:51:59.942 ERROR [http-nio-8081-exec-4] [5938d506] o.h.e.jdbc.spi.SqlExceptionHelper - (conn=678252) Data too long for column 'writer' at row 1
2025-10-21 17:51:59.942 INFO  [http-nio-8081-exec-4] [5938d506] p6spy - #1761036719942 | took 2ms | rollback | connection 0| url jdbc:p6spy:mariadb://ict05final.wwwbiz.kr:3306/ict05final

;
2025-10-21 17:51:59.942 ERROR [http-nio-8081-exec-4] [5938d506] c.b.i.c.error.GlobalExceptionHandler - [COMMON-500] [WEB][rid=5938d506][POST /admin/API/notice/write] 예상치 못한 오류
2025-10-21 17:51:59.942 WARN  [http-nio-8081-exec-4] [5938d506] o.s.w.s.m.m.a.ExceptionHandlerExceptionResolver - Resolved [org.springframework.dao.InvalidDataAccessResourceUsageException: could not execute statement [(conn=678252) Data too long for column 'writer' at row 1] [insert into notice (notice_content,is_show,member_id_fk,notice_category,notice_confirmed,notice_count,notice_priority,notice_status,notice_reg_date,notice_title,writer) values (?,?,?,?,?,?,?,?,?,?,?)]; SQL [insert into notice (notice_content,is_show,member_id_fk,notice_category,notice_confirmed,notice_count,notice_priority,notice_status,notice_reg_date,notice_title,writer) values (?,?,?,?,?,?,?,?,?,?,?)]]
2025-10-21 17:52:00.292 WARN  [http-nio-8081-exec-2] [160e81e5] o.m.jdbc.message.server.ErrorPacket - Error: 1406-22001: Data too long for column 'writer' at row 1
2025-10-21 17:52:00.292 WARN  [http-nio-8081-exec-2] [160e81e5] o.h.e.jdbc.spi.SqlExceptionHelper - SQL Error: 1406, SQLState: 22001
2025-10-21 17:52:00.292 ERROR [http-nio-8081-exec-2] [160e81e5] o.h.e.jdbc.spi.SqlExceptionHelper - (conn=678252) Data too long for column 'writer' at row 1
2025-10-21 17:52:00.292 INFO  [http-nio-8081-exec-2] [160e81e5] p6spy - #1761036720292 | took 2ms | rollback | connection 0| url jdbc:p6spy:mariadb://ict05final.wwwbiz.kr:3306/ict05final

;
2025-10-21 17:52:00.301 ERROR [http-nio-8081-exec-2] [160e81e5] c.b.i.c.error.GlobalExceptionHandler - [COMMON-500] [WEB][rid=160e81e5][POST /admin/API/notice/write] 예상치 못한 오류
2025-10-21 17:52:00.301 WARN  [http-nio-8081-exec-2] [160e81e5] o.s.w.s.m.m.a.ExceptionHandlerExceptionResolver - Resolved [org.springframework.dao.InvalidDataAccessResourceUsageException: could not execute statement [(conn=678252) Data too long for column 'writer' at row 1] [insert into notice (notice_content,is_show,member_id_fk,notice_category,notice_confirmed,notice_count,notice_priority,notice_status,notice_reg_date,notice_title,writer) values (?,?,?,?,?,?,?,?,?,?,?)]; SQL [insert into notice (notice_content,is_show,member_id_fk,notice_category,notice_confirmed,notice_count,notice_priority,notice_status,notice_reg_date,notice_title,writer) values (?,?,?,?,?,?,?,?,?,?,?)]]
2025-10-21 17:52:00.813 WARN  [http-nio-8081-exec-1] [b3f06896] o.m.jdbc.message.server.ErrorPacket - Error: 1406-22001: Data too long for column 'writer' at row 1
2025-10-21 17:52:00.813 WARN  [http-nio-8081-exec-1] [b3f06896] o.h.e.jdbc.spi.SqlExceptionHelper - SQL Error: 1406, SQLState: 22001
2025-10-21 17:52:00.813 ERROR [http-nio-8081-exec-1] [b3f06896] o.h.e.jdbc.spi.SqlExceptionHelper - (conn=678252) Data too long for column 'writer' at row 1
2025-10-21 17:52:00.813 INFO  [http-nio-8081-exec-1] [b3f06896] p6spy - #1761036720813 | took 2ms | rollback | connection 0| url jdbc:p6spy:mariadb://ict05final.wwwbiz.kr:3306/ict05final

;
2025-10-21 17:52:00.831 ERROR [http-nio-8081-exec-1] [b3f06896] c.b.i.c.error.GlobalExceptionHandler - [COMMON-500] [WEB][rid=b3f06896][POST /admin/API/notice/write] 예상치 못한 오류
2025-10-21 17:52:00.831 WARN  [http-nio-8081-exec-1] [b3f06896] o.s.w.s.m.m.a.ExceptionHandlerExceptionResolver - Resolved [org.springframework.dao.InvalidDataAccessResourceUsageException: could not execute statement [(conn=678252) Data too long for column 'writer' at row 1] [insert into notice (notice_content,is_show,member_id_fk,notice_category,notice_confirmed,notice_count,notice_priority,notice_status,notice_reg_date,notice_title,writer) values (?,?,?,?,?,?,?,?,?,?,?)]; SQL [insert into notice (notice_content,is_show,member_id_fk,notice_category,notice_confirmed,notice_count,notice_priority,notice_status,notice_reg_date,notice_title,writer) values (?,?,?,?,?,?,?,?,?,?,?)]]
2025-10-21 17:52:01.122 WARN  [http-nio-8081-exec-8] [3e29cc47] o.m.jdbc.message.server.ErrorPacket - Error: 1406-22001: Data too long for column 'writer' at row 1
2025-10-21 17:52:01.122 WARN  [http-nio-8081-exec-8] [3e29cc47] o.h.e.jdbc.spi.SqlExceptionHelper - SQL Error: 1406, SQLState: 22001
2025-10-21 17:52:01.122 ERROR [http-nio-8081-exec-8] [3e29cc47] o.h.e.jdbc.spi.SqlExceptionHelper - (conn=678252) Data too long for column 'writer' at row 1
2025-10-21 17:52:01.122 INFO  [http-nio-8081-exec-8] [3e29cc47] p6spy - #1761036721122 | took 2ms | rollback | connection 0| url jdbc:p6spy:mariadb://ict05final.wwwbiz.kr:3306/ict05final

;
2025-10-21 17:52:01.132 ERROR [http-nio-8081-exec-8] [3e29cc47] c.b.i.c.error.GlobalExceptionHandler - [COMMON-500] [WEB][rid=3e29cc47][POST /admin/API/notice/write] 예상치 못한 오류
2025-10-21 17:52:01.132 WARN  [http-nio-8081-exec-8] [3e29cc47] o.s.w.s.m.m.a.ExceptionHandlerExceptionResolver - Resolved [org.springframework.dao.InvalidDataAccessResourceUsageException: could not execute statement [(conn=678252) Data too long for column 'writer' at row 1] [insert into notice (notice_content,is_show,member_id_fk,notice_category,notice_confirmed,notice_count,notice_priority,notice_status,notice_reg_date,notice_title,writer) values (?,?,?,?,?,?,?,?,?,?,?)]; SQL [insert into notice (notice_content,is_show,member_id_fk,notice_category,notice_confirmed,notice_count,notice_priority,notice_status,notice_reg_date,notice_title,writer) values (?,?,?,?,?,?,?,?,?,?,?)]]
2025-10-21 17:52:01.512 WARN  [http-nio-8081-exec-3] [dc9708b6] o.m.jdbc.message.server.ErrorPacket - Error: 1406-22001: Data too long for column 'writer' at row 1
2025-10-21 17:52:01.512 WARN  [http-nio-8081-exec-3] [dc9708b6] o.h.e.jdbc.spi.SqlExceptionHelper - SQL Error: 1406, SQLState: 22001
2025-10-21 17:52:01.512 ERROR [http-nio-8081-exec-3] [dc9708b6] o.h.e.jdbc.spi.SqlExceptionHelper - (conn=678252) Data too long for column 'writer' at row 1
2025-10-21 17:52:01.512 INFO  [http-nio-8081-exec-3] [dc9708b6] p6spy - #1761036721512 | took 2ms | rollback | connection 0| url jdbc:p6spy:mariadb://ict05final.wwwbiz.kr:3306/ict05final

;
2025-10-21 17:52:01.512 ERROR [http-nio-8081-exec-3] [dc9708b6] c.b.i.c.error.GlobalExceptionHandler - [COMMON-500] [WEB][rid=dc9708b6][POST /admin/API/notice/write] 예상치 못한 오류
2025-10-21 17:52:01.521 WARN  [http-nio-8081-exec-3] [dc9708b6] o.s.w.s.m.m.a.ExceptionHandlerExceptionResolver - Resolved [org.springframework.dao.InvalidDataAccessResourceUsageException: could not execute statement [(conn=678252) Data too long for column 'writer' at row 1] [insert into notice (notice_content,is_show,member_id_fk,notice_category,notice_confirmed,notice_count,notice_priority,notice_status,notice_reg_date,notice_title,writer) values (?,?,?,?,?,?,?,?,?,?,?)]; SQL [insert into notice (notice_content,is_show,member_id_fk,notice_category,notice_confirmed,notice_count,notice_priority,notice_status,notice_reg_date,notice_title,writer) values (?,?,?,?,?,?,?,?,?,?,?)]]
2025-10-21 17:52:03.352 WARN  [http-nio-8081-exec-9] [c1cd2bd6] o.m.jdbc.message.server.ErrorPacket - Error: 1406-22001: Data too long for column 'writer' at row 1
2025-10-21 17:52:03.352 WARN  [http-nio-8081-exec-9] [c1cd2bd6] o.h.e.jdbc.spi.SqlExceptionHelper - SQL Error: 1406, SQLState: 22001
2025-10-21 17:52:03.352 ERROR [http-nio-8081-exec-9] [c1cd2bd6] o.h.e.jdbc.spi.SqlExceptionHelper - (conn=678252) Data too long for column 'writer' at row 1
2025-10-21 17:52:03.352 INFO  [http-nio-8081-exec-9] [c1cd2bd6] p6spy - #1761036723352 | took 2ms | rollback | connection 0| url jdbc:p6spy:mariadb://ict05final.wwwbiz.kr:3306/ict05final

;
2025-10-21 17:52:03.352 ERROR [http-nio-8081-exec-9] [c1cd2bd6] c.b.i.c.error.GlobalExceptionHandler - [COMMON-500] [WEB][rid=c1cd2bd6][POST /admin/API/notice/write] 예상치 못한 오류
2025-10-21 17:52:03.352 WARN  [http-nio-8081-exec-9] [c1cd2bd6] o.s.w.s.m.m.a.ExceptionHandlerExceptionResolver - Resolved [org.springframework.dao.InvalidDataAccessResourceUsageException: could not execute statement [(conn=678252) Data too long for column 'writer' at row 1] [insert into notice (notice_content,is_show,member_id_fk,notice_category,notice_confirmed,notice_count,notice_priority,notice_status,notice_reg_date,notice_title,writer) values (?,?,?,?,?,?,?,?,?,?,?)]; SQL [insert into notice (notice_content,is_show,member_id_fk,notice_category,notice_confirmed,notice_count,notice_priority,notice_status,notice_reg_date,notice_title,writer) values (?,?,?,?,?,?,?,?,?,?,?)]]
2025-10-21 17:52:04.792 WARN  [http-nio-8081-exec-5] [681fe8d2] o.m.jdbc.message.server.ErrorPacket - Error: 1406-22001: Data too long for column 'writer' at row 1
2025-10-21 17:52:04.792 WARN  [http-nio-8081-exec-5] [681fe8d2] o.h.e.jdbc.spi.SqlExceptionHelper - SQL Error: 1406, SQLState: 22001
2025-10-21 17:52:04.792 ERROR [http-nio-8081-exec-5] [681fe8d2] o.h.e.jdbc.spi.SqlExceptionHelper - (conn=678252) Data too long for column 'writer' at row 1
2025-10-21 17:52:04.792 INFO  [http-nio-8081-exec-5] [681fe8d2] p6spy - #1761036724792 | took 1ms | rollback | connection 0| url jdbc:p6spy:mariadb://ict05final.wwwbiz.kr:3306/ict05final

;
2025-10-21 17:52:04.797 ERROR [http-nio-8081-exec-5] [681fe8d2] c.b.i.c.error.GlobalExceptionHandler - [COMMON-500] [WEB][rid=681fe8d2][POST /admin/API/notice/write] 예상치 못한 오류
2025-10-21 17:52:04.797 WARN  [http-nio-8081-exec-5] [681fe8d2] o.s.w.s.m.m.a.ExceptionHandlerExceptionResolver - Resolved [org.springframework.dao.InvalidDataAccessResourceUsageException: could not execute statement [(conn=678252) Data too long for column 'writer' at row 1] [insert into notice (notice_content,is_show,member_id_fk,notice_category,notice_confirmed,notice_count,notice_priority,notice_status,notice_reg_date,notice_title,writer) values (?,?,?,?,?,?,?,?,?,?,?)]; SQL [insert into notice (notice_content,is_show,member_id_fk,notice_category,notice_confirmed,notice_count,notice_priority,notice_status,notice_reg_date,notice_title,writer) values (?,?,?,?,?,?,?,?,?,?,?)]]
2025-10-21 17:52:05.147 WARN  [http-nio-8081-exec-7] [339559b5] o.m.jdbc.message.server.ErrorPacket - Error: 1406-22001: Data too long for column 'writer' at row 1
2025-10-21 17:52:05.147 WARN  [http-nio-8081-exec-7] [339559b5] o.h.e.jdbc.spi.SqlExceptionHelper - SQL Error: 1406, SQLState: 22001
2025-10-21 17:52:05.147 ERROR [http-nio-8081-exec-7] [339559b5] o.h.e.jdbc.spi.SqlExceptionHelper - (conn=678252) Data too long for column 'writer' at row 1
2025-10-21 17:52:05.150 INFO  [http-nio-8081-exec-7] [339559b5] p6spy - #1761036725150 | took 2ms | rollback | connection 0| url jdbc:p6spy:mariadb://ict05final.wwwbiz.kr:3306/ict05final

;
2025-10-21 17:52:05.152 ERROR [http-nio-8081-exec-7] [339559b5] c.b.i.c.error.GlobalExceptionHandler - [COMMON-500] [WEB][rid=339559b5][POST /admin/API/notice/write] 예상치 못한 오류
2025-10-21 17:52:05.152 WARN  [http-nio-8081-exec-7] [339559b5] o.s.w.s.m.m.a.ExceptionHandlerExceptionResolver - Resolved [org.springframework.dao.InvalidDataAccessResourceUsageException: could not execute statement [(conn=678252) Data too long for column 'writer' at row 1] [insert into notice (notice_content,is_show,member_id_fk,notice_category,notice_confirmed,notice_count,notice_priority,notice_status,notice_reg_date,notice_title,writer) values (?,?,?,?,?,?,?,?,?,?,?)]; SQL [insert into notice (notice_content,is_show,member_id_fk,notice_category,notice_confirmed,notice_count,notice_priority,notice_status,notice_reg_date,notice_title,writer) values (?,?,?,?,?,?,?,?,?,?,?)]]
2025-10-21 17:52:05.342 WARN  [http-nio-8081-exec-10] [14317f27] o.m.jdbc.message.server.ErrorPacket - Error: 1406-22001: Data too long for column 'writer' at row 1
2025-10-21 17:52:05.342 WARN  [http-nio-8081-exec-10] [14317f27] o.h.e.jdbc.spi.SqlExceptionHelper - SQL Error: 1406, SQLState: 22001
2025-10-21 17:52:05.342 ERROR [http-nio-8081-exec-10] [14317f27] o.h.e.jdbc.spi.SqlExceptionHelper - (conn=678252) Data too long for column 'writer' at row 1
2025-10-21 17:52:05.352 INFO  [http-nio-8081-exec-10] [14317f27] p6spy - #1761036725352 | took 2ms | rollback | connection 0| url jdbc:p6spy:mariadb://ict05final.wwwbiz.kr:3306/ict05final

;
2025-10-21 17:52:05.352 ERROR [http-nio-8081-exec-10] [14317f27] c.b.i.c.error.GlobalExceptionHandler - [COMMON-500] [WEB][rid=14317f27][POST /admin/API/notice/write] 예상치 못한 오류
2025-10-21 17:52:05.352 WARN  [http-nio-8081-exec-10] [14317f27] o.s.w.s.m.m.a.ExceptionHandlerExceptionResolver - Resolved [org.springframework.dao.InvalidDataAccessResourceUsageException: could not execute statement [(conn=678252) Data too long for column 'writer' at row 1] [insert into notice (notice_content,is_show,member_id_fk,notice_category,notice_confirmed,notice_count,notice_priority,notice_status,notice_reg_date,notice_title,writer) values (?,?,?,?,?,?,?,?,?,?,?)]; SQL [insert into notice (notice_content,is_show,member_id_fk,notice_category,notice_confirmed,notice_count,notice_priority,notice_status,notice_reg_date,notice_title,writer) values (?,?,?,?,?,?,?,?,?,?,?)]]
2025-10-21 17:52:05.502 WARN  [http-nio-8081-exec-6] [1840de5f] o.m.jdbc.message.server.ErrorPacket - Error: 1406-22001: Data too long for column 'writer' at row 1
2025-10-21 17:52:05.502 WARN  [http-nio-8081-exec-6] [1840de5f] o.h.e.jdbc.spi.SqlExceptionHelper - SQL Error: 1406, SQLState: 22001
2025-10-21 17:52:05.502 ERROR [http-nio-8081-exec-6] [1840de5f] o.h.e.jdbc.spi.SqlExceptionHelper - (conn=678252) Data too long for column 'writer' at row 1
2025-10-21 17:52:05.512 INFO  [http-nio-8081-exec-6] [1840de5f] p6spy - #1761036725512 | took 9ms | rollback | connection 0| url jdbc:p6spy:mariadb://ict05final.wwwbiz.kr:3306/ict05final

;
2025-10-21 17:52:05.532 ERROR [http-nio-8081-exec-6] [1840de5f] c.b.i.c.error.GlobalExceptionHandler - [COMMON-500] [WEB][rid=1840de5f][POST /admin/API/notice/write] 예상치 못한 오류
2025-10-21 17:52:05.532 WARN  [http-nio-8081-exec-6] [1840de5f] o.s.w.s.m.m.a.ExceptionHandlerExceptionResolver - Resolved [org.springframework.dao.InvalidDataAccessResourceUsageException: could not execute statement [(conn=678252) Data too long for column 'writer' at row 1] [insert into notice (notice_content,is_show,member_id_fk,notice_category,notice_confirmed,notice_count,notice_priority,notice_status,notice_reg_date,notice_title,writer) values (?,?,?,?,?,?,?,?,?,?,?)]; SQL [insert into notice (notice_content,is_show,member_id_fk,notice_category,notice_confirmed,notice_count,notice_priority,notice_status,notice_reg_date,notice_title,writer) values (?,?,?,?,?,?,?,?,?,?,?)]]
2025-10-21 18:03:00.017 INFO  [background-preinit] [] o.h.validator.internal.util.Version - HV000001: Hibernate Validator 8.0.3.Final
2025-10-21 18:03:00.058 INFO  [restartedMain] [] c.b.i.Ict05FinalAdminApplication - Starting Ict05FinalAdminApplication using Java 17.0.12 with PID 18100 (D:\DEV05\workspace_IntelliJ\ict05_final_project\ict05_final_admin\build\classes\java\main started by ict1 in D:\DEV05\workspace_IntelliJ\ict05_final_project\ict05_final_admin)
2025-10-21 18:03:00.058 DEBUG [restartedMain] [] c.b.i.Ict05FinalAdminApplication - Running with Spring Boot v3.5.6, Spring v6.2.11
2025-10-21 18:03:00.058 INFO  [restartedMain] [] c.b.i.Ict05FinalAdminApplication - The following 1 profile is active: "dev"
2025-10-21 18:03:00.091 INFO  [restartedMain] [] o.s.b.d.e.DevToolsPropertyDefaultsPostProcessor - Devtools property defaults active! Set 'spring.devtools.add-properties' to 'false' to disable
2025-10-21 18:03:00.091 INFO  [restartedMain] [] o.s.b.d.e.DevToolsPropertyDefaultsPostProcessor - For additional web related logging consider setting the 'logging.level.web' property to 'DEBUG'
2025-10-21 18:03:00.699 INFO  [restartedMain] [] o.s.d.r.c.RepositoryConfigurationDelegate - Bootstrapping Spring Data JPA repositories in DEFAULT mode.
2025-10-21 18:03:00.778 INFO  [restartedMain] [] o.s.d.r.c.RepositoryConfigurationDelegate - Finished Spring Data repository scanning in 63 ms. Found 9 JPA repository interfaces.
2025-10-21 18:03:01.330 INFO  [restartedMain] [] o.s.b.w.e.tomcat.TomcatWebServer - Tomcat initialized with port 8081 (http)
2025-10-21 18:03:01.346 INFO  [restartedMain] [] o.a.coyote.http11.Http11NioProtocol - Initializing ProtocolHandler ["http-nio-8081"]
2025-10-21 18:03:01.346 INFO  [restartedMain] [] o.a.catalina.core.StandardService - Starting service [Tomcat]
2025-10-21 18:03:01.346 INFO  [restartedMain] [] o.a.catalina.core.StandardEngine - Starting Servlet engine: [Apache Tomcat/10.1.46]
2025-10-21 18:03:01.418 INFO  [restartedMain] [] o.a.c.c.C.[.[localhost].[/admin] - Initializing Spring embedded WebApplicationContext
2025-10-21 18:03:01.418 INFO  [restartedMain] [] o.s.b.w.s.c.ServletWebServerApplicationContext - Root WebApplicationContext: initialization completed in 1327 ms
2025-10-21 18:03:01.624 INFO  [restartedMain] [] o.h.jpa.internal.util.LogHelper - HHH000204: Processing PersistenceUnitInfo [name: default]
2025-10-21 18:03:01.720 INFO  [restartedMain] [] org.hibernate.Version - HHH000412: Hibernate ORM core version 6.6.29.Final
2025-10-21 18:03:01.758 INFO  [restartedMain] [] o.h.c.i.RegionFactoryInitiator - HHH000026: Second-level cache disabled
2025-10-21 18:03:02.017 INFO  [restartedMain] [] o.s.o.j.p.SpringPersistenceUnitInfo - No LoadTimeWeaver setup: ignoring JPA class transformer
2025-10-21 18:03:02.036 INFO  [restartedMain] [] com.zaxxer.hikari.HikariDataSource - HikariPool-1 - Starting...
2025-10-21 18:03:02.159 INFO  [restartedMain] [] com.zaxxer.hikari.pool.HikariPool - HikariPool-1 - Added connection com.p6spy.engine.wrapper.ConnectionWrapper@3c3b146
2025-10-21 18:03:02.159 INFO  [restartedMain] [] com.zaxxer.hikari.HikariDataSource - HikariPool-1 - Start completed.
2025-10-21 18:03:02.175 WARN  [restartedMain] [] org.hibernate.orm.deprecation - HHH90000025: MariaDBDialect does not need to be specified explicitly using 'hibernate.dialect' (remove the property setting and it will be selected by default)
2025-10-21 18:03:02.191 INFO  [restartedMain] [] o.hibernate.orm.connections.pooling - HHH10001005: Database info:
	Database JDBC URL [Connecting through datasource 'HikariDataSource (HikariPool-1)']
	Database driver: undefined/unknown
	Database version: 10.5.12
	Autocommit mode: undefined/unknown
	Isolation level: undefined/unknown
	Minimum pool size: undefined/unknown
	Maximum pool size: undefined/unknown
2025-10-21 18:03:02.787 INFO  [restartedMain] [] o.h.e.t.j.p.i.JtaPlatformInitiator - HHH000489: No JTA platform available (set 'hibernate.transaction.jta.platform' to enable JTA platform integration)
2025-10-21 18:03:03.057 INFO  [restartedMain] [] o.s.o.j.LocalContainerEntityManagerFactoryBean - Initialized JPA EntityManagerFactory for persistence unit 'default'
2025-10-21 18:03:03.247 INFO  [restartedMain] [] o.s.d.j.r.query.QueryEnhancerFactory - Hibernate is in classpath; If applicable, HQL parser will be used.
2025-10-21 18:03:04.158 WARN  [restartedMain] [] o.s.b.a.o.j.JpaBaseConfiguration$JpaWebConfiguration - spring.jpa.open-in-view is enabled by default. Therefore, database queries may be performed during view rendering. Explicitly configure spring.jpa.open-in-view to disable this warning
2025-10-21 18:03:04.204 INFO  [restartedMain] [] o.s.b.a.w.s.WelcomePageHandlerMapping - Adding welcome page template: index
2025-10-21 18:03:04.819 INFO  [restartedMain] [] o.s.b.d.a.OptionalLiveReloadServer - LiveReload server is running on port 35729
2025-10-21 18:03:04.819 INFO  [restartedMain] [] o.a.coyote.http11.Http11NioProtocol - Starting ProtocolHandler ["http-nio-8081"]
2025-10-21 18:03:04.835 INFO  [restartedMain] [] o.s.b.w.e.tomcat.TomcatWebServer - Tomcat started on port 8081 (http) with context path '/admin'
2025-10-21 18:03:04.840 INFO  [restartedMain] [] c.b.i.Ict05FinalAdminApplication - Started Ict05FinalAdminApplication in 5.176 seconds (process running for 5.479)
2025-10-21 18:03:09.181 INFO  [http-nio-8081-exec-1] [] o.a.c.c.C.[.[localhost].[/admin] - Initializing Spring DispatcherServlet 'dispatcherServlet'
2025-10-21 18:03:09.181 INFO  [http-nio-8081-exec-1] [] o.s.web.servlet.DispatcherServlet - Initializing Servlet 'dispatcherServlet'
2025-10-21 18:03:09.182 INFO  [http-nio-8081-exec-1] [] o.s.web.servlet.DispatcherServlet - Completed initialization in 1 ms
2025-10-21 18:03:29.484 ERROR [http-nio-8081-exec-4] [d739e8e1] c.b.i.c.error.GlobalExceptionHandler - [COMMON-500] [WEB][rid=d739e8e1][POST /admin/API/notice/write] 예상치 못한 오류
2025-10-21 18:03:29.485 WARN  [http-nio-8081-exec-4] [d739e8e1] o.s.w.s.m.m.a.ExceptionHandlerExceptionResolver - Resolved [java.lang.RuntimeException: 테스트용 강제 예외]
2025-10-21 18:03:30.905 ERROR [http-nio-8081-exec-2] [7d222a29] c.b.i.c.error.GlobalExceptionHandler - [COMMON-500] [WEB][rid=7d222a29][POST /admin/API/notice/write] 예상치 못한 오류
2025-10-21 18:03:30.905 WARN  [http-nio-8081-exec-2] [7d222a29] o.s.w.s.m.m.a.ExceptionHandlerExceptionResolver - Resolved [java.lang.RuntimeException: 테스트용 강제 예외]
2025-10-21 18:03:31.137 ERROR [http-nio-8081-exec-5] [ad181a4f] c.b.i.c.error.GlobalExceptionHandler - [COMMON-500] [WEB][rid=ad181a4f][POST /admin/API/notice/write] 예상치 못한 오류
2025-10-21 18:03:31.137 WARN  [http-nio-8081-exec-5] [ad181a4f] o.s.w.s.m.m.a.ExceptionHandlerExceptionResolver - Resolved [java.lang.RuntimeException: 테스트용 강제 예외]
2025-10-21 18:03:31.398 ERROR [http-nio-8081-exec-7] [45a8c9c3] c.b.i.c.error.GlobalExceptionHandler - [COMMON-500] [WEB][rid=45a8c9c3][POST /admin/API/notice/write] 예상치 못한 오류
2025-10-21 18:03:31.398 WARN  [http-nio-8081-exec-7] [45a8c9c3] o.s.w.s.m.m.a.ExceptionHandlerExceptionResolver - Resolved [java.lang.RuntimeException: 테스트용 강제 예외]
2025-10-21 18:03:31.654 ERROR [http-nio-8081-exec-1] [c2331e10] c.b.i.c.error.GlobalExceptionHandler - [COMMON-500] [WEB][rid=c2331e10][POST /admin/API/notice/write] 예상치 못한 오류
2025-10-21 18:03:31.655 WARN  [http-nio-8081-exec-1] [c2331e10] o.s.w.s.m.m.a.ExceptionHandlerExceptionResolver - Resolved [java.lang.RuntimeException: 테스트용 강제 예외]
2025-10-21 18:03:31.884 ERROR [http-nio-8081-exec-8] [29e3909c] c.b.i.c.error.GlobalExceptionHandler - [COMMON-500] [WEB][rid=29e3909c][POST /admin/API/notice/write] 예상치 못한 오류
2025-10-21 18:03:31.884 WARN  [http-nio-8081-exec-8] [29e3909c] o.s.w.s.m.m.a.ExceptionHandlerExceptionResolver - Resolved [java.lang.RuntimeException: 테스트용 강제 예외]
2025-10-21 18:03:32.094 ERROR [http-nio-8081-exec-3] [845a68e0] c.b.i.c.error.GlobalExceptionHandler - [COMMON-500] [WEB][rid=845a68e0][POST /admin/API/notice/write] 예상치 못한 오류
2025-10-21 18:03:32.094 WARN  [http-nio-8081-exec-3] [845a68e0] o.s.w.s.m.m.a.ExceptionHandlerExceptionResolver - Resolved [java.lang.RuntimeException: 테스트용 강제 예외]
2025-10-21 18:03:32.285 ERROR [http-nio-8081-exec-6] [dbdcb00b] c.b.i.c.error.GlobalExceptionHandler - [COMMON-500] [WEB][rid=dbdcb00b][POST /admin/API/notice/write] 예상치 못한 오류
2025-10-21 18:03:32.285 WARN  [http-nio-8081-exec-6] [dbdcb00b] o.s.w.s.m.m.a.ExceptionHandlerExceptionResolver - Resolved [java.lang.RuntimeException: 테스트용 강제 예외]
2025-10-21 18:03:32.565 ERROR [http-nio-8081-exec-9] [41459544] c.b.i.c.error.GlobalExceptionHandler - [COMMON-500] [WEB][rid=41459544][POST /admin/API/notice/write] 예상치 못한 오류
2025-10-21 18:03:32.565 WARN  [http-nio-8081-exec-9] [41459544] o.s.w.s.m.m.a.ExceptionHandlerExceptionResolver - Resolved [java.lang.RuntimeException: 테스트용 강제 예외]
2025-10-21 18:03:35.805 ERROR [http-nio-8081-exec-10] [3c8b5e13] c.b.i.c.error.GlobalExceptionHandler - [COMMON-500] [WEB][rid=3c8b5e13][POST /admin/API/notice/write] 예상치 못한 오류
2025-10-21 18:03:35.805 WARN  [http-nio-8081-exec-10] [3c8b5e13] o.s.w.s.m.m.a.ExceptionHandlerExceptionResolver - Resolved [java.lang.RuntimeException: 테스트용 강제 예외]
2025-10-21 18:03:47.544 ERROR [http-nio-8081-exec-1] [cfaf748f] c.b.i.c.error.GlobalExceptionHandler - [COMMON-500] [WEB][rid=cfaf748f][POST /admin/API/notice/write] 예상치 못한 오류
2025-10-21 18:03:47.544 WARN  [http-nio-8081-exec-1] [cfaf748f] o.s.w.s.m.m.a.ExceptionHandlerExceptionResolver - Resolved [java.lang.RuntimeException: 테스트용 강제 예외]
2025-10-21 18:03:47.879 ERROR [http-nio-8081-exec-6] [9fcf3657] c.b.i.c.error.GlobalExceptionHandler - [COMMON-500] [WEB][rid=9fcf3657][POST /admin/API/notice/write] 예상치 못한 오류
2025-10-21 18:03:47.879 WARN  [http-nio-8081-exec-6] [9fcf3657] o.s.w.s.m.m.a.ExceptionHandlerExceptionResolver - Resolved [java.lang.RuntimeException: 테스트용 강제 예외]
2025-10-21 18:03:48.064 ERROR [http-nio-8081-exec-9] [bc9e785f] c.b.i.c.error.GlobalExceptionHandler - [COMMON-500] [WEB][rid=bc9e785f][POST /admin/API/notice/write] 예상치 못한 오류
2025-10-21 18:03:48.064 WARN  [http-nio-8081-exec-9] [bc9e785f] o.s.w.s.m.m.a.ExceptionHandlerExceptionResolver - Resolved [java.lang.RuntimeException: 테스트용 강제 예외]
2025-10-21 18:03:48.254 ERROR [http-nio-8081-exec-2] [10494bb9] c.b.i.c.error.GlobalExceptionHandler - [COMMON-500] [WEB][rid=10494bb9][POST /admin/API/notice/write] 예상치 못한 오류
2025-10-21 18:03:48.254 WARN  [http-nio-8081-exec-2] [10494bb9] o.s.w.s.m.m.a.ExceptionHandlerExceptionResolver - Resolved [java.lang.RuntimeException: 테스트용 강제 예외]
2025-10-21 18:03:48.476 ERROR [http-nio-8081-exec-3] [d4fabe42] c.b.i.c.error.GlobalExceptionHandler - [COMMON-500] [WEB][rid=d4fabe42][POST /admin/API/notice/write] 예상치 못한 오류
2025-10-21 18:03:48.476 WARN  [http-nio-8081-exec-3] [d4fabe42] o.s.w.s.m.m.a.ExceptionHandlerExceptionResolver - Resolved [java.lang.RuntimeException: 테스트용 강제 예외]
2025-10-21 18:03:48.693 ERROR [http-nio-8081-exec-10] [b7819fbf] c.b.i.c.error.GlobalExceptionHandler - [COMMON-500] [WEB][rid=b7819fbf][POST /admin/API/notice/write] 예상치 못한 오류
2025-10-21 18:03:48.693 WARN  [http-nio-8081-exec-10] [b7819fbf] o.s.w.s.m.m.a.ExceptionHandlerExceptionResolver - Resolved [java.lang.RuntimeException: 테스트용 강제 예외]
2025-10-21 18:03:48.892 ERROR [http-nio-8081-exec-5] [016b83d7] c.b.i.c.error.GlobalExceptionHandler - [COMMON-500] [WEB][rid=016b83d7][POST /admin/API/notice/write] 예상치 못한 오류
2025-10-21 18:03:48.892 WARN  [http-nio-8081-exec-5] [016b83d7] o.s.w.s.m.m.a.ExceptionHandlerExceptionResolver - Resolved [java.lang.RuntimeException: 테스트용 강제 예외]
2025-10-21 18:03:49.107 ERROR [http-nio-8081-exec-7] [c5bf329e] c.b.i.c.error.GlobalExceptionHandler - [COMMON-500] [WEB][rid=c5bf329e][POST /admin/API/notice/write] 예상치 못한 오류
2025-10-21 18:03:49.107 WARN  [http-nio-8081-exec-7] [c5bf329e] o.s.w.s.m.m.a.ExceptionHandlerExceptionResolver - Resolved [java.lang.RuntimeException: 테스트용 강제 예외]
2025-10-21 18:03:49.304 ERROR [http-nio-8081-exec-8] [f990faf3] c.b.i.c.error.GlobalExceptionHandler - [COMMON-500] [WEB][rid=f990faf3][POST /admin/API/notice/write] 예상치 못한 오류
2025-10-21 18:03:49.304 WARN  [http-nio-8081-exec-8] [f990faf3] o.s.w.s.m.m.a.ExceptionHandlerExceptionResolver - Resolved [java.lang.RuntimeException: 테스트용 강제 예외]
2025-10-21 18:03:49.522 ERROR [http-nio-8081-exec-4] [95efae80] c.b.i.c.error.GlobalExceptionHandler - [COMMON-500] [WEB][rid=95efae80][POST /admin/API/notice/write] 예상치 못한 오류
2025-10-21 18:03:49.522 WARN  [http-nio-8081-exec-4] [95efae80] o.s.w.s.m.m.a.ExceptionHandlerExceptionResolver - Resolved [java.lang.RuntimeException: 테스트용 강제 예외]
2025-10-21 18:03:49.735 ERROR [http-nio-8081-exec-1] [96442215] c.b.i.c.error.GlobalExceptionHandler - [COMMON-500] [WEB][rid=96442215][POST /admin/API/notice/write] 예상치 못한 오류
2025-10-21 18:03:49.735 WARN  [http-nio-8081-exec-1] [96442215] o.s.w.s.m.m.a.ExceptionHandlerExceptionResolver - Resolved [java.lang.RuntimeException: 테스트용 강제 예외]
2025-10-21 18:03:49.944 ERROR [http-nio-8081-exec-6] [f3e03652] c.b.i.c.error.GlobalExceptionHandler - [COMMON-500] [WEB][rid=f3e03652][POST /admin/API/notice/write] 예상치 못한 오류
2025-10-21 18:03:49.944 WARN  [http-nio-8081-exec-6] [f3e03652] o.s.w.s.m.m.a.ExceptionHandlerExceptionResolver - Resolved [java.lang.RuntimeException: 테스트용 강제 예외]
2025-10-21 18:03:50.175 ERROR [http-nio-8081-exec-9] [383320b6] c.b.i.c.error.GlobalExceptionHandler - [COMMON-500] [WEB][rid=383320b6][POST /admin/API/notice/write] 예상치 못한 오류
2025-10-21 18:03:50.175 WARN  [http-nio-8081-exec-9] [383320b6] o.s.w.s.m.m.a.ExceptionHandlerExceptionResolver - Resolved [java.lang.RuntimeException: 테스트용 강제 예외]
2025-10-21 18:03:50.444 ERROR [http-nio-8081-exec-2] [a41f9a3e] c.b.i.c.error.GlobalExceptionHandler - [COMMON-500] [WEB][rid=a41f9a3e][POST /admin/API/notice/write] 예상치 못한 오류
2025-10-21 18:03:50.444 WARN  [http-nio-8081-exec-2] [a41f9a3e] o.s.w.s.m.m.a.ExceptionHandlerExceptionResolver - Resolved [java.lang.RuntimeException: 테스트용 강제 예외]
2025-10-21 18:03:50.759 ERROR [http-nio-8081-exec-3] [04ec288c] c.b.i.c.error.GlobalExceptionHandler - [COMMON-500] [WEB][rid=04ec288c][POST /admin/API/notice/write] 예상치 못한 오류
2025-10-21 18:03:50.760 WARN  [http-nio-8081-exec-3] [04ec288c] o.s.w.s.m.m.a.ExceptionHandlerExceptionResolver - Resolved [java.lang.RuntimeException: 테스트용 강제 예외]
2025-10-21 18:03:50.994 ERROR [http-nio-8081-exec-10] [913dda4a] c.b.i.c.error.GlobalExceptionHandler - [COMMON-500] [WEB][rid=913dda4a][POST /admin/API/notice/write] 예상치 못한 오류
2025-10-21 18:03:50.994 WARN  [http-nio-8081-exec-10] [913dda4a] o.s.w.s.m.m.a.ExceptionHandlerExceptionResolver - Resolved [java.lang.RuntimeException: 테스트용 강제 예외]
2025-10-21 18:03:51.255 ERROR [http-nio-8081-exec-5] [de2d6371] c.b.i.c.error.GlobalExceptionHandler - [COMMON-500] [WEB][rid=de2d6371][POST /admin/API/notice/write] 예상치 못한 오류
2025-10-21 18:03:51.255 WARN  [http-nio-8081-exec-5] [de2d6371] o.s.w.s.m.m.a.ExceptionHandlerExceptionResolver - Resolved [java.lang.RuntimeException: 테스트용 강제 예외]
2025-10-21 18:03:51.501 ERROR [http-nio-8081-exec-7] [100e7450] c.b.i.c.error.GlobalExceptionHandler - [COMMON-500] [WEB][rid=100e7450][POST /admin/API/notice/write] 예상치 못한 오류
2025-10-21 18:03:51.501 WARN  [http-nio-8081-exec-7] [100e7450] o.s.w.s.m.m.a.ExceptionHandlerExceptionResolver - Resolved [java.lang.RuntimeException: 테스트용 강제 예외]
2025-10-21 18:03:51.733 ERROR [http-nio-8081-exec-8] [47e4e8e5] c.b.i.c.error.GlobalExceptionHandler - [COMMON-500] [WEB][rid=47e4e8e5][POST /admin/API/notice/write] 예상치 못한 오류
2025-10-21 18:03:51.734 WARN  [http-nio-8081-exec-8] [47e4e8e5] o.s.w.s.m.m.a.ExceptionHandlerExceptionResolver - Resolved [java.lang.RuntimeException: 테스트용 강제 예외]
2025-10-21 18:03:51.922 ERROR [http-nio-8081-exec-4] [9abb967c] c.b.i.c.error.GlobalExceptionHandler - [COMMON-500] [WEB][rid=9abb967c][POST /admin/API/notice/write] 예상치 못한 오류
2025-10-21 18:03:51.923 WARN  [http-nio-8081-exec-4] [9abb967c] o.s.w.s.m.m.a.ExceptionHandlerExceptionResolver - Resolved [java.lang.RuntimeException: 테스트용 강제 예외]
2025-10-21 18:04:12.376 INFO  [background-preinit] [] o.h.validator.internal.util.Version - HV000001: Hibernate Validator 8.0.3.Final
2025-10-21 18:04:12.395 INFO  [restartedMain] [] c.b.i.Ict05FinalAdminApplication - Starting Ict05FinalAdminApplication using Java 17.0.12 with PID 1968 (D:\DEV05\workspace_IntelliJ\ict05_final_project\ict05_final_admin\build\classes\java\main started by ict1 in D:\DEV05\workspace_IntelliJ\ict05_final_project\ict05_final_admin)
2025-10-21 18:04:12.395 DEBUG [restartedMain] [] c.b.i.Ict05FinalAdminApplication - Running with Spring Boot v3.5.6, Spring v6.2.11
2025-10-21 18:04:12.395 INFO  [restartedMain] [] c.b.i.Ict05FinalAdminApplication - The following 1 profile is active: "dev"
2025-10-21 18:04:12.440 INFO  [restartedMain] [] o.s.b.d.e.DevToolsPropertyDefaultsPostProcessor - Devtools property defaults active! Set 'spring.devtools.add-properties' to 'false' to disable
2025-10-21 18:04:12.440 INFO  [restartedMain] [] o.s.b.d.e.DevToolsPropertyDefaultsPostProcessor - For additional web related logging consider setting the 'logging.level.web' property to 'DEBUG'
2025-10-21 18:04:13.131 INFO  [restartedMain] [] o.s.d.r.c.RepositoryConfigurationDelegate - Bootstrapping Spring Data JPA repositories in DEFAULT mode.
2025-10-21 18:04:13.214 INFO  [restartedMain] [] o.s.d.r.c.RepositoryConfigurationDelegate - Finished Spring Data repository scanning in 66 ms. Found 9 JPA repository interfaces.
2025-10-21 18:04:13.801 INFO  [restartedMain] [] o.s.b.w.e.tomcat.TomcatWebServer - Tomcat initialized with port 8081 (http)
2025-10-21 18:04:13.813 INFO  [restartedMain] [] o.a.coyote.http11.Http11NioProtocol - Initializing ProtocolHandler ["http-nio-8081"]
2025-10-21 18:04:13.813 INFO  [restartedMain] [] o.a.catalina.core.StandardService - Starting service [Tomcat]
2025-10-21 18:04:13.813 INFO  [restartedMain] [] o.a.catalina.core.StandardEngine - Starting Servlet engine: [Apache Tomcat/10.1.46]
2025-10-21 18:04:13.861 INFO  [restartedMain] [] o.a.c.c.C.[.[localhost].[/admin] - Initializing Spring embedded WebApplicationContext
2025-10-21 18:04:13.877 INFO  [restartedMain] [] o.s.b.w.s.c.ServletWebServerApplicationContext - Root WebApplicationContext: initialization completed in 1421 ms
2025-10-21 18:04:14.066 INFO  [restartedMain] [] o.h.jpa.internal.util.LogHelper - HHH000204: Processing PersistenceUnitInfo [name: default]
2025-10-21 18:04:14.160 INFO  [restartedMain] [] org.hibernate.Version - HHH000412: Hibernate ORM core version 6.6.29.Final
2025-10-21 18:04:14.192 INFO  [restartedMain] [] o.h.c.i.RegionFactoryInitiator - HHH000026: Second-level cache disabled
2025-10-21 18:04:14.493 INFO  [restartedMain] [] o.s.o.j.p.SpringPersistenceUnitInfo - No LoadTimeWeaver setup: ignoring JPA class transformer
2025-10-21 18:04:14.508 INFO  [restartedMain] [] com.zaxxer.hikari.HikariDataSource - HikariPool-1 - Starting...
2025-10-21 18:04:14.620 INFO  [restartedMain] [] com.zaxxer.hikari.pool.HikariPool - HikariPool-1 - Added connection com.p6spy.engine.wrapper.ConnectionWrapper@4e2f3984
2025-10-21 18:04:14.632 INFO  [restartedMain] [] com.zaxxer.hikari.HikariDataSource - HikariPool-1 - Start completed.
2025-10-21 18:04:14.636 WARN  [restartedMain] [] org.hibernate.orm.deprecation - HHH90000025: MariaDBDialect does not need to be specified explicitly using 'hibernate.dialect' (remove the property setting and it will be selected by default)
2025-10-21 18:04:14.651 INFO  [restartedMain] [] o.hibernate.orm.connections.pooling - HHH10001005: Database info:
	Database JDBC URL [Connecting through datasource 'HikariDataSource (HikariPool-1)']
	Database driver: undefined/unknown
	Database version: 10.5.12
	Autocommit mode: undefined/unknown
	Isolation level: undefined/unknown
	Minimum pool size: undefined/unknown
	Maximum pool size: undefined/unknown
2025-10-21 18:04:15.271 INFO  [restartedMain] [] o.h.e.t.j.p.i.JtaPlatformInitiator - HHH000489: No JTA platform available (set 'hibernate.transaction.jta.platform' to enable JTA platform integration)
2025-10-21 18:04:15.508 INFO  [restartedMain] [] o.s.o.j.LocalContainerEntityManagerFactoryBean - Initialized JPA EntityManagerFactory for persistence unit 'default'
2025-10-21 18:04:15.682 INFO  [restartedMain] [] o.s.d.j.r.query.QueryEnhancerFactory - Hibernate is in classpath; If applicable, HQL parser will be used.
2025-10-21 18:04:16.521 WARN  [restartedMain] [] o.s.b.a.o.j.JpaBaseConfiguration$JpaWebConfiguration - spring.jpa.open-in-view is enabled by default. Therefore, database queries may be performed during view rendering. Explicitly configure spring.jpa.open-in-view to disable this warning
2025-10-21 18:04:16.553 INFO  [restartedMain] [] o.s.b.a.w.s.WelcomePageHandlerMapping - Adding welcome page template: index
2025-10-21 18:04:17.202 INFO  [restartedMain] [] o.s.b.d.a.OptionalLiveReloadServer - LiveReload server is running on port 35729
2025-10-21 18:04:17.202 INFO  [restartedMain] [] o.a.coyote.http11.Http11NioProtocol - Starting ProtocolHandler ["http-nio-8081"]
2025-10-21 18:04:17.217 INFO  [restartedMain] [] o.s.b.w.e.tomcat.TomcatWebServer - Tomcat started on port 8081 (http) with context path '/admin'
2025-10-21 18:04:17.233 INFO  [restartedMain] [] c.b.i.Ict05FinalAdminApplication - Started Ict05FinalAdminApplication in 5.227 seconds (process running for 5.52)
2025-10-21 18:04:23.863 INFO  [http-nio-8081-exec-1] [] o.a.c.c.C.[.[localhost].[/admin] - Initializing Spring DispatcherServlet 'dispatcherServlet'
2025-10-21 18:04:23.863 INFO  [http-nio-8081-exec-1] [] o.s.web.servlet.DispatcherServlet - Initializing Servlet 'dispatcherServlet'
2025-10-21 18:04:23.863 INFO  [http-nio-8081-exec-1] [] o.s.web.servlet.DispatcherServlet - Completed initialization in 0 ms
2025-10-21 18:04:44.723 ERROR [http-nio-8081-exec-4] [d5c90f80] c.b.i.c.error.GlobalExceptionHandler - [COMMON-500] [WEB][rid=d5c90f80][POST /admin/API/notice/write] 예상치 못한 오류
2025-10-21 18:04:44.723 WARN  [http-nio-8081-exec-4] [d5c90f80] o.s.w.s.m.m.a.ExceptionHandlerExceptionResolver - Resolved [java.lang.RuntimeException: 테스트용 강제 예외]
2025-10-21 18:04:45.881 ERROR [http-nio-8081-exec-10] [189f3d7b] c.b.i.c.error.GlobalExceptionHandler - [COMMON-500] [WEB][rid=189f3d7b][POST /admin/API/notice/write] 예상치 못한 오류
2025-10-21 18:04:45.882 WARN  [http-nio-8081-exec-10] [189f3d7b] o.s.w.s.m.m.a.ExceptionHandlerExceptionResolver - Resolved [java.lang.RuntimeException: 테스트용 강제 예외]
2025-10-21 18:04:46.206 ERROR [http-nio-8081-exec-9] [cf807f61] c.b.i.c.error.GlobalExceptionHandler - [COMMON-500] [WEB][rid=cf807f61][POST /admin/API/notice/write] 예상치 못한 오류
2025-10-21 18:04:46.206 WARN  [http-nio-8081-exec-9] [cf807f61] o.s.w.s.m.m.a.ExceptionHandlerExceptionResolver - Resolved [java.lang.RuntimeException: 테스트용 강제 예외]
2025-10-21 18:04:46.508 ERROR [http-nio-8081-exec-8] [b8d9428e] c.b.i.c.error.GlobalExceptionHandler - [COMMON-500] [WEB][rid=b8d9428e][POST /admin/API/notice/write] 예상치 못한 오류
2025-10-21 18:04:46.508 WARN  [http-nio-8081-exec-8] [b8d9428e] o.s.w.s.m.m.a.ExceptionHandlerExceptionResolver - Resolved [java.lang.RuntimeException: 테스트용 강제 예외]
2025-10-21 18:04:46.803 ERROR [http-nio-8081-exec-1] [49ac0d0b] c.b.i.c.error.GlobalExceptionHandler - [COMMON-500] [WEB][rid=49ac0d0b][POST /admin/API/notice/write] 예상치 못한 오류
2025-10-21 18:04:46.803 WARN  [http-nio-8081-exec-1] [49ac0d0b] o.s.w.s.m.m.a.ExceptionHandlerExceptionResolver - Resolved [java.lang.RuntimeException: 테스트용 강제 예외]
2025-10-21 18:04:47.066 ERROR [http-nio-8081-exec-7] [72c100dd] c.b.i.c.error.GlobalExceptionHandler - [COMMON-500] [WEB][rid=72c100dd][POST /admin/API/notice/write] 예상치 못한 오류
2025-10-21 18:04:47.067 WARN  [http-nio-8081-exec-7] [72c100dd] o.s.w.s.m.m.a.ExceptionHandlerExceptionResolver - Resolved [java.lang.RuntimeException: 테스트용 강제 예외]
2025-10-21 18:04:58.918 ERROR [http-nio-8081-exec-5] [cdafd9eb] c.b.i.c.error.GlobalExceptionHandler - [COMMON-500] [WEB][rid=cdafd9eb][POST /admin/API/notice/write] 예상치 못한 오류
2025-10-21 18:04:58.919 WARN  [http-nio-8081-exec-5] [cdafd9eb] o.s.w.s.m.m.a.ExceptionHandlerExceptionResolver - Resolved [java.lang.RuntimeException: 테스트용 강제 예외]
2025-10-21 18:04:59.552 ERROR [http-nio-8081-exec-4] [698435a3] c.b.i.c.error.GlobalExceptionHandler - [COMMON-500] [WEB][rid=698435a3][POST /admin/API/notice/write] 예상치 못한 오류
2025-10-21 18:04:59.552 WARN  [http-nio-8081-exec-4] [698435a3] o.s.w.s.m.m.a.ExceptionHandlerExceptionResolver - Resolved [java.lang.RuntimeException: 테스트용 강제 예외]
2025-10-21 18:05:00.002 ERROR [http-nio-8081-exec-10] [d75aef65] c.b.i.c.error.GlobalExceptionHandler - [COMMON-500] [WEB][rid=d75aef65][POST /admin/API/notice/write] 예상치 못한 오류
2025-10-21 18:05:00.002 WARN  [http-nio-8081-exec-10] [d75aef65] o.s.w.s.m.m.a.ExceptionHandlerExceptionResolver - Resolved [java.lang.RuntimeException: 테스트용 강제 예외]
2025-10-21 18:05:00.572 ERROR [http-nio-8081-exec-9] [90cf3198] c.b.i.c.error.GlobalExceptionHandler - [COMMON-500] [WEB][rid=90cf3198][POST /admin/API/notice/write] 예상치 못한 오류
2025-10-21 18:05:00.572 WARN  [http-nio-8081-exec-9] [90cf3198] o.s.w.s.m.m.a.ExceptionHandlerExceptionResolver - Resolved [java.lang.RuntimeException: 테스트용 강제 예외]
2025-10-21 18:05:01.302 ERROR [http-nio-8081-exec-8] [9c4484a8] c.b.i.c.error.GlobalExceptionHandler - [COMMON-500] [WEB][rid=9c4484a8][POST /admin/API/notice/write] 예상치 못한 오류
2025-10-21 18:05:01.302 WARN  [http-nio-8081-exec-8] [9c4484a8] o.s.w.s.m.m.a.ExceptionHandlerExceptionResolver - Resolved [java.lang.RuntimeException: 테스트용 강제 예외]
2025-10-21 18:05:01.908 ERROR [http-nio-8081-exec-1] [c43b686c] c.b.i.c.error.GlobalExceptionHandler - [COMMON-500] [WEB][rid=c43b686c][POST /admin/API/notice/write] 예상치 못한 오류
2025-10-21 18:05:01.908 WARN  [http-nio-8081-exec-1] [c43b686c] o.s.w.s.m.m.a.ExceptionHandlerExceptionResolver - Resolved [java.lang.RuntimeException: 테스트용 강제 예외]
2025-10-21 18:05:02.378 ERROR [http-nio-8081-exec-7] [448c1f18] c.b.i.c.error.GlobalExceptionHandler - [COMMON-500] [WEB][rid=448c1f18][POST /admin/API/notice/write] 예상치 못한 오류
2025-10-21 18:05:02.378 WARN  [http-nio-8081-exec-7] [448c1f18] o.s.w.s.m.m.a.ExceptionHandlerExceptionResolver - Resolved [java.lang.RuntimeException: 테스트용 강제 예외]
2025-10-21 18:05:02.911 ERROR [http-nio-8081-exec-3] [0d96a126] c.b.i.c.error.GlobalExceptionHandler - [COMMON-500] [WEB][rid=0d96a126][POST /admin/API/notice/write] 예상치 못한 오류
2025-10-21 18:05:02.912 WARN  [http-nio-8081-exec-3] [0d96a126] o.s.w.s.m.m.a.ExceptionHandlerExceptionResolver - Resolved [java.lang.RuntimeException: 테스트용 강제 예외]
2025-10-21 18:05:03.432 ERROR [http-nio-8081-exec-6] [d2255b6a] c.b.i.c.error.GlobalExceptionHandler - [COMMON-500] [WEB][rid=d2255b6a][POST /admin/API/notice/write] 예상치 못한 오류
2025-10-21 18:05:03.432 WARN  [http-nio-8081-exec-6] [d2255b6a] o.s.w.s.m.m.a.ExceptionHandlerExceptionResolver - Resolved [java.lang.RuntimeException: 테스트용 강제 예외]
2025-10-21 18:05:03.952 ERROR [http-nio-8081-exec-2] [ec62cfa6] c.b.i.c.error.GlobalExceptionHandler - [COMMON-500] [WEB][rid=ec62cfa6][POST /admin/API/notice/write] 예상치 못한 오류
2025-10-21 18:05:03.952 WARN  [http-nio-8081-exec-2] [ec62cfa6] o.s.w.s.m.m.a.ExceptionHandlerExceptionResolver - Resolved [java.lang.RuntimeException: 테스트용 강제 예외]
2025-10-21 18:05:04.408 ERROR [http-nio-8081-exec-5] [6504cf41] c.b.i.c.error.GlobalExceptionHandler - [COMMON-500] [WEB][rid=6504cf41][POST /admin/API/notice/write] 예상치 못한 오류
2025-10-21 18:05:04.409 WARN  [http-nio-8081-exec-5] [6504cf41] o.s.w.s.m.m.a.ExceptionHandlerExceptionResolver - Resolved [java.lang.RuntimeException: 테스트용 강제 예외]
2025-10-21 18:05:04.872 ERROR [http-nio-8081-exec-4] [a81879b6] c.b.i.c.error.GlobalExceptionHandler - [COMMON-500] [WEB][rid=a81879b6][POST /admin/API/notice/write] 예상치 못한 오류
2025-10-21 18:05:04.872 WARN  [http-nio-8081-exec-4] [a81879b6] o.s.w.s.m.m.a.ExceptionHandlerExceptionResolver - Resolved [java.lang.RuntimeException: 테스트용 강제 예외]
2025-10-21 18:05:40.826 ERROR [http-nio-8081-exec-10] [fdef98de] c.b.i.c.error.GlobalExceptionHandler - [COMMON-500] [WEB][rid=fdef98de][POST /admin/API/notice/write] 예상치 못한 오류
2025-10-21 18:05:40.827 WARN  [http-nio-8081-exec-10] [fdef98de] o.s.w.s.m.m.a.ExceptionHandlerExceptionResolver - Resolved [java.lang.RuntimeException: 테스트용 강제 예외]
2025-10-21 18:05:41.387 ERROR [http-nio-8081-exec-9] [eac2976d] c.b.i.c.error.GlobalExceptionHandler - [COMMON-500] [WEB][rid=eac2976d][POST /admin/API/notice/write] 예상치 못한 오류
2025-10-21 18:05:41.387 WARN  [http-nio-8081-exec-9] [eac2976d] o.s.w.s.m.m.a.ExceptionHandlerExceptionResolver - Resolved [java.lang.RuntimeException: 테스트용 강제 예외]
2025-10-21 18:05:41.595 ERROR [http-nio-8081-exec-8] [61a25bbb] c.b.i.c.error.GlobalExceptionHandler - [COMMON-500] [WEB][rid=61a25bbb][POST /admin/API/notice/write] 예상치 못한 오류
2025-10-21 18:05:41.595 WARN  [http-nio-8081-exec-8] [61a25bbb] o.s.w.s.m.m.a.ExceptionHandlerExceptionResolver - Resolved [java.lang.RuntimeException: 테스트용 강제 예외]
2025-10-21 18:05:41.783 ERROR [http-nio-8081-exec-1] [cdabdee7] c.b.i.c.error.GlobalExceptionHandler - [COMMON-500] [WEB][rid=cdabdee7][POST /admin/API/notice/write] 예상치 못한 오류
2025-10-21 18:05:41.783 WARN  [http-nio-8081-exec-1] [cdabdee7] o.s.w.s.m.m.a.ExceptionHandlerExceptionResolver - Resolved [java.lang.RuntimeException: 테스트용 강제 예외]
2025-10-21 18:05:41.971 ERROR [http-nio-8081-exec-7] [c4e3beb2] c.b.i.c.error.GlobalExceptionHandler - [COMMON-500] [WEB][rid=c4e3beb2][POST /admin/API/notice/write] 예상치 못한 오류
2025-10-21 18:05:41.971 WARN  [http-nio-8081-exec-7] [c4e3beb2] o.s.w.s.m.m.a.ExceptionHandlerExceptionResolver - Resolved [java.lang.RuntimeException: 테스트용 강제 예외]
2025-10-21 18:05:42.170 ERROR [http-nio-8081-exec-3] [ddcba79c] c.b.i.c.error.GlobalExceptionHandler - [COMMON-500] [WEB][rid=ddcba79c][POST /admin/API/notice/write] 예상치 못한 오류
2025-10-21 18:05:42.170 WARN  [http-nio-8081-exec-3] [ddcba79c] o.s.w.s.m.m.a.ExceptionHandlerExceptionResolver - Resolved [java.lang.RuntimeException: 테스트용 강제 예외]
2025-10-21 18:05:42.347 ERROR [http-nio-8081-exec-6] [f9bf8089] c.b.i.c.error.GlobalExceptionHandler - [COMMON-500] [WEB][rid=f9bf8089][POST /admin/API/notice/write] 예상치 못한 오류
2025-10-21 18:05:42.347 WARN  [http-nio-8081-exec-6] [f9bf8089] o.s.w.s.m.m.a.ExceptionHandlerExceptionResolver - Resolved [java.lang.RuntimeException: 테스트용 강제 예외]
2025-10-21 18:06:52.715 ERROR [http-nio-8081-exec-8] [106099d3] c.b.i.c.error.GlobalExceptionHandler - [COMMON-500] [WEB][rid=106099d3][POST /admin/API/notice/write] 예상치 못한 오류
2025-10-21 18:06:52.716 WARN  [http-nio-8081-exec-8] [106099d3] o.s.w.s.m.m.a.ExceptionHandlerExceptionResolver - Resolved [java.lang.RuntimeException: 테스트용 강제 예외]
2025-10-21 18:06:53.836 ERROR [http-nio-8081-exec-6] [6c09d53f] c.b.i.c.error.GlobalExceptionHandler - [COMMON-500] [WEB][rid=6c09d53f][POST /admin/API/notice/write] 예상치 못한 오류
2025-10-21 18:06:53.836 WARN  [http-nio-8081-exec-6] [6c09d53f] o.s.w.s.m.m.a.ExceptionHandlerExceptionResolver - Resolved [java.lang.RuntimeException: 테스트용 강제 예외]
2025-10-21 18:09:07.876 INFO  [background-preinit] [] o.h.validator.internal.util.Version - HV000001: Hibernate Validator 8.0.3.Final
2025-10-21 18:09:07.944 INFO  [restartedMain] [] c.b.i.Ict05FinalAdminApplication - Starting Ict05FinalAdminApplication using Java 17.0.12 with PID 18344 (D:\DEV05\workspace_IntelliJ\ict05_final_project\ict05_final_admin\build\classes\java\main started by ict1 in D:\DEV05\workspace_IntelliJ\ict05_final_project\ict05_final_admin)
2025-10-21 18:09:07.944 DEBUG [restartedMain] [] c.b.i.Ict05FinalAdminApplication - Running with Spring Boot v3.5.6, Spring v6.2.11
2025-10-21 18:09:07.946 INFO  [restartedMain] [] c.b.i.Ict05FinalAdminApplication - The following 1 profile is active: "dev"
2025-10-21 18:09:07.966 INFO  [restartedMain] [] o.s.b.d.e.DevToolsPropertyDefaultsPostProcessor - Devtools property defaults active! Set 'spring.devtools.add-properties' to 'false' to disable
2025-10-21 18:09:07.966 INFO  [restartedMain] [] o.s.b.d.e.DevToolsPropertyDefaultsPostProcessor - For additional web related logging consider setting the 'logging.level.web' property to 'DEBUG'
2025-10-21 18:09:08.633 INFO  [restartedMain] [] o.s.d.r.c.RepositoryConfigurationDelegate - Bootstrapping Spring Data JPA repositories in DEFAULT mode.
2025-10-21 18:09:08.711 INFO  [restartedMain] [] o.s.d.r.c.RepositoryConfigurationDelegate - Finished Spring Data repository scanning in 65 ms. Found 9 JPA repository interfaces.
2025-10-21 18:09:09.311 INFO  [restartedMain] [] o.s.b.w.e.tomcat.TomcatWebServer - Tomcat initialized with port 8081 (http)
2025-10-21 18:09:09.327 INFO  [restartedMain] [] o.a.coyote.http11.Http11NioProtocol - Initializing ProtocolHandler ["http-nio-8081"]
2025-10-21 18:09:09.331 INFO  [restartedMain] [] o.a.catalina.core.StandardService - Starting service [Tomcat]
2025-10-21 18:09:09.331 INFO  [restartedMain] [] o.a.catalina.core.StandardEngine - Starting Servlet engine: [Apache Tomcat/10.1.46]
2025-10-21 18:09:09.399 INFO  [restartedMain] [] o.a.c.c.C.[.[localhost].[/admin] - Initializing Spring embedded WebApplicationContext
2025-10-21 18:09:09.399 INFO  [restartedMain] [] o.s.b.w.s.c.ServletWebServerApplicationContext - Root WebApplicationContext: initialization completed in 1433 ms
2025-10-21 18:09:09.645 INFO  [restartedMain] [] o.h.jpa.internal.util.LogHelper - HHH000204: Processing PersistenceUnitInfo [name: default]
2025-10-21 18:09:09.705 INFO  [restartedMain] [] org.hibernate.Version - HHH000412: Hibernate ORM core version 6.6.29.Final
2025-10-21 18:09:09.736 INFO  [restartedMain] [] o.h.c.i.RegionFactoryInitiator - HHH000026: Second-level cache disabled
2025-10-21 18:09:10.020 INFO  [restartedMain] [] o.s.o.j.p.SpringPersistenceUnitInfo - No LoadTimeWeaver setup: ignoring JPA class transformer
2025-10-21 18:09:10.072 INFO  [restartedMain] [] com.zaxxer.hikari.HikariDataSource - HikariPool-1 - Starting...
2025-10-21 18:09:10.204 INFO  [restartedMain] [] com.zaxxer.hikari.pool.HikariPool - HikariPool-1 - Added connection com.p6spy.engine.wrapper.ConnectionWrapper@6a914027
2025-10-21 18:09:10.208 INFO  [restartedMain] [] com.zaxxer.hikari.HikariDataSource - HikariPool-1 - Start completed.
2025-10-21 18:09:10.224 WARN  [restartedMain] [] org.hibernate.orm.deprecation - HHH90000025: MariaDBDialect does not need to be specified explicitly using 'hibernate.dialect' (remove the property setting and it will be selected by default)
2025-10-21 18:09:10.240 INFO  [restartedMain] [] o.hibernate.orm.connections.pooling - HHH10001005: Database info:
	Database JDBC URL [Connecting through datasource 'HikariDataSource (HikariPool-1)']
	Database driver: undefined/unknown
	Database version: 10.5.12
	Autocommit mode: undefined/unknown
	Isolation level: undefined/unknown
	Minimum pool size: undefined/unknown
	Maximum pool size: undefined/unknown
2025-10-21 18:09:10.879 INFO  [restartedMain] [] o.h.e.t.j.p.i.JtaPlatformInitiator - HHH000489: No JTA platform available (set 'hibernate.transaction.jta.platform' to enable JTA platform integration)
2025-10-21 18:09:11.125 INFO  [restartedMain] [] o.s.o.j.LocalContainerEntityManagerFactoryBean - Initialized JPA EntityManagerFactory for persistence unit 'default'
2025-10-21 18:09:11.331 INFO  [restartedMain] [] o.s.d.j.r.query.QueryEnhancerFactory - Hibernate is in classpath; If applicable, HQL parser will be used.
2025-10-21 18:09:12.203 WARN  [restartedMain] [] o.s.b.a.o.j.JpaBaseConfiguration$JpaWebConfiguration - spring.jpa.open-in-view is enabled by default. Therefore, database queries may be performed during view rendering. Explicitly configure spring.jpa.open-in-view to disable this warning
2025-10-21 18:09:12.247 INFO  [restartedMain] [] o.s.b.a.w.s.WelcomePageHandlerMapping - Adding welcome page template: index
2025-10-21 18:09:12.972 INFO  [restartedMain] [] o.s.b.d.a.OptionalLiveReloadServer - LiveReload server is running on port 35729
2025-10-21 18:09:12.982 INFO  [restartedMain] [] o.a.coyote.http11.Http11NioProtocol - Starting ProtocolHandler ["http-nio-8081"]
2025-10-21 18:09:12.994 INFO  [restartedMain] [] o.s.b.w.e.tomcat.TomcatWebServer - Tomcat started on port 8081 (http) with context path '/admin'
2025-10-21 18:09:13.003 INFO  [restartedMain] [] c.b.i.Ict05FinalAdminApplication - Started Ict05FinalAdminApplication in 5.449 seconds (process running for 5.719)
